track_id,track_name,album_id,genre_id,duration_ms,popularity
4,Call You Mine - Keanu Silva Remix,5,1,169093,60
15,Summer Days (feat. Macklemore & Patrick Stump of Fall Out Boy) - Tiësto Remix,16,1,255238,63
25,Do You Mean (feat. Ty Dolla $ign & bülow) - Myon Remix,26,1,205093,58
38,Side Effects - Fedde Le Grand Remix,39,1,172360,63
73,Call You Mine,72,1,217653,39
74,Call You Mine,521,1,217653,39
84,Takeaway (feat. Lennon Stella),81,1,209893,67
129,No Sleep (feat. Bonn),110,1,207095,76
153,Home (feat. Bonn),127,1,239067,72
173,Closer (feat. Halsey),135,1,244960,85
179,Scared to Be Lonely,139,1,220883,81
190,Something Just Like This,146,1,247160,83
193,Heroes (we could be),498,1,210013,73
195,Heroes (we could be),6257,1,210013,73
199,Heroes (we could be),16604,1,210013,73
208,Roses,152,1,226739,73
252,Call You Mine - Asketa & Natan Chaim Remix,5,1,183653,58
286,Used To Love (with Dean Lewis),198,1,236765,83
342,These Are The Times (feat. JRM),233,1,188656,71
419,Summer Days (feat. Macklemore & Patrick Stump of Fall Out Boy),292,1,163805,83
474,High On Life (feat. Bonn),326,1,230762,77
478,Burn Out (feat. Dewain Whitmore),330,1,200322,68
487,Glitch,337,1,185161,56
532,In the Name of Love,362,1,195707,80
682,Somebody,488,1,223147,13
683,Somebody,2164,1,223147,13
684,Somebody,16193,1,223147,13
693,Something Just Like This - Alesso Remix,492,1,252933,56
702,Forever,498,1,218437,62
704,Forever,6257,1,218437,62
708,Forever,16604,1,218437,62
714,Don't Let Me Down - Illenium Remix,501,1,218933,64
715,Don't Let Me Down - Illenium Remix,19749,1,218933,64
737,Lions in the Wild,513,1,211890,2
742,Now That I've Found You,517,1,192632,57
746,Family,72,1,194827,85
747,Family,521,1,194827,85
749,Push My Luck,523,1,181844,66
765,Do You Mean (feat. Ty Dolla $ign & bülow),538,1,193176,17
774,Kills You Slowly,545,1,213333,12
782,Mistaken (feat. Alex Aris),549,1,282481,68
804,Paris,565,1,221520,75
841,Who Do You Love,584,1,226747,23
1037,All I Want For Christmas Is You,686,1,242347,18
1094,Barbie Girl,741,1,195040,5
1096,Barbie Girl,2850,1,195040,5
1098,Barbie Girl,5530,1,195040,5
1099,Barbie Girl,5535,1,195040,5
1100,Barbie Girl,5630,1,195040,5
1101,Barbie Girl,5633,1,195040,5
1104,Barbie Girl,6183,1,195040,5
1105,Barbie Girl,6234,1,195040,5
1106,Barbie Girl,6555,1,195040,5
1107,Barbie Girl,6830,1,195040,5
1108,Barbie Girl,6872,1,195040,5
1109,Barbie Girl,8442,1,195040,5
1110,Barbie Girl,8676,1,195040,5
1111,Barbie Girl,8778,1,195040,5
1112,Barbie Girl,9048,1,195040,5
1113,Barbie Girl,9072,1,195040,5
1114,Barbie Girl,9120,1,195040,5
1115,Barbie Girl,9175,1,195040,5
1117,Barbie Girl,9283,1,195040,5
1118,Barbie Girl,9458,1,195040,5
1119,Barbie Girl,9465,1,195040,5
1120,Barbie Girl,9505,1,195040,5
1121,Barbie Girl,9507,1,195040,5
1122,Barbie Girl,9519,1,195040,5
1123,Barbie Girl,9643,1,195040,5
1124,Barbie Girl,9669,1,195040,5
1125,Barbie Girl,9689,1,195040,5
1126,Barbie Girl,9692,1,195040,5
1127,Barbie Girl,9806,1,195040,5
1129,Barbie Girl,10372,1,195040,5
1131,Barbie Girl,10544,1,195040,5
1132,Barbie Girl,10928,1,195040,5
1133,Barbie Girl,11131,1,195040,5
1134,Barbie Girl,11327,1,195040,5
1135,Barbie Girl,11333,1,195040,5
1136,Barbie Girl,11339,1,195040,5
1137,Barbie Girl,11387,1,195040,5
1138,Barbie Girl,11404,1,195040,5
1139,Barbie Girl,12845,1,195040,5
1140,Barbie Girl,12897,1,195040,5
1141,Barbie Girl,12903,1,195040,5
1143,Barbie Girl,14029,1,195040,5
1145,Barbie Girl,15128,1,195040,5
1146,Barbie Girl,16344,1,195040,5
1147,Barbie Girl,16536,1,195040,5
1148,Barbie Girl,16537,1,195040,5
1149,Barbie Girl,16624,1,195040,5
1150,Barbie Girl,16641,1,195040,5
1151,Barbie Girl,16664,1,195040,5
1152,Barbie Girl,16793,1,195040,5
1168,All That She Wants - Remastered,736,1,211213,16
1177,The Sign,741,1,189787,55
1179,The Sign,2850,1,189787,55
1181,The Sign,5530,1,189787,55
1182,The Sign,5535,1,189787,55
1183,The Sign,5630,1,189787,55
1184,The Sign,5633,1,189787,55
1187,The Sign,6183,1,189787,55
1188,The Sign,6234,1,189787,55
1189,The Sign,6555,1,189787,55
1190,The Sign,6830,1,189787,55
1191,The Sign,6872,1,189787,55
1192,The Sign,8442,1,189787,55
1193,The Sign,8676,1,189787,55
1194,The Sign,8778,1,189787,55
1195,The Sign,9048,1,189787,55
1196,The Sign,9072,1,189787,55
1197,The Sign,9120,1,189787,55
1198,The Sign,9175,1,189787,55
1200,The Sign,9283,1,189787,55
1201,The Sign,9458,1,189787,55
1202,The Sign,9465,1,189787,55
1203,The Sign,9505,1,189787,55
1204,The Sign,9507,1,189787,55
1205,The Sign,9519,1,189787,55
1206,The Sign,9643,1,189787,55
1207,The Sign,9669,1,189787,55
1208,The Sign,9689,1,189787,55
1209,The Sign,9692,1,189787,55
1210,The Sign,9806,1,189787,55
1212,The Sign,10372,1,189787,55
1214,The Sign,10544,1,189787,55
1215,The Sign,10928,1,189787,55
1216,The Sign,11131,1,189787,55
1217,The Sign,11327,1,189787,55
1218,The Sign,11333,1,189787,55
1219,The Sign,11339,1,189787,55
1220,The Sign,11387,1,189787,55
1221,The Sign,11404,1,189787,55
1222,The Sign,12845,1,189787,55
1223,The Sign,12897,1,189787,55
1224,The Sign,12903,1,189787,55
1226,The Sign,14029,1,189787,55
1228,The Sign,15128,1,189787,55
1229,The Sign,16344,1,189787,55
1230,The Sign,16536,1,189787,55
1231,The Sign,16537,1,189787,55
1232,The Sign,16624,1,189787,55
1233,The Sign,16641,1,189787,55
1234,The Sign,16664,1,189787,55
1235,The Sign,16793,1,189787,55
1243,Lollipop (Candyman),741,1,215053,0
1245,Lollipop (Candyman),2850,1,215053,0
1247,Lollipop (Candyman),5530,1,215053,0
1248,Lollipop (Candyman),5535,1,215053,0
1249,Lollipop (Candyman),5630,1,215053,0
1250,Lollipop (Candyman),5633,1,215053,0
1253,Lollipop (Candyman),6183,1,215053,0
1254,Lollipop (Candyman),6234,1,215053,0
1255,Lollipop (Candyman),6555,1,215053,0
1256,Lollipop (Candyman),6830,1,215053,0
1257,Lollipop (Candyman),6872,1,215053,0
1258,Lollipop (Candyman),8442,1,215053,0
1259,Lollipop (Candyman),8676,1,215053,0
1260,Lollipop (Candyman),8778,1,215053,0
1261,Lollipop (Candyman),9048,1,215053,0
1262,Lollipop (Candyman),9072,1,215053,0
1263,Lollipop (Candyman),9120,1,215053,0
1264,Lollipop (Candyman),9175,1,215053,0
1266,Lollipop (Candyman),9283,1,215053,0
1267,Lollipop (Candyman),9458,1,215053,0
1268,Lollipop (Candyman),9465,1,215053,0
1269,Lollipop (Candyman),9505,1,215053,0
1270,Lollipop (Candyman),9507,1,215053,0
1271,Lollipop (Candyman),9519,1,215053,0
1272,Lollipop (Candyman),9643,1,215053,0
1273,Lollipop (Candyman),9669,1,215053,0
1274,Lollipop (Candyman),9689,1,215053,0
1275,Lollipop (Candyman),9692,1,215053,0
1276,Lollipop (Candyman),9806,1,215053,0
1278,Lollipop (Candyman),10372,1,215053,0
1280,Lollipop (Candyman),10544,1,215053,0
1281,Lollipop (Candyman),10928,1,215053,0
1282,Lollipop (Candyman),11131,1,215053,0
1283,Lollipop (Candyman),11327,1,215053,0
1284,Lollipop (Candyman),11333,1,215053,0
1285,Lollipop (Candyman),11339,1,215053,0
1286,Lollipop (Candyman),11387,1,215053,0
1287,Lollipop (Candyman),11404,1,215053,0
1288,Lollipop (Candyman),12845,1,215053,0
1289,Lollipop (Candyman),12897,1,215053,0
1290,Lollipop (Candyman),12903,1,215053,0
1292,Lollipop (Candyman),14029,1,215053,0
1294,Lollipop (Candyman),15128,1,215053,0
1295,Lollipop (Candyman),16344,1,215053,0
1296,Lollipop (Candyman),16536,1,215053,0
1297,Lollipop (Candyman),16537,1,215053,0
1298,Lollipop (Candyman),16624,1,215053,0
1299,Lollipop (Candyman),16641,1,215053,0
1300,Lollipop (Candyman),16664,1,215053,0
1301,Lollipop (Candyman),16793,1,215053,0
1325,Sweet Dreams,741,1,204587,62
1327,Sweet Dreams,2850,1,204587,62
1329,Sweet Dreams,5530,1,204587,62
1330,Sweet Dreams,5535,1,204587,62
1331,Sweet Dreams,5630,1,204587,62
1332,Sweet Dreams,5633,1,204587,62
1335,Sweet Dreams,6183,1,204587,62
1336,Sweet Dreams,6234,1,204587,62
1337,Sweet Dreams,6555,1,204587,62
1338,Sweet Dreams,6830,1,204587,62
1339,Sweet Dreams,6872,1,204587,62
1340,Sweet Dreams,8442,1,204587,62
1341,Sweet Dreams,8676,1,204587,62
1342,Sweet Dreams,8778,1,204587,62
1343,Sweet Dreams,9048,1,204587,62
1344,Sweet Dreams,9072,1,204587,62
1345,Sweet Dreams,9120,1,204587,62
1346,Sweet Dreams,9175,1,204587,62
1348,Sweet Dreams,9283,1,204587,62
1349,Sweet Dreams,9458,1,204587,62
1350,Sweet Dreams,9465,1,204587,62
1351,Sweet Dreams,9505,1,204587,62
1352,Sweet Dreams,9507,1,204587,62
1353,Sweet Dreams,9519,1,204587,62
1354,Sweet Dreams,9643,1,204587,62
1355,Sweet Dreams,9669,1,204587,62
1356,Sweet Dreams,9689,1,204587,62
1357,Sweet Dreams,9692,1,204587,62
1358,Sweet Dreams,9806,1,204587,62
1360,Sweet Dreams,10372,1,204587,62
1362,Sweet Dreams,10544,1,204587,62
1363,Sweet Dreams,10928,1,204587,62
1364,Sweet Dreams,11131,1,204587,62
1365,Sweet Dreams,11327,1,204587,62
1366,Sweet Dreams,11333,1,204587,62
1367,Sweet Dreams,11339,1,204587,62
1368,Sweet Dreams,11387,1,204587,62
1369,Sweet Dreams,11404,1,204587,62
1370,Sweet Dreams,12845,1,204587,62
1371,Sweet Dreams,12897,1,204587,62
1372,Sweet Dreams,12903,1,204587,62
1374,Sweet Dreams,14029,1,204587,62
1376,Sweet Dreams,15128,1,204587,62
1377,Sweet Dreams,16344,1,204587,62
1378,Sweet Dreams,16536,1,204587,62
1379,Sweet Dreams,16537,1,204587,62
1380,Sweet Dreams,16624,1,204587,62
1381,Sweet Dreams,16641,1,204587,62
1382,Sweet Dreams,16664,1,204587,62
1383,Sweet Dreams,16793,1,204587,62
1393,Beautiful Life,767,1,219307,4
1408,Around The World,741,1,209120,0
1410,Around The World,2850,1,209120,0
1412,Around The World,5530,1,209120,0
1413,Around The World,5535,1,209120,0
1414,Around The World,5630,1,209120,0
1415,Around The World,5633,1,209120,0
1418,Around The World,6183,1,209120,0
1419,Around The World,6234,1,209120,0
1420,Around The World,6555,1,209120,0
1421,Around The World,6830,1,209120,0
1422,Around The World,6872,1,209120,0
1423,Around The World,8442,1,209120,0
1424,Around The World,8676,1,209120,0
1425,Around The World,8778,1,209120,0
1426,Around The World,9048,1,209120,0
1427,Around The World,9072,1,209120,0
1428,Around The World,9120,1,209120,0
1429,Around The World,9175,1,209120,0
1431,Around The World,9283,1,209120,0
1432,Around The World,9458,1,209120,0
1433,Around The World,9465,1,209120,0
1434,Around The World,9505,1,209120,0
1435,Around The World,9507,1,209120,0
1436,Around The World,9519,1,209120,0
1437,Around The World,9643,1,209120,0
1438,Around The World,9669,1,209120,0
1439,Around The World,9689,1,209120,0
1440,Around The World,9692,1,209120,0
1441,Around The World,9806,1,209120,0
1443,Around The World,10372,1,209120,0
1445,Around The World,10544,1,209120,0
1446,Around The World,10928,1,209120,0
1447,Around The World,11131,1,209120,0
1448,Around The World,11327,1,209120,0
1449,Around The World,11333,1,209120,0
1450,Around The World,11339,1,209120,0
1451,Around The World,11387,1,209120,0
1452,Around The World,11404,1,209120,0
1453,Around The World,12845,1,209120,0
1454,Around The World,12897,1,209120,0
1455,Around The World,12903,1,209120,0
1457,Around The World,14029,1,209120,0
1459,Around The World,15128,1,209120,0
1460,Around The World,16344,1,209120,0
1461,Around The World,16536,1,209120,0
1462,Around The World,16537,1,209120,0
1463,Around The World,16624,1,209120,0
1464,Around The World,16641,1,209120,0
1465,Around The World,16664,1,209120,0
1466,Around The World,16793,1,209120,0
1480,Roses Are Red - Original Version,741,1,222747,2
1482,Roses Are Red - Original Version,2850,1,222747,2
1484,Roses Are Red - Original Version,5530,1,222747,2
1485,Roses Are Red - Original Version,5535,1,222747,2
1486,Roses Are Red - Original Version,5630,1,222747,2
1487,Roses Are Red - Original Version,5633,1,222747,2
1490,Roses Are Red - Original Version,6183,1,222747,2
1491,Roses Are Red - Original Version,6234,1,222747,2
1492,Roses Are Red - Original Version,6555,1,222747,2
1493,Roses Are Red - Original Version,6830,1,222747,2
1494,Roses Are Red - Original Version,6872,1,222747,2
1495,Roses Are Red - Original Version,8442,1,222747,2
1496,Roses Are Red - Original Version,8676,1,222747,2
1497,Roses Are Red - Original Version,8778,1,222747,2
1498,Roses Are Red - Original Version,9048,1,222747,2
1499,Roses Are Red - Original Version,9072,1,222747,2
1500,Roses Are Red - Original Version,9120,1,222747,2
1501,Roses Are Red - Original Version,9175,1,222747,2
1503,Roses Are Red - Original Version,9283,1,222747,2
1504,Roses Are Red - Original Version,9458,1,222747,2
1505,Roses Are Red - Original Version,9465,1,222747,2
1506,Roses Are Red - Original Version,9505,1,222747,2
1507,Roses Are Red - Original Version,9507,1,222747,2
1508,Roses Are Red - Original Version,9519,1,222747,2
1509,Roses Are Red - Original Version,9643,1,222747,2
1510,Roses Are Red - Original Version,9669,1,222747,2
1511,Roses Are Red - Original Version,9689,1,222747,2
1512,Roses Are Red - Original Version,9692,1,222747,2
1513,Roses Are Red - Original Version,9806,1,222747,2
1515,Roses Are Red - Original Version,10372,1,222747,2
1517,Roses Are Red - Original Version,10544,1,222747,2
1518,Roses Are Red - Original Version,10928,1,222747,2
1519,Roses Are Red - Original Version,11131,1,222747,2
1520,Roses Are Red - Original Version,11327,1,222747,2
1521,Roses Are Red - Original Version,11333,1,222747,2
1522,Roses Are Red - Original Version,11339,1,222747,2
1523,Roses Are Red - Original Version,11387,1,222747,2
1524,Roses Are Red - Original Version,11404,1,222747,2
1525,Roses Are Red - Original Version,12845,1,222747,2
1526,Roses Are Red - Original Version,12897,1,222747,2
1527,Roses Are Red - Original Version,12903,1,222747,2
1529,Roses Are Red - Original Version,14029,1,222747,2
1531,Roses Are Red - Original Version,15128,1,222747,2
1532,Roses Are Red - Original Version,16344,1,222747,2
1533,Roses Are Red - Original Version,16536,1,222747,2
1534,Roses Are Red - Original Version,16537,1,222747,2
1535,Roses Are Red - Original Version,16624,1,222747,2
1536,Roses Are Red - Original Version,16641,1,222747,2
1537,Roses Are Red - Original Version,16664,1,222747,2
1538,Roses Are Red - Original Version,16793,1,222747,2
1545,I Want You Back - Radio Edit,781,1,202107,54
2137,Something Just Like This,1170,1,247627,76
2158,Don't Let Me Down,1187,1,208373,81
2326,Takeaway (feat. Lennon Stella),81,1,209893,67
2374,No Sleep (feat. Bonn),110,1,207095,76
2380,Mistaken (feat. Alex Aris),549,1,282481,68
2399,High On Life (feat. Bonn),326,1,230762,77
2544,Gold,16406,1,193653,43
2547,Gold,16448,1,193653,43
2707,Takeaway,72,1,209880,85
2708,Takeaway,521,1,209880,85
2894,Closer (feat. Halsey),135,1,244960,85
3114,"You're Gonna Go Far, Kid",1642,1,177827,77
3203,Don't Stop Me Now - 2011 Mix,1704,1,209413,75
3214,Paradise City,1709,1,406307,16
3293,Push My Luck,523,1,181844,66
3454,Hotline Bling,1865,1,267187,0
3455,Hotline Bling,2386,1,267187,0
3468,Together - Extended Mix,18691,1,264011,11
3588,Poison,18660,1,202907,60
3958,Don't Let Me Down,1187,1,208373,81
3960,Closer (feat. Halsey),135,1,244960,85
3967,One Dance,1865,1,173987,20
3968,One Dance,2386,1,173987,20
3979,Something Just Like This,1170,1,247627,76
4044,Too Good,1865,1,263373,12
4045,Too Good,2386,1,263373,12
4077,Scared to Be Lonely,139,1,220883,81
4105,This Feeling (feat. Kelsea Ballerini),2151,1,199227,22
4132,High On Life (feat. Bonn),326,1,230762,77
4141,Hope,488,1,180120,74
4142,Hope,2164,1,180120,74
4143,Hope,16193,1,180120,74
4193,Who Do You Love,584,1,226747,23
4219,Best I Ever Had,2202,1,258760,72
4226,No Sleep (feat. Bonn),110,1,207095,76
4243,In the Name of Love,362,1,195707,80
4277,Roses,152,1,226739,73
4282,One Dance,2235,1,173975,12
4331,Hotline Bling,2247,1,267024,10
4416,Roses,2269,1,225813,63
4417,Something Just Like This,146,1,247160,83
4418,Closer,2270,1,245507,62
4509,All We Know,2293,1,194080,70
4519,So Far Away (feat. Jamie Scott & Romy Dya),2296,1,183637,72
4523,Ocean (feat. Khalid),2297,1,216420,76
4527,One Dance,1865,1,173987,83
4528,One Dance,2386,1,173987,83
4547,Do You Mean (feat. Ty Dolla $ign & bülow),538,1,193176,17
4599,There for You,2325,1,221904,74
4606,Together,2327,1,221274,61
4684,In My Feelings,2359,1,217925,83
4686,God's Plan,2359,1,198973,86
4737,One Dance,1865,1,173987,68
4738,One Dance,2386,1,173987,68
4741,Passionfruit,2387,1,298941,15
4751,Controlla,1865,1,245227,73
4752,Controlla,2386,1,245227,73
4808,All That She Wants - Remastered,736,1,211213,16
4809,The Sign,2406,1,191240,68
5063,Heroes (we could be),498,1,210013,73
5065,Heroes (we could be),6257,1,210013,73
5069,Heroes (we could be),16604,1,210013,73
5087,Forbidden Voices,2587,1,230635,64
5133,No Me Importa Nada,18708,1,222960,24
5272,Just Like Heaven,2718,1,212827,13
5285,Immaculate Fools,2729,1,270667,0
5289,Boys Don't Cry,2729,1,160413,0
5434,Radio Ga Ga,2841,1,349133,3
5437,Dancing in the Dark,2843,1,242533,9
5448,Free Fallin',741,1,255680,5
5450,Free Fallin',2850,1,255680,5
5452,Free Fallin',5530,1,255680,5
5453,Free Fallin',5535,1,255680,5
5454,Free Fallin',5630,1,255680,5
5455,Free Fallin',5633,1,255680,5
5458,Free Fallin',6183,1,255680,5
5459,Free Fallin',6234,1,255680,5
5460,Free Fallin',6555,1,255680,5
5461,Free Fallin',6830,1,255680,5
5462,Free Fallin',6872,1,255680,5
5463,Free Fallin',8442,1,255680,5
5464,Free Fallin',8676,1,255680,5
5465,Free Fallin',8778,1,255680,5
5466,Free Fallin',9048,1,255680,5
5467,Free Fallin',9072,1,255680,5
5468,Free Fallin',9120,1,255680,5
5469,Free Fallin',9175,1,255680,5
5471,Free Fallin',9283,1,255680,5
5472,Free Fallin',9458,1,255680,5
5473,Free Fallin',9465,1,255680,5
5474,Free Fallin',9505,1,255680,5
5475,Free Fallin',9507,1,255680,5
5476,Free Fallin',9519,1,255680,5
5477,Free Fallin',9643,1,255680,5
5478,Free Fallin',9669,1,255680,5
5479,Free Fallin',9689,1,255680,5
5480,Free Fallin',9692,1,255680,5
5481,Free Fallin',9806,1,255680,5
5483,Free Fallin',10372,1,255680,5
5485,Free Fallin',10544,1,255680,5
5486,Free Fallin',10928,1,255680,5
5487,Free Fallin',11131,1,255680,5
5488,Free Fallin',11327,1,255680,5
5489,Free Fallin',11333,1,255680,5
5490,Free Fallin',11339,1,255680,5
5491,Free Fallin',11387,1,255680,5
5492,Free Fallin',11404,1,255680,5
5493,Free Fallin',12845,1,255680,5
5494,Free Fallin',12897,1,255680,5
5495,Free Fallin',12903,1,255680,5
5497,Free Fallin',14029,1,255680,5
5499,Free Fallin',15128,1,255680,5
5500,Free Fallin',16344,1,255680,5
5501,Free Fallin',16536,1,255680,5
5502,Free Fallin',16537,1,255680,5
5503,Free Fallin',16624,1,255680,5
5504,Free Fallin',16641,1,255680,5
5505,Free Fallin',16664,1,255680,5
5506,Free Fallin',16793,1,255680,5
5512,Tell It to My Heart,9107,1,220227,56
5520,Manic Monday,741,1,184893,48
5522,Manic Monday,2850,1,184893,48
5524,Manic Monday,5530,1,184893,48
5525,Manic Monday,5535,1,184893,48
5526,Manic Monday,5630,1,184893,48
5527,Manic Monday,5633,1,184893,48
5530,Manic Monday,6183,1,184893,48
5531,Manic Monday,6234,1,184893,48
5532,Manic Monday,6555,1,184893,48
5533,Manic Monday,6830,1,184893,48
5534,Manic Monday,6872,1,184893,48
5535,Manic Monday,8442,1,184893,48
5536,Manic Monday,8676,1,184893,48
5537,Manic Monday,8778,1,184893,48
5538,Manic Monday,9048,1,184893,48
5539,Manic Monday,9072,1,184893,48
5540,Manic Monday,9120,1,184893,48
5541,Manic Monday,9175,1,184893,48
5543,Manic Monday,9283,1,184893,48
5544,Manic Monday,9458,1,184893,48
5545,Manic Monday,9465,1,184893,48
5546,Manic Monday,9505,1,184893,48
5547,Manic Monday,9507,1,184893,48
5548,Manic Monday,9519,1,184893,48
5549,Manic Monday,9643,1,184893,48
5550,Manic Monday,9669,1,184893,48
5551,Manic Monday,9689,1,184893,48
5552,Manic Monday,9692,1,184893,48
5553,Manic Monday,9806,1,184893,48
5555,Manic Monday,10372,1,184893,48
5557,Manic Monday,10544,1,184893,48
5558,Manic Monday,10928,1,184893,48
5559,Manic Monday,11131,1,184893,48
5560,Manic Monday,11327,1,184893,48
5561,Manic Monday,11333,1,184893,48
5562,Manic Monday,11339,1,184893,48
5563,Manic Monday,11387,1,184893,48
5564,Manic Monday,11404,1,184893,48
5565,Manic Monday,12845,1,184893,48
5566,Manic Monday,12897,1,184893,48
5567,Manic Monday,12903,1,184893,48
5569,Manic Monday,14029,1,184893,48
5571,Manic Monday,15128,1,184893,48
5572,Manic Monday,16344,1,184893,48
5573,Manic Monday,16536,1,184893,48
5574,Manic Monday,16537,1,184893,48
5575,Manic Monday,16624,1,184893,48
5576,Manic Monday,16641,1,184893,48
5577,Manic Monday,16664,1,184893,48
5578,Manic Monday,16793,1,184893,48
5596,Every Breath You Take,2867,1,251573,67
5607,All Night Long (All Night) - Single Version,16420,1,260427,36
5616,Welcome To The Jungle,1709,1,272027,78
5621,Sweet Child O' Mine,1709,1,354520,82
5629,Boys Don't Cry,2885,1,155973,73
5658,The Lady In Red,12898,1,256488,14
5845,Young,146,1,224773,65
5853,Now That I've Found You,517,1,192632,57
5903,Hello,10182,1,281430,25
5944,Hotline Bling,2247,1,267024,9
6049,High Hopes - filous Remix,18623,1,282427,51
6337,Gold,16406,1,225882,61
6340,Gold,16448,1,225882,61
6492,Just the Two of Us (feat. Bill Withers),8807,1,237106,66
6666,Access,21720,1,171853,31
6688,Everything,16485,1,148571,14
6858,Heart,8535,1,195361,59
6977,Closer (feat. Halsey),135,1,244960,85
6986,All We Know,2293,1,194080,70
7065,Kanye,3668,1,229947,60
7133,One Dance,1865,1,173987,68
7134,One Dance,2386,1,173987,68
7135,Takeaway (feat. Lennon Stella),81,1,209893,67
7146,Call You Mine,72,1,217653,39
7147,Call You Mine,521,1,217653,39
7177,No Sleep (feat. Bonn),110,1,207095,76
7179,Who Do You Love,584,1,226747,23
7208,There for You,2325,1,221904,74
7279,Push My Luck - Famba Remix,3748,1,178067,59
7365,Roses,152,1,226739,73
7382,Don't Let Me Down,1187,1,208373,81
7643,Galaxy,10955,1,262703,29
8297,Gold,16406,1,203080,0
8300,Gold,16448,1,203080,0
8313,Animals,18699,1,221000,10
8314,Animals,19380,1,221000,10
8315,Animals,19936,1,221000,10
8316,Animals,21852,1,221000,10
8783,Pizza,18620,2,212079,61
8912,Behind Barz - Bonus,4733,2,163121,77
9020,Best I Ever Had,2202,2,258760,72
9088,Over,4858,2,233560,63
9091,"I Need a Girl, Pt. 2 (feat. Loon, Ginuwine & Mario Winans)",7139,2,285587,67
9099,Ambitionz Az A Ridah,4864,2,278387,77
9142,Money In The Grave (Drake ft. Rick Ross),4887,2,205427,88
9206,God's Plan,4929,2,198960,17
9234,Nice For What,4950,2,210926,18
9245,Back To Back,4959,2,170638,69
9251,Jumpman,4963,2,205879,75
9258,Forever,4968,2,357347,67
9283,Nonstop,2359,2,238613,13
9363,Professor X,4733,2,217705,63
9370,Behind Barz - Bonus,5052,2,163121,74
9679,Forever,498,2,172245,72
9681,Forever,6257,2,172245,72
9685,Forever,16604,2,172245,72
10064,On My Block,5529,2,214533,1
10066,Now I Feel Ya,741,2,452836,33
10068,Now I Feel Ya,2850,2,452836,33
10070,Now I Feel Ya,5530,2,452836,33
10071,Now I Feel Ya,5535,2,452836,33
10072,Now I Feel Ya,5630,2,452836,33
10073,Now I Feel Ya,5633,2,452836,33
10076,Now I Feel Ya,6183,2,452836,33
10077,Now I Feel Ya,6234,2,452836,33
10078,Now I Feel Ya,6555,2,452836,33
10079,Now I Feel Ya,6830,2,452836,33
10080,Now I Feel Ya,6872,2,452836,33
10081,Now I Feel Ya,8442,2,452836,33
10082,Now I Feel Ya,8676,2,452836,33
10083,Now I Feel Ya,8778,2,452836,33
10084,Now I Feel Ya,9048,2,452836,33
10085,Now I Feel Ya,9072,2,452836,33
10086,Now I Feel Ya,9120,2,452836,33
10087,Now I Feel Ya,9175,2,452836,33
10089,Now I Feel Ya,9283,2,452836,33
10090,Now I Feel Ya,9458,2,452836,33
10091,Now I Feel Ya,9465,2,452836,33
10092,Now I Feel Ya,9505,2,452836,33
10093,Now I Feel Ya,9507,2,452836,33
10094,Now I Feel Ya,9519,2,452836,33
10095,Now I Feel Ya,9643,2,452836,33
10096,Now I Feel Ya,9669,2,452836,33
10097,Now I Feel Ya,9689,2,452836,33
10098,Now I Feel Ya,9692,2,452836,33
10099,Now I Feel Ya,9806,2,452836,33
10101,Now I Feel Ya,10372,2,452836,33
10103,Now I Feel Ya,10544,2,452836,33
10104,Now I Feel Ya,10928,2,452836,33
10105,Now I Feel Ya,11131,2,452836,33
10106,Now I Feel Ya,11327,2,452836,33
10107,Now I Feel Ya,11333,2,452836,33
10108,Now I Feel Ya,11339,2,452836,33
10109,Now I Feel Ya,11387,2,452836,33
10110,Now I Feel Ya,11404,2,452836,33
10111,Now I Feel Ya,12845,2,452836,33
10112,Now I Feel Ya,12897,2,452836,33
10113,Now I Feel Ya,12903,2,452836,33
10115,Now I Feel Ya,14029,2,452836,33
10117,Now I Feel Ya,15128,2,452836,33
10118,Now I Feel Ya,16344,2,452836,33
10119,Now I Feel Ya,16536,2,452836,33
10120,Now I Feel Ya,16537,2,452836,33
10121,Now I Feel Ya,16624,2,452836,33
10122,Now I Feel Ya,16641,2,452836,33
10123,Now I Feel Ya,16664,2,452836,33
10124,Now I Feel Ya,16793,2,452836,33
10133,California Love - Original Version,741,2,284907,63
10135,California Love - Original Version,2850,2,284907,63
10137,California Love - Original Version,5530,2,284907,63
10138,California Love - Original Version,5535,2,284907,63
10139,California Love - Original Version,5630,2,284907,63
10140,California Love - Original Version,5633,2,284907,63
10143,California Love - Original Version,6183,2,284907,63
10144,California Love - Original Version,6234,2,284907,63
10145,California Love - Original Version,6555,2,284907,63
10146,California Love - Original Version,6830,2,284907,63
10147,California Love - Original Version,6872,2,284907,63
10148,California Love - Original Version,8442,2,284907,63
10149,California Love - Original Version,8676,2,284907,63
10150,California Love - Original Version,8778,2,284907,63
10151,California Love - Original Version,9048,2,284907,63
10152,California Love - Original Version,9072,2,284907,63
10153,California Love - Original Version,9120,2,284907,63
10154,California Love - Original Version,9175,2,284907,63
10156,California Love - Original Version,9283,2,284907,63
10157,California Love - Original Version,9458,2,284907,63
10158,California Love - Original Version,9465,2,284907,63
10159,California Love - Original Version,9505,2,284907,63
10160,California Love - Original Version,9507,2,284907,63
10161,California Love - Original Version,9519,2,284907,63
10162,California Love - Original Version,9643,2,284907,63
10163,California Love - Original Version,9669,2,284907,63
10164,California Love - Original Version,9689,2,284907,63
10165,California Love - Original Version,9692,2,284907,63
10166,California Love - Original Version,9806,2,284907,63
10168,California Love - Original Version,10372,2,284907,63
10170,California Love - Original Version,10544,2,284907,63
10171,California Love - Original Version,10928,2,284907,63
10172,California Love - Original Version,11131,2,284907,63
10173,California Love - Original Version,11327,2,284907,63
10174,California Love - Original Version,11333,2,284907,63
10175,California Love - Original Version,11339,2,284907,63
10176,California Love - Original Version,11387,2,284907,63
10177,California Love - Original Version,11404,2,284907,63
10178,California Love - Original Version,12845,2,284907,63
10179,California Love - Original Version,12897,2,284907,63
10180,California Love - Original Version,12903,2,284907,63
10182,California Love - Original Version,14029,2,284907,63
10184,California Love - Original Version,15128,2,284907,63
10185,California Love - Original Version,16344,2,284907,63
10186,California Love - Original Version,16536,2,284907,63
10187,California Love - Original Version,16537,2,284907,63
10188,California Love - Original Version,16624,2,284907,63
10189,California Love - Original Version,16641,2,284907,63
10190,California Love - Original Version,16664,2,284907,63
10191,California Love - Original Version,16793,2,284907,63
10194,You Know How We Do It - Remastered,5536,2,232773,70
10206,Gangsta Nation,5544,2,293053,66
10220,It Was A Good Day,5553,2,260000,74
10240,How Do You Want It,4864,2,287547,66
10245,Do For Love,5570,2,281600,70
10258,California Love (remix),4864,2,385880,55
10269,Loyal To The Game - DJ Quik Remix (Explicit),5584,2,260853,37
10270,Loyal To The Game - DJ Quik Remix (Explicit),6583,2,260853,37
10282,2 Of Amerikaz Most Wanted,4864,2,246533,62
10324,400 Degreez,5619,2,249133,45
10331,On My Block,5624,2,214520,20
10347,Wanna Be A Balla,741,2,356987,0
10349,Wanna Be A Balla,2850,2,356987,0
10351,Wanna Be A Balla,5530,2,356987,0
10352,Wanna Be A Balla,5535,2,356987,0
10353,Wanna Be A Balla,5630,2,356987,0
10354,Wanna Be A Balla,5633,2,356987,0
10357,Wanna Be A Balla,6183,2,356987,0
10358,Wanna Be A Balla,6234,2,356987,0
10359,Wanna Be A Balla,6555,2,356987,0
10360,Wanna Be A Balla,6830,2,356987,0
10361,Wanna Be A Balla,6872,2,356987,0
10362,Wanna Be A Balla,8442,2,356987,0
10363,Wanna Be A Balla,8676,2,356987,0
10364,Wanna Be A Balla,8778,2,356987,0
10365,Wanna Be A Balla,9048,2,356987,0
10366,Wanna Be A Balla,9072,2,356987,0
10367,Wanna Be A Balla,9120,2,356987,0
10368,Wanna Be A Balla,9175,2,356987,0
10370,Wanna Be A Balla,9283,2,356987,0
10371,Wanna Be A Balla,9458,2,356987,0
10372,Wanna Be A Balla,9465,2,356987,0
10373,Wanna Be A Balla,9505,2,356987,0
10374,Wanna Be A Balla,9507,2,356987,0
10375,Wanna Be A Balla,9519,2,356987,0
10376,Wanna Be A Balla,9643,2,356987,0
10377,Wanna Be A Balla,9669,2,356987,0
10378,Wanna Be A Balla,9689,2,356987,0
10379,Wanna Be A Balla,9692,2,356987,0
10380,Wanna Be A Balla,9806,2,356987,0
10382,Wanna Be A Balla,10372,2,356987,0
10384,Wanna Be A Balla,10544,2,356987,0
10385,Wanna Be A Balla,10928,2,356987,0
10386,Wanna Be A Balla,11131,2,356987,0
10387,Wanna Be A Balla,11327,2,356987,0
10388,Wanna Be A Balla,11333,2,356987,0
10389,Wanna Be A Balla,11339,2,356987,0
10390,Wanna Be A Balla,11387,2,356987,0
10391,Wanna Be A Balla,11404,2,356987,0
10392,Wanna Be A Balla,12845,2,356987,0
10393,Wanna Be A Balla,12897,2,356987,0
10394,Wanna Be A Balla,12903,2,356987,0
10396,Wanna Be A Balla,14029,2,356987,0
10398,Wanna Be A Balla,15128,2,356987,0
10399,Wanna Be A Balla,16344,2,356987,0
10400,Wanna Be A Balla,16536,2,356987,0
10401,Wanna Be A Balla,16537,2,356987,0
10402,Wanna Be A Balla,16624,2,356987,0
10403,Wanna Be A Balla,16641,2,356987,0
10404,Wanna Be A Balla,16664,2,356987,0
10405,Wanna Be A Balla,16793,2,356987,0
10409,Mr. Scarface,5632,2,352432,31
10411,Back That Azz Up,741,2,265560,59
10413,Back That Azz Up,2850,2,265560,59
10415,Back That Azz Up,5530,2,265560,59
10416,Back That Azz Up,5535,2,265560,59
10417,Back That Azz Up,5630,2,265560,59
10418,Back That Azz Up,5633,2,265560,59
10421,Back That Azz Up,6183,2,265560,59
10422,Back That Azz Up,6234,2,265560,59
10423,Back That Azz Up,6555,2,265560,59
10424,Back That Azz Up,6830,2,265560,59
10425,Back That Azz Up,6872,2,265560,59
10426,Back That Azz Up,8442,2,265560,59
10427,Back That Azz Up,8676,2,265560,59
10428,Back That Azz Up,8778,2,265560,59
10429,Back That Azz Up,9048,2,265560,59
10430,Back That Azz Up,9072,2,265560,59
10431,Back That Azz Up,9120,2,265560,59
10432,Back That Azz Up,9175,2,265560,59
10434,Back That Azz Up,9283,2,265560,59
10435,Back That Azz Up,9458,2,265560,59
10436,Back That Azz Up,9465,2,265560,59
10437,Back That Azz Up,9505,2,265560,59
10438,Back That Azz Up,9507,2,265560,59
10439,Back That Azz Up,9519,2,265560,59
10440,Back That Azz Up,9643,2,265560,59
10441,Back That Azz Up,9669,2,265560,59
10442,Back That Azz Up,9689,2,265560,59
10443,Back That Azz Up,9692,2,265560,59
10444,Back That Azz Up,9806,2,265560,59
10446,Back That Azz Up,10372,2,265560,59
10448,Back That Azz Up,10544,2,265560,59
10449,Back That Azz Up,10928,2,265560,59
10450,Back That Azz Up,11131,2,265560,59
10451,Back That Azz Up,11327,2,265560,59
10452,Back That Azz Up,11333,2,265560,59
10453,Back That Azz Up,11339,2,265560,59
10454,Back That Azz Up,11387,2,265560,59
10455,Back That Azz Up,11404,2,265560,59
10456,Back That Azz Up,12845,2,265560,59
10457,Back That Azz Up,12897,2,265560,59
10458,Back That Azz Up,12903,2,265560,59
10460,Back That Azz Up,14029,2,265560,59
10462,Back That Azz Up,15128,2,265560,59
10463,Back That Azz Up,16344,2,265560,59
10464,Back That Azz Up,16536,2,265560,59
10465,Back That Azz Up,16537,2,265560,59
10466,Back That Azz Up,16624,2,265560,59
10467,Back That Azz Up,16641,2,265560,59
10468,Back That Azz Up,16664,2,265560,59
10469,Back That Azz Up,16793,2,265560,59
10507,25 Lighters,741,2,288760,0
10509,25 Lighters,2850,2,288760,0
10511,25 Lighters,5530,2,288760,0
10512,25 Lighters,5535,2,288760,0
10513,25 Lighters,5630,2,288760,0
10514,25 Lighters,5633,2,288760,0
10517,25 Lighters,6183,2,288760,0
10518,25 Lighters,6234,2,288760,0
10519,25 Lighters,6555,2,288760,0
10520,25 Lighters,6830,2,288760,0
10521,25 Lighters,6872,2,288760,0
10522,25 Lighters,8442,2,288760,0
10523,25 Lighters,8676,2,288760,0
10524,25 Lighters,8778,2,288760,0
10525,25 Lighters,9048,2,288760,0
10526,25 Lighters,9072,2,288760,0
10527,25 Lighters,9120,2,288760,0
10528,25 Lighters,9175,2,288760,0
10530,25 Lighters,9283,2,288760,0
10531,25 Lighters,9458,2,288760,0
10532,25 Lighters,9465,2,288760,0
10533,25 Lighters,9505,2,288760,0
10534,25 Lighters,9507,2,288760,0
10535,25 Lighters,9519,2,288760,0
10536,25 Lighters,9643,2,288760,0
10537,25 Lighters,9669,2,288760,0
10538,25 Lighters,9689,2,288760,0
10539,25 Lighters,9692,2,288760,0
10540,25 Lighters,9806,2,288760,0
10542,25 Lighters,10372,2,288760,0
10544,25 Lighters,10544,2,288760,0
10545,25 Lighters,10928,2,288760,0
10546,25 Lighters,11131,2,288760,0
10547,25 Lighters,11327,2,288760,0
10548,25 Lighters,11333,2,288760,0
10549,25 Lighters,11339,2,288760,0
10550,25 Lighters,11387,2,288760,0
10551,25 Lighters,11404,2,288760,0
10552,25 Lighters,12845,2,288760,0
10553,25 Lighters,12897,2,288760,0
10554,25 Lighters,12903,2,288760,0
10556,25 Lighters,14029,2,288760,0
10558,25 Lighters,15128,2,288760,0
10559,25 Lighters,16344,2,288760,0
10560,25 Lighters,16536,2,288760,0
10561,25 Lighters,16537,2,288760,0
10562,25 Lighters,16624,2,288760,0
10563,25 Lighters,16641,2,288760,0
10564,25 Lighters,16664,2,288760,0
10565,25 Lighters,16793,2,288760,0
10573,Ha,5619,2,292333,47
10666,Pwa,741,2,348027,16
10668,Pwa,2850,2,348027,16
10670,Pwa,5530,2,348027,16
10671,Pwa,5535,2,348027,16
10672,Pwa,5630,2,348027,16
10673,Pwa,5633,2,348027,16
10676,Pwa,6183,2,348027,16
10677,Pwa,6234,2,348027,16
10678,Pwa,6555,2,348027,16
10679,Pwa,6830,2,348027,16
10680,Pwa,6872,2,348027,16
10681,Pwa,8442,2,348027,16
10682,Pwa,8676,2,348027,16
10683,Pwa,8778,2,348027,16
10684,Pwa,9048,2,348027,16
10685,Pwa,9072,2,348027,16
10686,Pwa,9120,2,348027,16
10687,Pwa,9175,2,348027,16
10689,Pwa,9283,2,348027,16
10690,Pwa,9458,2,348027,16
10691,Pwa,9465,2,348027,16
10692,Pwa,9505,2,348027,16
10693,Pwa,9507,2,348027,16
10694,Pwa,9519,2,348027,16
10695,Pwa,9643,2,348027,16
10696,Pwa,9669,2,348027,16
10697,Pwa,9689,2,348027,16
10698,Pwa,9692,2,348027,16
10699,Pwa,9806,2,348027,16
10701,Pwa,10372,2,348027,16
10703,Pwa,10544,2,348027,16
10704,Pwa,10928,2,348027,16
10705,Pwa,11131,2,348027,16
10706,Pwa,11327,2,348027,16
10707,Pwa,11333,2,348027,16
10708,Pwa,11339,2,348027,16
10709,Pwa,11387,2,348027,16
10710,Pwa,11404,2,348027,16
10711,Pwa,12845,2,348027,16
10712,Pwa,12897,2,348027,16
10713,Pwa,12903,2,348027,16
10715,Pwa,14029,2,348027,16
10717,Pwa,15128,2,348027,16
10718,Pwa,16344,2,348027,16
10719,Pwa,16536,2,348027,16
10720,Pwa,16537,2,348027,16
10721,Pwa,16624,2,348027,16
10722,Pwa,16641,2,348027,16
10723,Pwa,16664,2,348027,16
10724,Pwa,16793,2,348027,16
10733,Diary Of A Madman,5632,2,184027,21
10734,Money And The Power,5632,2,229640,25
10735,The Wall,5688,2,277707,22
10737,Now I Feel Ya,5688,2,454640,27
10739,I Seen a Man Die,5689,2,272680,53
10740,I Seen a Man Die,6828,2,272680,53
10741,Hand of the Dead Body,5689,2,279013,40
10742,Hand of the Dead Body,6828,2,279013,40
10743,Southside,5690,2,133933,30
10744,Mary Jane,5690,2,281067,30
10745,Smartz,5690,2,305400,31
10746,2 Real,5691,2,283440,33
10747,In My Blood,5691,2,300852,14
10748,Greed,5691,2,255267,13
10749,Homies & Thuggs,5691,2,334533,16
10776,F**k Faces,5691,2,377573,32
10777,Do What You Want,5691,2,267573,30
10778,Boo Boo'n,5691,2,275933,17
10780,Sticky Green,741,2,191293,21
10782,Sticky Green,2850,2,191293,21
10784,Sticky Green,5530,2,191293,21
10785,Sticky Green,5535,2,191293,21
10786,Sticky Green,5630,2,191293,21
10787,Sticky Green,5633,2,191293,21
10790,Sticky Green,6183,2,191293,21
10791,Sticky Green,6234,2,191293,21
10792,Sticky Green,6555,2,191293,21
10793,Sticky Green,6830,2,191293,21
10794,Sticky Green,6872,2,191293,21
10795,Sticky Green,8442,2,191293,21
10796,Sticky Green,8676,2,191293,21
10797,Sticky Green,8778,2,191293,21
10798,Sticky Green,9048,2,191293,21
10799,Sticky Green,9072,2,191293,21
10800,Sticky Green,9120,2,191293,21
10801,Sticky Green,9175,2,191293,21
10803,Sticky Green,9283,2,191293,21
10804,Sticky Green,9458,2,191293,21
10805,Sticky Green,9465,2,191293,21
10806,Sticky Green,9505,2,191293,21
10807,Sticky Green,9507,2,191293,21
10808,Sticky Green,9519,2,191293,21
10809,Sticky Green,9643,2,191293,21
10810,Sticky Green,9669,2,191293,21
10811,Sticky Green,9689,2,191293,21
10812,Sticky Green,9692,2,191293,21
10813,Sticky Green,9806,2,191293,21
10815,Sticky Green,10372,2,191293,21
10817,Sticky Green,10544,2,191293,21
10818,Sticky Green,10928,2,191293,21
10819,Sticky Green,11131,2,191293,21
10820,Sticky Green,11327,2,191293,21
10821,Sticky Green,11333,2,191293,21
10822,Sticky Green,11339,2,191293,21
10823,Sticky Green,11387,2,191293,21
10824,Sticky Green,11404,2,191293,21
10825,Sticky Green,12845,2,191293,21
10826,Sticky Green,12897,2,191293,21
10827,Sticky Green,12903,2,191293,21
10829,Sticky Green,14029,2,191293,21
10831,Sticky Green,15128,2,191293,21
10832,Sticky Green,16344,2,191293,21
10833,Sticky Green,16536,2,191293,21
10834,Sticky Green,16537,2,191293,21
10835,Sticky Green,16624,2,191293,21
10836,Sticky Green,16641,2,191293,21
10837,Sticky Green,16664,2,191293,21
10838,Sticky Green,16793,2,191293,21
10851,Tops Drop,741,2,252587,0
10853,Tops Drop,2850,2,252587,0
10855,Tops Drop,5530,2,252587,0
10856,Tops Drop,5535,2,252587,0
10857,Tops Drop,5630,2,252587,0
10858,Tops Drop,5633,2,252587,0
10861,Tops Drop,6183,2,252587,0
10862,Tops Drop,6234,2,252587,0
10863,Tops Drop,6555,2,252587,0
10864,Tops Drop,6830,2,252587,0
10865,Tops Drop,6872,2,252587,0
10866,Tops Drop,8442,2,252587,0
10867,Tops Drop,8676,2,252587,0
10868,Tops Drop,8778,2,252587,0
10869,Tops Drop,9048,2,252587,0
10870,Tops Drop,9072,2,252587,0
10871,Tops Drop,9120,2,252587,0
10872,Tops Drop,9175,2,252587,0
10874,Tops Drop,9283,2,252587,0
10875,Tops Drop,9458,2,252587,0
10876,Tops Drop,9465,2,252587,0
10877,Tops Drop,9505,2,252587,0
10878,Tops Drop,9507,2,252587,0
10879,Tops Drop,9519,2,252587,0
10880,Tops Drop,9643,2,252587,0
10881,Tops Drop,9669,2,252587,0
10882,Tops Drop,9689,2,252587,0
10883,Tops Drop,9692,2,252587,0
10884,Tops Drop,9806,2,252587,0
10886,Tops Drop,10372,2,252587,0
10888,Tops Drop,10544,2,252587,0
10889,Tops Drop,10928,2,252587,0
10890,Tops Drop,11131,2,252587,0
10891,Tops Drop,11327,2,252587,0
10892,Tops Drop,11333,2,252587,0
10893,Tops Drop,11339,2,252587,0
10894,Tops Drop,11387,2,252587,0
10895,Tops Drop,11404,2,252587,0
10896,Tops Drop,12845,2,252587,0
10897,Tops Drop,12897,2,252587,0
10898,Tops Drop,12903,2,252587,0
10900,Tops Drop,14029,2,252587,0
10902,Tops Drop,15128,2,252587,0
10903,Tops Drop,16344,2,252587,0
10904,Tops Drop,16536,2,252587,0
10905,Tops Drop,16537,2,252587,0
10906,Tops Drop,16624,2,252587,0
10907,Tops Drop,16641,2,252587,0
10908,Tops Drop,16664,2,252587,0
10909,Tops Drop,16793,2,252587,0
10914,Ghetto Dreams,741,2,337293,0
10916,Ghetto Dreams,2850,2,337293,0
10918,Ghetto Dreams,5530,2,337293,0
10919,Ghetto Dreams,5535,2,337293,0
10920,Ghetto Dreams,5630,2,337293,0
10921,Ghetto Dreams,5633,2,337293,0
10924,Ghetto Dreams,6183,2,337293,0
10925,Ghetto Dreams,6234,2,337293,0
10926,Ghetto Dreams,6555,2,337293,0
10927,Ghetto Dreams,6830,2,337293,0
10928,Ghetto Dreams,6872,2,337293,0
10929,Ghetto Dreams,8442,2,337293,0
10930,Ghetto Dreams,8676,2,337293,0
10931,Ghetto Dreams,8778,2,337293,0
10932,Ghetto Dreams,9048,2,337293,0
10933,Ghetto Dreams,9072,2,337293,0
10934,Ghetto Dreams,9120,2,337293,0
10935,Ghetto Dreams,9175,2,337293,0
10937,Ghetto Dreams,9283,2,337293,0
10938,Ghetto Dreams,9458,2,337293,0
10939,Ghetto Dreams,9465,2,337293,0
10940,Ghetto Dreams,9505,2,337293,0
10941,Ghetto Dreams,9507,2,337293,0
10942,Ghetto Dreams,9519,2,337293,0
10943,Ghetto Dreams,9643,2,337293,0
10944,Ghetto Dreams,9669,2,337293,0
10945,Ghetto Dreams,9689,2,337293,0
10946,Ghetto Dreams,9692,2,337293,0
10947,Ghetto Dreams,9806,2,337293,0
10949,Ghetto Dreams,10372,2,337293,0
10951,Ghetto Dreams,10544,2,337293,0
10952,Ghetto Dreams,10928,2,337293,0
10953,Ghetto Dreams,11131,2,337293,0
10954,Ghetto Dreams,11327,2,337293,0
10955,Ghetto Dreams,11333,2,337293,0
10956,Ghetto Dreams,11339,2,337293,0
10957,Ghetto Dreams,11387,2,337293,0
10958,Ghetto Dreams,11404,2,337293,0
10959,Ghetto Dreams,12845,2,337293,0
10960,Ghetto Dreams,12897,2,337293,0
10961,Ghetto Dreams,12903,2,337293,0
10963,Ghetto Dreams,14029,2,337293,0
10965,Ghetto Dreams,15128,2,337293,0
10966,Ghetto Dreams,16344,2,337293,0
10967,Ghetto Dreams,16536,2,337293,0
10968,Ghetto Dreams,16537,2,337293,0
10969,Ghetto Dreams,16624,2,337293,0
10970,Ghetto Dreams,16641,2,337293,0
10971,Ghetto Dreams,16664,2,337293,0
10972,Ghetto Dreams,16793,2,337293,0
11041,Fuckin With Me,5729,2,241413,19
11056,Back That Azz Up,5619,2,265600,65
11060,I Got That Fire,5734,2,347000,30
11069,Guerrilla,5734,2,311707,21
11081,Numb Numb,5729,2,306653,32
11142,It's Like That,9312,2,250627,61
11195,Jersey,4963,2,188703,62
11203,Closer (feat. Halsey),135,2,244960,85
11205,One Dance,1865,2,173987,20
11206,One Dance,2386,2,173987,20
11237,Jumpman,4963,2,205879,7
11307,Mary Jane's Last Dance,5882,2,272267,19
11308,Mary Jane's Last Dance,9735,2,272267,19
11360,Are You Gonna Go My Way,5915,2,211933,72
11427,Smile,741,2,300600,60
11429,Smile,2850,2,300600,60
11431,Smile,5530,2,300600,60
11432,Smile,5535,2,300600,60
11433,Smile,5630,2,300600,60
11434,Smile,5633,2,300600,60
11437,Smile,6183,2,300600,60
11438,Smile,6234,2,300600,60
11439,Smile,6555,2,300600,60
11440,Smile,6830,2,300600,60
11441,Smile,6872,2,300600,60
11442,Smile,8442,2,300600,60
11443,Smile,8676,2,300600,60
11444,Smile,8778,2,300600,60
11445,Smile,9048,2,300600,60
11446,Smile,9072,2,300600,60
11447,Smile,9120,2,300600,60
11448,Smile,9175,2,300600,60
11450,Smile,9283,2,300600,60
11451,Smile,9458,2,300600,60
11452,Smile,9465,2,300600,60
11453,Smile,9505,2,300600,60
11454,Smile,9507,2,300600,60
11455,Smile,9519,2,300600,60
11456,Smile,9643,2,300600,60
11457,Smile,9669,2,300600,60
11458,Smile,9689,2,300600,60
11459,Smile,9692,2,300600,60
11460,Smile,9806,2,300600,60
11462,Smile,10372,2,300600,60
11464,Smile,10544,2,300600,60
11465,Smile,10928,2,300600,60
11466,Smile,11131,2,300600,60
11467,Smile,11327,2,300600,60
11468,Smile,11333,2,300600,60
11469,Smile,11339,2,300600,60
11470,Smile,11387,2,300600,60
11471,Smile,11404,2,300600,60
11472,Smile,12845,2,300600,60
11473,Smile,12897,2,300600,60
11474,Smile,12903,2,300600,60
11476,Smile,14029,2,300600,60
11478,Smile,15128,2,300600,60
11479,Smile,16344,2,300600,60
11480,Smile,16536,2,300600,60
11481,Smile,16537,2,300600,60
11482,Smile,16624,2,300600,60
11483,Smile,16641,2,300600,60
11484,Smile,16664,2,300600,60
11485,Smile,16793,2,300600,60
11542,Superstition - Single Version,16420,2,245493,6
11675,Portland,2387,2,236615,74
11676,Gyalchester,2387,2,189230,70
11677,Can't Have Everything,2387,2,228438,60
11699,Sacrifices,2387,2,307593,1
11759,Ambitionz Az A Ridah,4864,2,278387,77
11769,King Of The Hill,6140,2,257493,42
11770,King Of The Hill,6875,2,257493,42
11778,No Vaseline,6146,2,313053,66
11780,All Eyez On Me,4864,2,307773,75
11796,Bow Down,6140,2,206827,57
11797,Bow Down,6875,2,206827,57
11826,My Prerogative,6180,2,291560,56
11827,My Prerogative,16341,2,291560,56
11829,Let's Get It Started,6182,2,248907,35
11831,Turn This Mutha Out,741,2,283333,35
11833,Turn This Mutha Out,2850,2,283333,35
11835,Turn This Mutha Out,5530,2,283333,35
11836,Turn This Mutha Out,5535,2,283333,35
11837,Turn This Mutha Out,5630,2,283333,35
11838,Turn This Mutha Out,5633,2,283333,35
11841,Turn This Mutha Out,6183,2,283333,35
11842,Turn This Mutha Out,6234,2,283333,35
11843,Turn This Mutha Out,6555,2,283333,35
11844,Turn This Mutha Out,6830,2,283333,35
11845,Turn This Mutha Out,6872,2,283333,35
11846,Turn This Mutha Out,8442,2,283333,35
11847,Turn This Mutha Out,8676,2,283333,35
11848,Turn This Mutha Out,8778,2,283333,35
11849,Turn This Mutha Out,9048,2,283333,35
11850,Turn This Mutha Out,9072,2,283333,35
11851,Turn This Mutha Out,9120,2,283333,35
11852,Turn This Mutha Out,9175,2,283333,35
11854,Turn This Mutha Out,9283,2,283333,35
11855,Turn This Mutha Out,9458,2,283333,35
11856,Turn This Mutha Out,9465,2,283333,35
11857,Turn This Mutha Out,9505,2,283333,35
11858,Turn This Mutha Out,9507,2,283333,35
11859,Turn This Mutha Out,9519,2,283333,35
11860,Turn This Mutha Out,9643,2,283333,35
11861,Turn This Mutha Out,9669,2,283333,35
11862,Turn This Mutha Out,9689,2,283333,35
11863,Turn This Mutha Out,9692,2,283333,35
11864,Turn This Mutha Out,9806,2,283333,35
11866,Turn This Mutha Out,10372,2,283333,35
11868,Turn This Mutha Out,10544,2,283333,35
11869,Turn This Mutha Out,10928,2,283333,35
11870,Turn This Mutha Out,11131,2,283333,35
11871,Turn This Mutha Out,11327,2,283333,35
11872,Turn This Mutha Out,11333,2,283333,35
11873,Turn This Mutha Out,11339,2,283333,35
11874,Turn This Mutha Out,11387,2,283333,35
11875,Turn This Mutha Out,11404,2,283333,35
11876,Turn This Mutha Out,12845,2,283333,35
11877,Turn This Mutha Out,12897,2,283333,35
11878,Turn This Mutha Out,12903,2,283333,35
11880,Turn This Mutha Out,14029,2,283333,35
11882,Turn This Mutha Out,15128,2,283333,35
11883,Turn This Mutha Out,16344,2,283333,35
11884,Turn This Mutha Out,16536,2,283333,35
11885,Turn This Mutha Out,16537,2,283333,35
11886,Turn This Mutha Out,16624,2,283333,35
11887,Turn This Mutha Out,16641,2,283333,35
11888,Turn This Mutha Out,16664,2,283333,35
11889,Turn This Mutha Out,16793,2,283333,35
11909,Uptown (feat. Bun B & Lil Wayne),6197,2,382262,62
11918,Big Poppa - 2005 Remaster,6204,2,252747,74
11962,Hypnotize - 2007 Remaster,741,2,230000,68
11964,Hypnotize - 2007 Remaster,2850,2,230000,68
11966,Hypnotize - 2007 Remaster,5530,2,230000,68
11967,Hypnotize - 2007 Remaster,5535,2,230000,68
11968,Hypnotize - 2007 Remaster,5630,2,230000,68
11969,Hypnotize - 2007 Remaster,5633,2,230000,68
11972,Hypnotize - 2007 Remaster,6183,2,230000,68
11973,Hypnotize - 2007 Remaster,6234,2,230000,68
11974,Hypnotize - 2007 Remaster,6555,2,230000,68
11975,Hypnotize - 2007 Remaster,6830,2,230000,68
11976,Hypnotize - 2007 Remaster,6872,2,230000,68
11977,Hypnotize - 2007 Remaster,8442,2,230000,68
11978,Hypnotize - 2007 Remaster,8676,2,230000,68
11979,Hypnotize - 2007 Remaster,8778,2,230000,68
11980,Hypnotize - 2007 Remaster,9048,2,230000,68
11981,Hypnotize - 2007 Remaster,9072,2,230000,68
11982,Hypnotize - 2007 Remaster,9120,2,230000,68
11983,Hypnotize - 2007 Remaster,9175,2,230000,68
11985,Hypnotize - 2007 Remaster,9283,2,230000,68
11986,Hypnotize - 2007 Remaster,9458,2,230000,68
11987,Hypnotize - 2007 Remaster,9465,2,230000,68
11988,Hypnotize - 2007 Remaster,9505,2,230000,68
11989,Hypnotize - 2007 Remaster,9507,2,230000,68
11990,Hypnotize - 2007 Remaster,9519,2,230000,68
11991,Hypnotize - 2007 Remaster,9643,2,230000,68
11992,Hypnotize - 2007 Remaster,9669,2,230000,68
11993,Hypnotize - 2007 Remaster,9689,2,230000,68
11994,Hypnotize - 2007 Remaster,9692,2,230000,68
11995,Hypnotize - 2007 Remaster,9806,2,230000,68
11997,Hypnotize - 2007 Remaster,10372,2,230000,68
11999,Hypnotize - 2007 Remaster,10544,2,230000,68
12000,Hypnotize - 2007 Remaster,10928,2,230000,68
12001,Hypnotize - 2007 Remaster,11131,2,230000,68
12002,Hypnotize - 2007 Remaster,11327,2,230000,68
12003,Hypnotize - 2007 Remaster,11333,2,230000,68
12004,Hypnotize - 2007 Remaster,11339,2,230000,68
12005,Hypnotize - 2007 Remaster,11387,2,230000,68
12006,Hypnotize - 2007 Remaster,11404,2,230000,68
12007,Hypnotize - 2007 Remaster,12845,2,230000,68
12008,Hypnotize - 2007 Remaster,12897,2,230000,68
12009,Hypnotize - 2007 Remaster,12903,2,230000,68
12011,Hypnotize - 2007 Remaster,14029,2,230000,68
12013,Hypnotize - 2007 Remaster,15128,2,230000,68
12014,Hypnotize - 2007 Remaster,16344,2,230000,68
12015,Hypnotize - 2007 Remaster,16536,2,230000,68
12016,Hypnotize - 2007 Remaster,16537,2,230000,68
12017,Hypnotize - 2007 Remaster,16624,2,230000,68
12018,Hypnotize - 2007 Remaster,16641,2,230000,68
12019,Hypnotize - 2007 Remaster,16664,2,230000,68
12020,Hypnotize - 2007 Remaster,16793,2,230000,68
12023,Check Yo Self - Remix,6235,2,273107,69
12043,Started From the Bottom,6247,2,173160,1
12045,The Motto,6249,2,181400,10
12047,Why We Thugs,6251,2,224107,62
12057,Forever,498,2,357920,2
12059,Forever,6257,2,357920,2
12063,Forever,16604,2,357920,2
12072,"Hold On, We're Going Home",6261,2,227027,1
12092,N.Y. State of Mind,6271,2,293973,66
12093,Juicy - 2005 Remaster,6204,2,302693,76
12102,The World Is Yours,6271,2,290573,58
12107,Fu-Gee-La,6278,2,260067,10
12126,Represent,6271,2,252600,51
12148,The What,6204,2,237480,58
12164,Things Done Changed - 2005 Remaster,6204,2,238107,52
12165,Gimme the Loot - 2005 Remaster,6204,2,304147,64
12166,Machine Gun Funk - 2006 Remaster,6204,2,255893,60
12167,Warning - 2005 Remaster,6204,2,220493,60
12168,Ready to Die - 2006 Remaster,6204,2,264547,56
12169,One More Chance - 2005 Remaster,6204,2,283053,53
12170,Everyday Struggle - 2005 Remaster,6204,2,319400,57
12171,Unbelievable - 2005 Remaster,6204,2,223707,52
12172,Who Shot Ya? - 2005 Remaster,6204,2,319373,68
12200,Don't Let Me Down,1187,2,208373,81
12210,Controlla,1865,2,245227,10
12211,Controlla,2386,2,245227,10
12215,The Motto,6324,2,181573,73
12232,Too Good,1865,2,263373,12
12233,Too Good,2386,2,263373,12
12298,Helicopter - Video Edit,6362,2,206450,2
12299,Helicopter - Video Edit,18646,2,206450,2
12300,Wizard - Radio Edit,6363,2,202412,0
12301,Wizard - Radio Edit,19340,2,202412,0
12314,Gone Ride With Me,5619,2,263000,37
12315,Flossin' Season,5619,2,273252,31
12316,Rich Niggaz,5619,2,303600,39
12318,Enemy Turf,5729,2,244787,22
12319,Rodeo,6369,2,237947,48
12342,Guess Who's Back,741,2,241573,52
12344,Guess Who's Back,2850,2,241573,52
12346,Guess Who's Back,5530,2,241573,52
12347,Guess Who's Back,5535,2,241573,52
12348,Guess Who's Back,5630,2,241573,52
12349,Guess Who's Back,5633,2,241573,52
12352,Guess Who's Back,6183,2,241573,52
12353,Guess Who's Back,6234,2,241573,52
12354,Guess Who's Back,6555,2,241573,52
12355,Guess Who's Back,6830,2,241573,52
12356,Guess Who's Back,6872,2,241573,52
12357,Guess Who's Back,8442,2,241573,52
12358,Guess Who's Back,8676,2,241573,52
12359,Guess Who's Back,8778,2,241573,52
12360,Guess Who's Back,9048,2,241573,52
12361,Guess Who's Back,9072,2,241573,52
12362,Guess Who's Back,9120,2,241573,52
12363,Guess Who's Back,9175,2,241573,52
12365,Guess Who's Back,9283,2,241573,52
12366,Guess Who's Back,9458,2,241573,52
12367,Guess Who's Back,9465,2,241573,52
12368,Guess Who's Back,9505,2,241573,52
12369,Guess Who's Back,9507,2,241573,52
12370,Guess Who's Back,9519,2,241573,52
12371,Guess Who's Back,9643,2,241573,52
12372,Guess Who's Back,9669,2,241573,52
12373,Guess Who's Back,9689,2,241573,52
12374,Guess Who's Back,9692,2,241573,52
12375,Guess Who's Back,9806,2,241573,52
12377,Guess Who's Back,10372,2,241573,52
12379,Guess Who's Back,10544,2,241573,52
12380,Guess Who's Back,10928,2,241573,52
12381,Guess Who's Back,11131,2,241573,52
12382,Guess Who's Back,11327,2,241573,52
12383,Guess Who's Back,11333,2,241573,52
12384,Guess Who's Back,11339,2,241573,52
12385,Guess Who's Back,11387,2,241573,52
12386,Guess Who's Back,11404,2,241573,52
12387,Guess Who's Back,12845,2,241573,52
12388,Guess Who's Back,12897,2,241573,52
12389,Guess Who's Back,12903,2,241573,52
12391,Guess Who's Back,14029,2,241573,52
12393,Guess Who's Back,15128,2,241573,52
12394,Guess Who's Back,16344,2,241573,52
12395,Guess Who's Back,16536,2,241573,52
12396,Guess Who's Back,16537,2,241573,52
12397,Guess Who's Back,16624,2,241573,52
12398,Guess Who's Back,16641,2,241573,52
12399,Guess Who's Back,16664,2,241573,52
12400,Guess Who's Back,16793,2,241573,52
12403,No Tears,5689,2,146280,49
12404,No Tears,6828,2,146280,49
12468,Good Cop Bad Cop,6146,2,207093,0
12558,Tops Drop,6413,2,252693,0
12559,Tops Drop,6426,2,252693,0
12563,Heart Of A Hustler,741,2,326267,0
12565,Heart Of A Hustler,2850,2,326267,0
12567,Heart Of A Hustler,5530,2,326267,0
12568,Heart Of A Hustler,5535,2,326267,0
12569,Heart Of A Hustler,5630,2,326267,0
12570,Heart Of A Hustler,5633,2,326267,0
12573,Heart Of A Hustler,6183,2,326267,0
12574,Heart Of A Hustler,6234,2,326267,0
12575,Heart Of A Hustler,6555,2,326267,0
12576,Heart Of A Hustler,6830,2,326267,0
12577,Heart Of A Hustler,6872,2,326267,0
12578,Heart Of A Hustler,8442,2,326267,0
12579,Heart Of A Hustler,8676,2,326267,0
12580,Heart Of A Hustler,8778,2,326267,0
12581,Heart Of A Hustler,9048,2,326267,0
12582,Heart Of A Hustler,9072,2,326267,0
12583,Heart Of A Hustler,9120,2,326267,0
12584,Heart Of A Hustler,9175,2,326267,0
12586,Heart Of A Hustler,9283,2,326267,0
12587,Heart Of A Hustler,9458,2,326267,0
12588,Heart Of A Hustler,9465,2,326267,0
12589,Heart Of A Hustler,9505,2,326267,0
12590,Heart Of A Hustler,9507,2,326267,0
12591,Heart Of A Hustler,9519,2,326267,0
12592,Heart Of A Hustler,9643,2,326267,0
12593,Heart Of A Hustler,9669,2,326267,0
12594,Heart Of A Hustler,9689,2,326267,0
12595,Heart Of A Hustler,9692,2,326267,0
12596,Heart Of A Hustler,9806,2,326267,0
12598,Heart Of A Hustler,10372,2,326267,0
12600,Heart Of A Hustler,10544,2,326267,0
12601,Heart Of A Hustler,10928,2,326267,0
12602,Heart Of A Hustler,11131,2,326267,0
12603,Heart Of A Hustler,11327,2,326267,0
12604,Heart Of A Hustler,11333,2,326267,0
12605,Heart Of A Hustler,11339,2,326267,0
12606,Heart Of A Hustler,11387,2,326267,0
12607,Heart Of A Hustler,11404,2,326267,0
12608,Heart Of A Hustler,12845,2,326267,0
12609,Heart Of A Hustler,12897,2,326267,0
12610,Heart Of A Hustler,12903,2,326267,0
12612,Heart Of A Hustler,14029,2,326267,0
12614,Heart Of A Hustler,15128,2,326267,0
12615,Heart Of A Hustler,16344,2,326267,0
12616,Heart Of A Hustler,16536,2,326267,0
12617,Heart Of A Hustler,16537,2,326267,0
12618,Heart Of A Hustler,16624,2,326267,0
12619,Heart Of A Hustler,16641,2,326267,0
12620,Heart Of A Hustler,16664,2,326267,0
12621,Heart Of A Hustler,16793,2,326267,0
12631,Fat Freestyle,6419,2,484763,3
12635,Anythang,741,2,341200,30
12637,Anythang,2850,2,341200,30
12639,Anythang,5530,2,341200,30
12640,Anythang,5535,2,341200,30
12641,Anythang,5630,2,341200,30
12642,Anythang,5633,2,341200,30
12645,Anythang,6183,2,341200,30
12646,Anythang,6234,2,341200,30
12647,Anythang,6555,2,341200,30
12648,Anythang,6830,2,341200,30
12649,Anythang,6872,2,341200,30
12650,Anythang,8442,2,341200,30
12651,Anythang,8676,2,341200,30
12652,Anythang,8778,2,341200,30
12653,Anythang,9048,2,341200,30
12654,Anythang,9072,2,341200,30
12655,Anythang,9120,2,341200,30
12656,Anythang,9175,2,341200,30
12658,Anythang,9283,2,341200,30
12659,Anythang,9458,2,341200,30
12660,Anythang,9465,2,341200,30
12661,Anythang,9505,2,341200,30
12662,Anythang,9507,2,341200,30
12663,Anythang,9519,2,341200,30
12664,Anythang,9643,2,341200,30
12665,Anythang,9669,2,341200,30
12666,Anythang,9689,2,341200,30
12667,Anythang,9692,2,341200,30
12668,Anythang,9806,2,341200,30
12670,Anythang,10372,2,341200,30
12672,Anythang,10544,2,341200,30
12673,Anythang,10928,2,341200,30
12674,Anythang,11131,2,341200,30
12675,Anythang,11327,2,341200,30
12676,Anythang,11333,2,341200,30
12677,Anythang,11339,2,341200,30
12678,Anythang,11387,2,341200,30
12679,Anythang,11404,2,341200,30
12680,Anythang,12845,2,341200,30
12681,Anythang,12897,2,341200,30
12682,Anythang,12903,2,341200,30
12684,Anythang,14029,2,341200,30
12686,Anythang,15128,2,341200,30
12687,Anythang,16344,2,341200,30
12688,Anythang,16536,2,341200,30
12689,Anythang,16537,2,341200,30
12690,Anythang,16624,2,341200,30
12691,Anythang,16641,2,341200,30
12692,Anythang,16664,2,341200,30
12693,Anythang,16793,2,341200,30
12711,If You Only Knew - Feat. Celicia Ward,6424,2,282800,30
12712,Jammin Screw,6424,2,224320,27
12715,Full Time Player,741,2,318827,0
12717,Full Time Player,2850,2,318827,0
12719,Full Time Player,5530,2,318827,0
12720,Full Time Player,5535,2,318827,0
12721,Full Time Player,5630,2,318827,0
12722,Full Time Player,5633,2,318827,0
12725,Full Time Player,6183,2,318827,0
12726,Full Time Player,6234,2,318827,0
12727,Full Time Player,6555,2,318827,0
12728,Full Time Player,6830,2,318827,0
12729,Full Time Player,6872,2,318827,0
12730,Full Time Player,8442,2,318827,0
12731,Full Time Player,8676,2,318827,0
12732,Full Time Player,8778,2,318827,0
12733,Full Time Player,9048,2,318827,0
12734,Full Time Player,9072,2,318827,0
12735,Full Time Player,9120,2,318827,0
12736,Full Time Player,9175,2,318827,0
12738,Full Time Player,9283,2,318827,0
12739,Full Time Player,9458,2,318827,0
12740,Full Time Player,9465,2,318827,0
12741,Full Time Player,9505,2,318827,0
12742,Full Time Player,9507,2,318827,0
12743,Full Time Player,9519,2,318827,0
12744,Full Time Player,9643,2,318827,0
12745,Full Time Player,9669,2,318827,0
12746,Full Time Player,9689,2,318827,0
12747,Full Time Player,9692,2,318827,0
12748,Full Time Player,9806,2,318827,0
12750,Full Time Player,10372,2,318827,0
12752,Full Time Player,10544,2,318827,0
12753,Full Time Player,10928,2,318827,0
12754,Full Time Player,11131,2,318827,0
12755,Full Time Player,11327,2,318827,0
12756,Full Time Player,11333,2,318827,0
12757,Full Time Player,11339,2,318827,0
12758,Full Time Player,11387,2,318827,0
12759,Full Time Player,11404,2,318827,0
12760,Full Time Player,12845,2,318827,0
12761,Full Time Player,12897,2,318827,0
12762,Full Time Player,12903,2,318827,0
12764,Full Time Player,14029,2,318827,0
12766,Full Time Player,15128,2,318827,0
12767,Full Time Player,16344,2,318827,0
12768,Full Time Player,16536,2,318827,0
12769,Full Time Player,16537,2,318827,0
12770,Full Time Player,16624,2,318827,0
12771,Full Time Player,16641,2,318827,0
12772,Full Time Player,16664,2,318827,0
12773,Full Time Player,16793,2,318827,0
12777,Body Roc,6413,2,339253,33
12778,Body Roc,6426,2,339253,33
13038,Ether,6553,2,277707,0
13039,I Can,6554,2,253720,0
13041,Bridging the Gap,741,2,235613,0
13043,Bridging the Gap,2850,2,235613,0
13045,Bridging the Gap,5530,2,235613,0
13046,Bridging the Gap,5535,2,235613,0
13047,Bridging the Gap,5630,2,235613,0
13048,Bridging the Gap,5633,2,235613,0
13051,Bridging the Gap,6183,2,235613,0
13052,Bridging the Gap,6234,2,235613,0
13053,Bridging the Gap,6555,2,235613,0
13054,Bridging the Gap,6830,2,235613,0
13055,Bridging the Gap,6872,2,235613,0
13056,Bridging the Gap,8442,2,235613,0
13057,Bridging the Gap,8676,2,235613,0
13058,Bridging the Gap,8778,2,235613,0
13059,Bridging the Gap,9048,2,235613,0
13060,Bridging the Gap,9072,2,235613,0
13061,Bridging the Gap,9120,2,235613,0
13062,Bridging the Gap,9175,2,235613,0
13064,Bridging the Gap,9283,2,235613,0
13065,Bridging the Gap,9458,2,235613,0
13066,Bridging the Gap,9465,2,235613,0
13067,Bridging the Gap,9505,2,235613,0
13068,Bridging the Gap,9507,2,235613,0
13069,Bridging the Gap,9519,2,235613,0
13070,Bridging the Gap,9643,2,235613,0
13071,Bridging the Gap,9669,2,235613,0
13072,Bridging the Gap,9689,2,235613,0
13073,Bridging the Gap,9692,2,235613,0
13074,Bridging the Gap,9806,2,235613,0
13076,Bridging the Gap,10372,2,235613,0
13078,Bridging the Gap,10544,2,235613,0
13079,Bridging the Gap,10928,2,235613,0
13080,Bridging the Gap,11131,2,235613,0
13081,Bridging the Gap,11327,2,235613,0
13082,Bridging the Gap,11333,2,235613,0
13083,Bridging the Gap,11339,2,235613,0
13084,Bridging the Gap,11387,2,235613,0
13085,Bridging the Gap,11404,2,235613,0
13086,Bridging the Gap,12845,2,235613,0
13087,Bridging the Gap,12897,2,235613,0
13088,Bridging the Gap,12903,2,235613,0
13090,Bridging the Gap,14029,2,235613,0
13092,Bridging the Gap,15128,2,235613,0
13093,Bridging the Gap,16344,2,235613,0
13094,Bridging the Gap,16536,2,235613,0
13095,Bridging the Gap,16537,2,235613,0
13096,Bridging the Gap,16624,2,235613,0
13097,Bridging the Gap,16641,2,235613,0
13098,Bridging the Gap,16664,2,235613,0
13099,Bridging the Gap,16793,2,235613,0
13116,"Click, Clack - Get Back!",6251,2,190533,24
13123,Ether,6553,2,277707,21
13125,Gangsta Nation,5544,2,293053,66
13127,Gimme the Loot - 2005 Remaster,6204,2,304147,64
13130,Got Ur Self A...,741,2,228747,0
13132,Got Ur Self A...,2850,2,228747,0
13134,Got Ur Self A...,5530,2,228747,0
13135,Got Ur Self A...,5535,2,228747,0
13136,Got Ur Self A...,5630,2,228747,0
13137,Got Ur Self A...,5633,2,228747,0
13140,Got Ur Self A...,6183,2,228747,0
13141,Got Ur Self A...,6234,2,228747,0
13142,Got Ur Self A...,6555,2,228747,0
13143,Got Ur Self A...,6830,2,228747,0
13144,Got Ur Self A...,6872,2,228747,0
13145,Got Ur Self A...,8442,2,228747,0
13146,Got Ur Self A...,8676,2,228747,0
13147,Got Ur Self A...,8778,2,228747,0
13148,Got Ur Self A...,9048,2,228747,0
13149,Got Ur Self A...,9072,2,228747,0
13150,Got Ur Self A...,9120,2,228747,0
13151,Got Ur Self A...,9175,2,228747,0
13153,Got Ur Self A...,9283,2,228747,0
13154,Got Ur Self A...,9458,2,228747,0
13155,Got Ur Self A...,9465,2,228747,0
13156,Got Ur Self A...,9505,2,228747,0
13157,Got Ur Self A...,9507,2,228747,0
13158,Got Ur Self A...,9519,2,228747,0
13159,Got Ur Self A...,9643,2,228747,0
13160,Got Ur Self A...,9669,2,228747,0
13161,Got Ur Self A...,9689,2,228747,0
13162,Got Ur Self A...,9692,2,228747,0
13163,Got Ur Self A...,9806,2,228747,0
13165,Got Ur Self A...,10372,2,228747,0
13167,Got Ur Self A...,10544,2,228747,0
13168,Got Ur Self A...,10928,2,228747,0
13169,Got Ur Self A...,11131,2,228747,0
13170,Got Ur Self A...,11327,2,228747,0
13171,Got Ur Self A...,11333,2,228747,0
13172,Got Ur Self A...,11339,2,228747,0
13173,Got Ur Self A...,11387,2,228747,0
13174,Got Ur Self A...,11404,2,228747,0
13175,Got Ur Self A...,12845,2,228747,0
13176,Got Ur Self A...,12897,2,228747,0
13177,Got Ur Self A...,12903,2,228747,0
13179,Got Ur Self A...,14029,2,228747,0
13181,Got Ur Self A...,15128,2,228747,0
13182,Got Ur Self A...,16344,2,228747,0
13183,Got Ur Self A...,16536,2,228747,0
13184,Got Ur Self A...,16537,2,228747,0
13185,Got Ur Self A...,16624,2,228747,0
13186,Got Ur Self A...,16641,2,228747,0
13187,Got Ur Self A...,16664,2,228747,0
13188,Got Ur Self A...,16793,2,228747,0
13191,Hail Mary,6570,2,312080,0
13192,Hail Mary,7143,2,312080,0
13194,Hate Me Now (feat.- Puff Daddy),741,2,285307,0
13196,Hate Me Now (feat.- Puff Daddy),2850,2,285307,0
13198,Hate Me Now (feat.- Puff Daddy),5530,2,285307,0
13199,Hate Me Now (feat.- Puff Daddy),5535,2,285307,0
13200,Hate Me Now (feat.- Puff Daddy),5630,2,285307,0
13201,Hate Me Now (feat.- Puff Daddy),5633,2,285307,0
13204,Hate Me Now (feat.- Puff Daddy),6183,2,285307,0
13205,Hate Me Now (feat.- Puff Daddy),6234,2,285307,0
13206,Hate Me Now (feat.- Puff Daddy),6555,2,285307,0
13207,Hate Me Now (feat.- Puff Daddy),6830,2,285307,0
13208,Hate Me Now (feat.- Puff Daddy),6872,2,285307,0
13209,Hate Me Now (feat.- Puff Daddy),8442,2,285307,0
13210,Hate Me Now (feat.- Puff Daddy),8676,2,285307,0
13211,Hate Me Now (feat.- Puff Daddy),8778,2,285307,0
13212,Hate Me Now (feat.- Puff Daddy),9048,2,285307,0
13213,Hate Me Now (feat.- Puff Daddy),9072,2,285307,0
13214,Hate Me Now (feat.- Puff Daddy),9120,2,285307,0
13215,Hate Me Now (feat.- Puff Daddy),9175,2,285307,0
13217,Hate Me Now (feat.- Puff Daddy),9283,2,285307,0
13218,Hate Me Now (feat.- Puff Daddy),9458,2,285307,0
13219,Hate Me Now (feat.- Puff Daddy),9465,2,285307,0
13220,Hate Me Now (feat.- Puff Daddy),9505,2,285307,0
13221,Hate Me Now (feat.- Puff Daddy),9507,2,285307,0
13222,Hate Me Now (feat.- Puff Daddy),9519,2,285307,0
13223,Hate Me Now (feat.- Puff Daddy),9643,2,285307,0
13224,Hate Me Now (feat.- Puff Daddy),9669,2,285307,0
13225,Hate Me Now (feat.- Puff Daddy),9689,2,285307,0
13226,Hate Me Now (feat.- Puff Daddy),9692,2,285307,0
13227,Hate Me Now (feat.- Puff Daddy),9806,2,285307,0
13229,Hate Me Now (feat.- Puff Daddy),10372,2,285307,0
13231,Hate Me Now (feat.- Puff Daddy),10544,2,285307,0
13232,Hate Me Now (feat.- Puff Daddy),10928,2,285307,0
13233,Hate Me Now (feat.- Puff Daddy),11131,2,285307,0
13234,Hate Me Now (feat.- Puff Daddy),11327,2,285307,0
13235,Hate Me Now (feat.- Puff Daddy),11333,2,285307,0
13236,Hate Me Now (feat.- Puff Daddy),11339,2,285307,0
13237,Hate Me Now (feat.- Puff Daddy),11387,2,285307,0
13238,Hate Me Now (feat.- Puff Daddy),11404,2,285307,0
13239,Hate Me Now (feat.- Puff Daddy),12845,2,285307,0
13240,Hate Me Now (feat.- Puff Daddy),12897,2,285307,0
13241,Hate Me Now (feat.- Puff Daddy),12903,2,285307,0
13243,Hate Me Now (feat.- Puff Daddy),14029,2,285307,0
13245,Hate Me Now (feat.- Puff Daddy),15128,2,285307,0
13246,Hate Me Now (feat.- Puff Daddy),16344,2,285307,0
13247,Hate Me Now (feat.- Puff Daddy),16536,2,285307,0
13248,Hate Me Now (feat.- Puff Daddy),16537,2,285307,0
13249,Hate Me Now (feat.- Puff Daddy),16624,2,285307,0
13250,Hate Me Now (feat.- Puff Daddy),16641,2,285307,0
13251,Hate Me Now (feat.- Puff Daddy),16664,2,285307,0
13252,Hate Me Now (feat.- Puff Daddy),16793,2,285307,0
13258,Hit 'Em Up - Single Version,741,2,312627,65
13260,Hit 'Em Up - Single Version,2850,2,312627,65
13262,Hit 'Em Up - Single Version,5530,2,312627,65
13263,Hit 'Em Up - Single Version,5535,2,312627,65
13264,Hit 'Em Up - Single Version,5630,2,312627,65
13265,Hit 'Em Up - Single Version,5633,2,312627,65
13268,Hit 'Em Up - Single Version,6183,2,312627,65
13269,Hit 'Em Up - Single Version,6234,2,312627,65
13270,Hit 'Em Up - Single Version,6555,2,312627,65
13271,Hit 'Em Up - Single Version,6830,2,312627,65
13272,Hit 'Em Up - Single Version,6872,2,312627,65
13273,Hit 'Em Up - Single Version,8442,2,312627,65
13274,Hit 'Em Up - Single Version,8676,2,312627,65
13275,Hit 'Em Up - Single Version,8778,2,312627,65
13276,Hit 'Em Up - Single Version,9048,2,312627,65
13277,Hit 'Em Up - Single Version,9072,2,312627,65
13278,Hit 'Em Up - Single Version,9120,2,312627,65
13279,Hit 'Em Up - Single Version,9175,2,312627,65
13281,Hit 'Em Up - Single Version,9283,2,312627,65
13282,Hit 'Em Up - Single Version,9458,2,312627,65
13283,Hit 'Em Up - Single Version,9465,2,312627,65
13284,Hit 'Em Up - Single Version,9505,2,312627,65
13285,Hit 'Em Up - Single Version,9507,2,312627,65
13286,Hit 'Em Up - Single Version,9519,2,312627,65
13287,Hit 'Em Up - Single Version,9643,2,312627,65
13288,Hit 'Em Up - Single Version,9669,2,312627,65
13289,Hit 'Em Up - Single Version,9689,2,312627,65
13290,Hit 'Em Up - Single Version,9692,2,312627,65
13291,Hit 'Em Up - Single Version,9806,2,312627,65
13293,Hit 'Em Up - Single Version,10372,2,312627,65
13295,Hit 'Em Up - Single Version,10544,2,312627,65
13296,Hit 'Em Up - Single Version,10928,2,312627,65
13297,Hit 'Em Up - Single Version,11131,2,312627,65
13298,Hit 'Em Up - Single Version,11327,2,312627,65
13299,Hit 'Em Up - Single Version,11333,2,312627,65
13300,Hit 'Em Up - Single Version,11339,2,312627,65
13301,Hit 'Em Up - Single Version,11387,2,312627,65
13302,Hit 'Em Up - Single Version,11404,2,312627,65
13303,Hit 'Em Up - Single Version,12845,2,312627,65
13304,Hit 'Em Up - Single Version,12897,2,312627,65
13305,Hit 'Em Up - Single Version,12903,2,312627,65
13307,Hit 'Em Up - Single Version,14029,2,312627,65
13309,Hit 'Em Up - Single Version,15128,2,312627,65
13310,Hit 'Em Up - Single Version,16344,2,312627,65
13311,Hit 'Em Up - Single Version,16536,2,312627,65
13312,Hit 'Em Up - Single Version,16537,2,312627,65
13313,Hit 'Em Up - Single Version,16624,2,312627,65
13314,Hit 'Em Up - Single Version,16641,2,312627,65
13315,Hit 'Em Up - Single Version,16664,2,312627,65
13316,Hit 'Em Up - Single Version,16793,2,312627,65
13328,Juicy - 2007 Remaster,741,2,301467,62
13330,Juicy - 2007 Remaster,2850,2,301467,62
13332,Juicy - 2007 Remaster,5530,2,301467,62
13333,Juicy - 2007 Remaster,5535,2,301467,62
13334,Juicy - 2007 Remaster,5630,2,301467,62
13335,Juicy - 2007 Remaster,5633,2,301467,62
13338,Juicy - 2007 Remaster,6183,2,301467,62
13339,Juicy - 2007 Remaster,6234,2,301467,62
13340,Juicy - 2007 Remaster,6555,2,301467,62
13341,Juicy - 2007 Remaster,6830,2,301467,62
13342,Juicy - 2007 Remaster,6872,2,301467,62
13343,Juicy - 2007 Remaster,8442,2,301467,62
13344,Juicy - 2007 Remaster,8676,2,301467,62
13345,Juicy - 2007 Remaster,8778,2,301467,62
13346,Juicy - 2007 Remaster,9048,2,301467,62
13347,Juicy - 2007 Remaster,9072,2,301467,62
13348,Juicy - 2007 Remaster,9120,2,301467,62
13349,Juicy - 2007 Remaster,9175,2,301467,62
13351,Juicy - 2007 Remaster,9283,2,301467,62
13352,Juicy - 2007 Remaster,9458,2,301467,62
13353,Juicy - 2007 Remaster,9465,2,301467,62
13354,Juicy - 2007 Remaster,9505,2,301467,62
13355,Juicy - 2007 Remaster,9507,2,301467,62
13356,Juicy - 2007 Remaster,9519,2,301467,62
13357,Juicy - 2007 Remaster,9643,2,301467,62
13358,Juicy - 2007 Remaster,9669,2,301467,62
13359,Juicy - 2007 Remaster,9689,2,301467,62
13360,Juicy - 2007 Remaster,9692,2,301467,62
13361,Juicy - 2007 Remaster,9806,2,301467,62
13363,Juicy - 2007 Remaster,10372,2,301467,62
13365,Juicy - 2007 Remaster,10544,2,301467,62
13366,Juicy - 2007 Remaster,10928,2,301467,62
13367,Juicy - 2007 Remaster,11131,2,301467,62
13368,Juicy - 2007 Remaster,11327,2,301467,62
13369,Juicy - 2007 Remaster,11333,2,301467,62
13370,Juicy - 2007 Remaster,11339,2,301467,62
13371,Juicy - 2007 Remaster,11387,2,301467,62
13372,Juicy - 2007 Remaster,11404,2,301467,62
13373,Juicy - 2007 Remaster,12845,2,301467,62
13374,Juicy - 2007 Remaster,12897,2,301467,62
13375,Juicy - 2007 Remaster,12903,2,301467,62
13377,Juicy - 2007 Remaster,14029,2,301467,62
13379,Juicy - 2007 Remaster,15128,2,301467,62
13380,Juicy - 2007 Remaster,16344,2,301467,62
13381,Juicy - 2007 Remaster,16536,2,301467,62
13382,Juicy - 2007 Remaster,16537,2,301467,62
13383,Juicy - 2007 Remaster,16624,2,301467,62
13384,Juicy - 2007 Remaster,16641,2,301467,62
13385,Juicy - 2007 Remaster,16664,2,301467,62
13386,Juicy - 2007 Remaster,16793,2,301467,62
13390,Kick In The Door,6575,2,286267,0
13394,Machine Gun Funk - 2006 Remaster,6204,2,255893,60
13404,Party and Bullshit - 2008 Remaster,6578,2,217000,60
13411,Runnin' (Dying To Live),6582,2,231987,45
13417,Thug 4 Life,5584,2,173453,0
13418,Thug 4 Life,6583,2,173453,0
13421,Toss It Up,741,2,282800,40
13423,Toss It Up,2850,2,282800,40
13425,Toss It Up,5530,2,282800,40
13426,Toss It Up,5535,2,282800,40
13427,Toss It Up,5630,2,282800,40
13428,Toss It Up,5633,2,282800,40
13431,Toss It Up,6183,2,282800,40
13432,Toss It Up,6234,2,282800,40
13433,Toss It Up,6555,2,282800,40
13434,Toss It Up,6830,2,282800,40
13435,Toss It Up,6872,2,282800,40
13436,Toss It Up,8442,2,282800,40
13437,Toss It Up,8676,2,282800,40
13438,Toss It Up,8778,2,282800,40
13439,Toss It Up,9048,2,282800,40
13440,Toss It Up,9072,2,282800,40
13441,Toss It Up,9120,2,282800,40
13442,Toss It Up,9175,2,282800,40
13444,Toss It Up,9283,2,282800,40
13445,Toss It Up,9458,2,282800,40
13446,Toss It Up,9465,2,282800,40
13447,Toss It Up,9505,2,282800,40
13448,Toss It Up,9507,2,282800,40
13449,Toss It Up,9519,2,282800,40
13450,Toss It Up,9643,2,282800,40
13451,Toss It Up,9669,2,282800,40
13452,Toss It Up,9689,2,282800,40
13453,Toss It Up,9692,2,282800,40
13454,Toss It Up,9806,2,282800,40
13456,Toss It Up,10372,2,282800,40
13458,Toss It Up,10544,2,282800,40
13459,Toss It Up,10928,2,282800,40
13460,Toss It Up,11131,2,282800,40
13461,Toss It Up,11327,2,282800,40
13462,Toss It Up,11333,2,282800,40
13463,Toss It Up,11339,2,282800,40
13464,Toss It Up,11387,2,282800,40
13465,Toss It Up,11404,2,282800,40
13466,Toss It Up,12845,2,282800,40
13467,Toss It Up,12897,2,282800,40
13468,Toss It Up,12903,2,282800,40
13470,Toss It Up,14029,2,282800,40
13472,Toss It Up,15128,2,282800,40
13473,Toss It Up,16344,2,282800,40
13474,Toss It Up,16536,2,282800,40
13475,Toss It Up,16537,2,282800,40
13476,Toss It Up,16624,2,282800,40
13477,Toss It Up,16641,2,282800,40
13478,Toss It Up,16664,2,282800,40
13479,Toss It Up,16793,2,282800,40
13483,Troublesome '96,741,2,277267,50
13485,Troublesome '96,2850,2,277267,50
13487,Troublesome '96,5530,2,277267,50
13488,Troublesome '96,5535,2,277267,50
13489,Troublesome '96,5630,2,277267,50
13490,Troublesome '96,5633,2,277267,50
13493,Troublesome '96,6183,2,277267,50
13494,Troublesome '96,6234,2,277267,50
13495,Troublesome '96,6555,2,277267,50
13496,Troublesome '96,6830,2,277267,50
13497,Troublesome '96,6872,2,277267,50
13498,Troublesome '96,8442,2,277267,50
13499,Troublesome '96,8676,2,277267,50
13500,Troublesome '96,8778,2,277267,50
13501,Troublesome '96,9048,2,277267,50
13502,Troublesome '96,9072,2,277267,50
13503,Troublesome '96,9120,2,277267,50
13504,Troublesome '96,9175,2,277267,50
13506,Troublesome '96,9283,2,277267,50
13507,Troublesome '96,9458,2,277267,50
13508,Troublesome '96,9465,2,277267,50
13509,Troublesome '96,9505,2,277267,50
13510,Troublesome '96,9507,2,277267,50
13511,Troublesome '96,9519,2,277267,50
13512,Troublesome '96,9643,2,277267,50
13513,Troublesome '96,9669,2,277267,50
13514,Troublesome '96,9689,2,277267,50
13515,Troublesome '96,9692,2,277267,50
13516,Troublesome '96,9806,2,277267,50
13518,Troublesome '96,10372,2,277267,50
13520,Troublesome '96,10544,2,277267,50
13521,Troublesome '96,10928,2,277267,50
13522,Troublesome '96,11131,2,277267,50
13523,Troublesome '96,11327,2,277267,50
13524,Troublesome '96,11333,2,277267,50
13525,Troublesome '96,11339,2,277267,50
13526,Troublesome '96,11387,2,277267,50
13527,Troublesome '96,11404,2,277267,50
13528,Troublesome '96,12845,2,277267,50
13529,Troublesome '96,12897,2,277267,50
13530,Troublesome '96,12903,2,277267,50
13532,Troublesome '96,14029,2,277267,50
13534,Troublesome '96,15128,2,277267,50
13535,Troublesome '96,16344,2,277267,50
13536,Troublesome '96,16536,2,277267,50
13537,Troublesome '96,16537,2,277267,50
13538,Troublesome '96,16624,2,277267,50
13539,Troublesome '96,16641,2,277267,50
13540,Troublesome '96,16664,2,277267,50
13541,Troublesome '96,16793,2,277267,50
13650,Why We Thugs,6251,2,224107,62
13686,Smoke Some Weed,6251,2,226520,51
13689,Breathin,6663,2,244827,1
13690,Who Shot Ya? - 2005 Remaster,6664,2,228040,47
13691,Ghetto Vet,6665,2,278307,38
13713,No Vaseline,6680,2,312467,3
13725,It Was A Good Day,5553,2,260000,74
13730,Check Yo Self - Remix,6235,2,273107,69
13733,Smoke Some Weed,6251,2,226520,34
13734,"Y'all Know How I Am Feat. Omg, Doughboy, Wc, Maylay",6693,2,138473,28
13888,Changes,741,2,268827,62
13890,Changes,2850,2,268827,62
13892,Changes,5530,2,268827,62
13893,Changes,5535,2,268827,62
13894,Changes,5630,2,268827,62
13895,Changes,5633,2,268827,62
13898,Changes,6183,2,268827,62
13899,Changes,6234,2,268827,62
13900,Changes,6555,2,268827,62
13901,Changes,6830,2,268827,62
13902,Changes,6872,2,268827,62
13903,Changes,8442,2,268827,62
13904,Changes,8676,2,268827,62
13905,Changes,8778,2,268827,62
13906,Changes,9048,2,268827,62
13907,Changes,9072,2,268827,62
13908,Changes,9120,2,268827,62
13909,Changes,9175,2,268827,62
13911,Changes,9283,2,268827,62
13912,Changes,9458,2,268827,62
13913,Changes,9465,2,268827,62
13914,Changes,9505,2,268827,62
13915,Changes,9507,2,268827,62
13916,Changes,9519,2,268827,62
13917,Changes,9643,2,268827,62
13918,Changes,9669,2,268827,62
13919,Changes,9689,2,268827,62
13920,Changes,9692,2,268827,62
13921,Changes,9806,2,268827,62
13923,Changes,10372,2,268827,62
13925,Changes,10544,2,268827,62
13926,Changes,10928,2,268827,62
13927,Changes,11131,2,268827,62
13928,Changes,11327,2,268827,62
13929,Changes,11333,2,268827,62
13930,Changes,11339,2,268827,62
13931,Changes,11387,2,268827,62
13932,Changes,11404,2,268827,62
13933,Changes,12845,2,268827,62
13934,Changes,12897,2,268827,62
13935,Changes,12903,2,268827,62
13937,Changes,14029,2,268827,62
13939,Changes,15128,2,268827,62
13940,Changes,16344,2,268827,62
13941,Changes,16536,2,268827,62
13942,Changes,16537,2,268827,62
13943,Changes,16624,2,268827,62
13944,Changes,16641,2,268827,62
13945,Changes,16664,2,268827,62
13946,Changes,16793,2,268827,62
13958,I Don't Give A Fuck,6790,2,260173,46
13963,Juicy - 2005 Remaster,6204,2,302693,76
13970,Big Poppa - 2005 Remaster,6204,2,252747,74
13976,Ambitionz Az A Ridah,4864,2,278387,77
13979,Nonstop,2359,2,238613,13
13983,Money In The Grave (Drake ft. Rick Ross),4887,2,205427,88
13993,God's Plan,2359,2,198973,12
13999,Hypnotize - 2014 Remaster,6797,2,229827,75
14031,It Was A Good Day,6665,2,260307,60
14033,Everyday Struggle - 2005 Remaster,6204,2,319400,57
14037,Things Done Changed - 2005 Remaster,6204,2,238107,52
14039,I Seen A Man Die,741,2,239560,32
14041,I Seen A Man Die,2850,2,239560,32
14043,I Seen A Man Die,5530,2,239560,32
14044,I Seen A Man Die,5535,2,239560,32
14045,I Seen A Man Die,5630,2,239560,32
14046,I Seen A Man Die,5633,2,239560,32
14049,I Seen A Man Die,6183,2,239560,32
14050,I Seen A Man Die,6234,2,239560,32
14051,I Seen A Man Die,6555,2,239560,32
14052,I Seen A Man Die,6830,2,239560,32
14053,I Seen A Man Die,6872,2,239560,32
14054,I Seen A Man Die,8442,2,239560,32
14055,I Seen A Man Die,8676,2,239560,32
14056,I Seen A Man Die,8778,2,239560,32
14057,I Seen A Man Die,9048,2,239560,32
14058,I Seen A Man Die,9072,2,239560,32
14059,I Seen A Man Die,9120,2,239560,32
14060,I Seen A Man Die,9175,2,239560,32
14062,I Seen A Man Die,9283,2,239560,32
14063,I Seen A Man Die,9458,2,239560,32
14064,I Seen A Man Die,9465,2,239560,32
14065,I Seen A Man Die,9505,2,239560,32
14066,I Seen A Man Die,9507,2,239560,32
14067,I Seen A Man Die,9519,2,239560,32
14068,I Seen A Man Die,9643,2,239560,32
14069,I Seen A Man Die,9669,2,239560,32
14070,I Seen A Man Die,9689,2,239560,32
14071,I Seen A Man Die,9692,2,239560,32
14072,I Seen A Man Die,9806,2,239560,32
14074,I Seen A Man Die,10372,2,239560,32
14076,I Seen A Man Die,10544,2,239560,32
14077,I Seen A Man Die,10928,2,239560,32
14078,I Seen A Man Die,11131,2,239560,32
14079,I Seen A Man Die,11327,2,239560,32
14080,I Seen A Man Die,11333,2,239560,32
14081,I Seen A Man Die,11339,2,239560,32
14082,I Seen A Man Die,11387,2,239560,32
14083,I Seen A Man Die,11404,2,239560,32
14084,I Seen A Man Die,12845,2,239560,32
14085,I Seen A Man Die,12897,2,239560,32
14086,I Seen A Man Die,12903,2,239560,32
14088,I Seen A Man Die,14029,2,239560,32
14090,I Seen A Man Die,15128,2,239560,32
14091,I Seen A Man Die,16344,2,239560,32
14092,I Seen A Man Die,16536,2,239560,32
14093,I Seen A Man Die,16537,2,239560,32
14094,I Seen A Man Die,16624,2,239560,32
14095,I Seen A Man Die,16641,2,239560,32
14096,I Seen A Man Die,16664,2,239560,32
14097,I Seen A Man Die,16793,2,239560,32
14101,How Many Mics,6278,2,268933,1
14118,Ready or Not,6278,2,226987,8
14120,Life's A Bitch - Explicit Album Version,6823,2,209307,0
14131,No Tears,5689,2,146280,0
14132,No Tears,6828,2,146280,0
14135,Ready to Die - 2006 Remaster,6204,2,264547,56
14140,You Know How We Do It,741,2,232787,60
14142,You Know How We Do It,2850,2,232787,60
14144,You Know How We Do It,5530,2,232787,60
14145,You Know How We Do It,5535,2,232787,60
14146,You Know How We Do It,5630,2,232787,60
14147,You Know How We Do It,5633,2,232787,60
14150,You Know How We Do It,6183,2,232787,60
14151,You Know How We Do It,6234,2,232787,60
14152,You Know How We Do It,6555,2,232787,60
14153,You Know How We Do It,6830,2,232787,60
14154,You Know How We Do It,6872,2,232787,60
14155,You Know How We Do It,8442,2,232787,60
14156,You Know How We Do It,8676,2,232787,60
14157,You Know How We Do It,8778,2,232787,60
14158,You Know How We Do It,9048,2,232787,60
14159,You Know How We Do It,9072,2,232787,60
14160,You Know How We Do It,9120,2,232787,60
14161,You Know How We Do It,9175,2,232787,60
14163,You Know How We Do It,9283,2,232787,60
14164,You Know How We Do It,9458,2,232787,60
14165,You Know How We Do It,9465,2,232787,60
14166,You Know How We Do It,9505,2,232787,60
14167,You Know How We Do It,9507,2,232787,60
14168,You Know How We Do It,9519,2,232787,60
14169,You Know How We Do It,9643,2,232787,60
14170,You Know How We Do It,9669,2,232787,60
14171,You Know How We Do It,9689,2,232787,60
14172,You Know How We Do It,9692,2,232787,60
14173,You Know How We Do It,9806,2,232787,60
14175,You Know How We Do It,10372,2,232787,60
14177,You Know How We Do It,10544,2,232787,60
14178,You Know How We Do It,10928,2,232787,60
14179,You Know How We Do It,11131,2,232787,60
14180,You Know How We Do It,11327,2,232787,60
14181,You Know How We Do It,11333,2,232787,60
14182,You Know How We Do It,11339,2,232787,60
14183,You Know How We Do It,11387,2,232787,60
14184,You Know How We Do It,11404,2,232787,60
14185,You Know How We Do It,12845,2,232787,60
14186,You Know How We Do It,12897,2,232787,60
14187,You Know How We Do It,12903,2,232787,60
14189,You Know How We Do It,14029,2,232787,60
14191,You Know How We Do It,15128,2,232787,60
14192,You Know How We Do It,16344,2,232787,60
14193,You Know How We Do It,16536,2,232787,60
14194,You Know How We Do It,16537,2,232787,60
14195,You Know How We Do It,16624,2,232787,60
14196,You Know How We Do It,16641,2,232787,60
14197,You Know How We Do It,16664,2,232787,60
14198,You Know How We Do It,16793,2,232787,60
14210,Represent - Explicit Album Version,6823,2,252560,0
14213,All About the Benjamins,7139,2,277867,56
14216,The Message,6836,2,234093,64
14221,Only God Can Judge Me,4864,2,296907,68
14236,One Time 4 Your Mind,6823,2,198800,50
14238,Long Kiss Goodnight,6575,2,318467,0
14241,The What,6204,2,237480,58
14252,Mo Money Mo Problems (feat. Mase & Puff Daddy),6848,2,257840,3
14296,If I Ruled the World (Imagine That) (feat. Lauryn Hill),6836,2,282373,68
14297,Who Shot Ya? - 2005 Remaster,6204,2,319373,68
14304,It Was A Good Day,5553,2,260000,2
14306,Bow Down - Edit,741,2,206827,26
14308,Bow Down - Edit,2850,2,206827,26
14310,Bow Down - Edit,5530,2,206827,26
14311,Bow Down - Edit,5535,2,206827,26
14312,Bow Down - Edit,5630,2,206827,26
14313,Bow Down - Edit,5633,2,206827,26
14316,Bow Down - Edit,6183,2,206827,26
14317,Bow Down - Edit,6234,2,206827,26
14318,Bow Down - Edit,6555,2,206827,26
14319,Bow Down - Edit,6830,2,206827,26
14320,Bow Down - Edit,6872,2,206827,26
14321,Bow Down - Edit,8442,2,206827,26
14322,Bow Down - Edit,8676,2,206827,26
14323,Bow Down - Edit,8778,2,206827,26
14324,Bow Down - Edit,9048,2,206827,26
14325,Bow Down - Edit,9072,2,206827,26
14326,Bow Down - Edit,9120,2,206827,26
14327,Bow Down - Edit,9175,2,206827,26
14329,Bow Down - Edit,9283,2,206827,26
14330,Bow Down - Edit,9458,2,206827,26
14331,Bow Down - Edit,9465,2,206827,26
14332,Bow Down - Edit,9505,2,206827,26
14333,Bow Down - Edit,9507,2,206827,26
14334,Bow Down - Edit,9519,2,206827,26
14335,Bow Down - Edit,9643,2,206827,26
14336,Bow Down - Edit,9669,2,206827,26
14337,Bow Down - Edit,9689,2,206827,26
14338,Bow Down - Edit,9692,2,206827,26
14339,Bow Down - Edit,9806,2,206827,26
14341,Bow Down - Edit,10372,2,206827,26
14343,Bow Down - Edit,10544,2,206827,26
14344,Bow Down - Edit,10928,2,206827,26
14345,Bow Down - Edit,11131,2,206827,26
14346,Bow Down - Edit,11327,2,206827,26
14347,Bow Down - Edit,11333,2,206827,26
14348,Bow Down - Edit,11339,2,206827,26
14349,Bow Down - Edit,11387,2,206827,26
14350,Bow Down - Edit,11404,2,206827,26
14351,Bow Down - Edit,12845,2,206827,26
14352,Bow Down - Edit,12897,2,206827,26
14353,Bow Down - Edit,12903,2,206827,26
14355,Bow Down - Edit,14029,2,206827,26
14357,Bow Down - Edit,15128,2,206827,26
14358,Bow Down - Edit,16344,2,206827,26
14359,Bow Down - Edit,16536,2,206827,26
14360,Bow Down - Edit,16537,2,206827,26
14361,Bow Down - Edit,16624,2,206827,26
14362,Bow Down - Edit,16641,2,206827,26
14363,Bow Down - Edit,16664,2,206827,26
14364,Bow Down - Edit,16793,2,206827,26
14373,Hoo-Bangin' (WSCG Style),6140,2,237733,39
14374,Hoo-Bangin' (WSCG Style),6875,2,237733,39
14377,Call 9-1-1,6877,2,224573,24
14378,Changes,6878,2,268827,11
14379,Changes,6894,2,268827,11
14380,"The Gangsta, The Killa And The Dope Dealer",6140,2,251133,49
14381,"The Gangsta, The Killa And The Dope Dealer",6875,2,251133,49
14384,California Love - Original Version,6878,2,284907,2
14385,California Love - Original Version,6894,2,284907,2
14387,Smile,741,2,300600,60
14389,Smile,2850,2,300600,60
14391,Smile,5530,2,300600,60
14392,Smile,5535,2,300600,60
14393,Smile,5630,2,300600,60
14394,Smile,5633,2,300600,60
14397,Smile,6183,2,300600,60
14398,Smile,6234,2,300600,60
14399,Smile,6555,2,300600,60
14400,Smile,6830,2,300600,60
14401,Smile,6872,2,300600,60
14402,Smile,8442,2,300600,60
14403,Smile,8676,2,300600,60
14404,Smile,8778,2,300600,60
14405,Smile,9048,2,300600,60
14406,Smile,9072,2,300600,60
14407,Smile,9120,2,300600,60
14408,Smile,9175,2,300600,60
14410,Smile,9283,2,300600,60
14411,Smile,9458,2,300600,60
14412,Smile,9465,2,300600,60
14413,Smile,9505,2,300600,60
14414,Smile,9507,2,300600,60
14415,Smile,9519,2,300600,60
14416,Smile,9643,2,300600,60
14417,Smile,9669,2,300600,60
14418,Smile,9689,2,300600,60
14419,Smile,9692,2,300600,60
14420,Smile,9806,2,300600,60
14422,Smile,10372,2,300600,60
14424,Smile,10544,2,300600,60
14425,Smile,10928,2,300600,60
14426,Smile,11131,2,300600,60
14427,Smile,11327,2,300600,60
14428,Smile,11333,2,300600,60
14429,Smile,11339,2,300600,60
14430,Smile,11387,2,300600,60
14431,Smile,11404,2,300600,60
14432,Smile,12845,2,300600,60
14433,Smile,12897,2,300600,60
14434,Smile,12903,2,300600,60
14436,Smile,14029,2,300600,60
14438,Smile,15128,2,300600,60
14439,Smile,16344,2,300600,60
14440,Smile,16536,2,300600,60
14441,Smile,16537,2,300600,60
14442,Smile,16624,2,300600,60
14443,Smile,16641,2,300600,60
14444,Smile,16664,2,300600,60
14445,Smile,16793,2,300600,60
14449,Soldier Like Me,5584,2,230249,0
14450,Soldier Like Me,6583,2,230249,0
14452,Hail Mary,6878,2,312373,1
14453,Hail Mary,6894,2,312373,1
14460,Dear Mama,6883,2,276898,0
14461,Ready Or Not,6883,2,209189,0
14466,You Know How We Do It - Remastered,5536,2,232773,8
14469,All Eyez On Me,4864,2,307773,75
14471,2 Of Amerikaz Most Wanted,6878,2,246667,1
14472,2 Of Amerikaz Most Wanted,6894,2,246667,1
14475,California Love,6886,2,348000,31
14478,Ghetto Gospel,5584,2,238053,68
14479,Ghetto Gospel,6583,2,238053,68
14482,Hate Me Now (feat. Puff Daddy),6888,2,284000,62
14485,Can't C Me,4864,2,330760,65
14491,Potential Victims,5544,2,181733,41
14494,Hello - Feat. Dr. Dre And MC Ren,6892,2,232533,2
14496,Notorious Thugs - 2014 Remaster,6797,2,366880,66
14500,N.Y. State of Mind,6271,2,293973,66
14501,Hit 'Em Up - Single Version (Explicit),6878,2,312627,2
14502,Hit 'Em Up - Single Version (Explicit),6894,2,312627,2
14622,Hypnotize,6575,2,230053,6
14624,California Love - Original Mix,6959,2,284427,0
14626,Big Poppa - 2007 Remaster,741,2,249587,42
14628,Big Poppa - 2007 Remaster,2850,2,249587,42
14630,Big Poppa - 2007 Remaster,5530,2,249587,42
14631,Big Poppa - 2007 Remaster,5535,2,249587,42
14632,Big Poppa - 2007 Remaster,5630,2,249587,42
14633,Big Poppa - 2007 Remaster,5633,2,249587,42
14636,Big Poppa - 2007 Remaster,6183,2,249587,42
14637,Big Poppa - 2007 Remaster,6234,2,249587,42
14638,Big Poppa - 2007 Remaster,6555,2,249587,42
14639,Big Poppa - 2007 Remaster,6830,2,249587,42
14640,Big Poppa - 2007 Remaster,6872,2,249587,42
14641,Big Poppa - 2007 Remaster,8442,2,249587,42
14642,Big Poppa - 2007 Remaster,8676,2,249587,42
14643,Big Poppa - 2007 Remaster,8778,2,249587,42
14644,Big Poppa - 2007 Remaster,9048,2,249587,42
14645,Big Poppa - 2007 Remaster,9072,2,249587,42
14646,Big Poppa - 2007 Remaster,9120,2,249587,42
14647,Big Poppa - 2007 Remaster,9175,2,249587,42
14649,Big Poppa - 2007 Remaster,9283,2,249587,42
14650,Big Poppa - 2007 Remaster,9458,2,249587,42
14651,Big Poppa - 2007 Remaster,9465,2,249587,42
14652,Big Poppa - 2007 Remaster,9505,2,249587,42
14653,Big Poppa - 2007 Remaster,9507,2,249587,42
14654,Big Poppa - 2007 Remaster,9519,2,249587,42
14655,Big Poppa - 2007 Remaster,9643,2,249587,42
14656,Big Poppa - 2007 Remaster,9669,2,249587,42
14657,Big Poppa - 2007 Remaster,9689,2,249587,42
14658,Big Poppa - 2007 Remaster,9692,2,249587,42
14659,Big Poppa - 2007 Remaster,9806,2,249587,42
14661,Big Poppa - 2007 Remaster,10372,2,249587,42
14663,Big Poppa - 2007 Remaster,10544,2,249587,42
14664,Big Poppa - 2007 Remaster,10928,2,249587,42
14665,Big Poppa - 2007 Remaster,11131,2,249587,42
14666,Big Poppa - 2007 Remaster,11327,2,249587,42
14667,Big Poppa - 2007 Remaster,11333,2,249587,42
14668,Big Poppa - 2007 Remaster,11339,2,249587,42
14669,Big Poppa - 2007 Remaster,11387,2,249587,42
14670,Big Poppa - 2007 Remaster,11404,2,249587,42
14671,Big Poppa - 2007 Remaster,12845,2,249587,42
14672,Big Poppa - 2007 Remaster,12897,2,249587,42
14673,Big Poppa - 2007 Remaster,12903,2,249587,42
14675,Big Poppa - 2007 Remaster,14029,2,249587,42
14677,Big Poppa - 2007 Remaster,15128,2,249587,42
14678,Big Poppa - 2007 Remaster,16344,2,249587,42
14679,Big Poppa - 2007 Remaster,16536,2,249587,42
14680,Big Poppa - 2007 Remaster,16537,2,249587,42
14681,Big Poppa - 2007 Remaster,16624,2,249587,42
14682,Big Poppa - 2007 Remaster,16641,2,249587,42
14683,Big Poppa - 2007 Remaster,16664,2,249587,42
14684,Big Poppa - 2007 Remaster,16793,2,249587,42
14687,Notorious Thugs,6575,2,367960,3
14689,You Know How We Do It - Remastered,5536,2,232773,70
14697,2 Of Amerikaz Most Wanted,4864,2,246533,62
14701,Mo Money Mo Problems (feat. Puff Daddy & Mase) - 2014 Remaster,6797,2,257400,72
14705,All About U,4864,2,276813,65
14706,Got My Mind Made Up,4864,2,312640,56
14707,How Do You Want It,4864,2,287547,66
14708,Heartz Of Men,4864,2,283373,54
14709,I Ain't Mad At Cha,4864,2,293667,58
14710,Bow Down,6140,2,206827,57
14711,Bow Down,6875,2,206827,57
14715,Let Me Blow Ya Mind,2359,2,230133,71
14717,Get Down,6554,2,244253,57
14720,Gangstas Make The World Go Round,6140,2,272834,41
14721,Gangstas Make The World Go Round,6875,2,272834,41
14722,The Wrong Nigga To Fuck Wit,6146,2,168333,42
14763,Gyalchester,2387,2,189230,3
14783,Jumpman,4963,2,205879,7
14785,Back To Back,4959,2,170638,69
14827,KMT,2387,2,162638,64
14838,Behind Barz - Bonus,4733,2,163121,77
14939,No Vaseline,6146,2,313053,66
14942,Hail Mary,741,2,312373,61
14944,Hail Mary,2850,2,312373,61
14946,Hail Mary,5530,2,312373,61
14947,Hail Mary,5535,2,312373,61
14948,Hail Mary,5630,2,312373,61
14949,Hail Mary,5633,2,312373,61
14952,Hail Mary,6183,2,312373,61
14953,Hail Mary,6234,2,312373,61
14954,Hail Mary,6555,2,312373,61
14955,Hail Mary,6830,2,312373,61
14956,Hail Mary,6872,2,312373,61
14957,Hail Mary,8442,2,312373,61
14958,Hail Mary,8676,2,312373,61
14959,Hail Mary,8778,2,312373,61
14960,Hail Mary,9048,2,312373,61
14961,Hail Mary,9072,2,312373,61
14962,Hail Mary,9120,2,312373,61
14963,Hail Mary,9175,2,312373,61
14965,Hail Mary,9283,2,312373,61
14966,Hail Mary,9458,2,312373,61
14967,Hail Mary,9465,2,312373,61
14968,Hail Mary,9505,2,312373,61
14969,Hail Mary,9507,2,312373,61
14970,Hail Mary,9519,2,312373,61
14971,Hail Mary,9643,2,312373,61
14972,Hail Mary,9669,2,312373,61
14973,Hail Mary,9689,2,312373,61
14974,Hail Mary,9692,2,312373,61
14975,Hail Mary,9806,2,312373,61
14977,Hail Mary,10372,2,312373,61
14979,Hail Mary,10544,2,312373,61
14980,Hail Mary,10928,2,312373,61
14981,Hail Mary,11131,2,312373,61
14982,Hail Mary,11327,2,312373,61
14983,Hail Mary,11333,2,312373,61
14984,Hail Mary,11339,2,312373,61
14985,Hail Mary,11387,2,312373,61
14986,Hail Mary,11404,2,312373,61
14987,Hail Mary,12845,2,312373,61
14988,Hail Mary,12897,2,312373,61
14989,Hail Mary,12903,2,312373,61
14991,Hail Mary,14029,2,312373,61
14993,Hail Mary,15128,2,312373,61
14994,Hail Mary,16344,2,312373,61
14995,Hail Mary,16536,2,312373,61
14996,Hail Mary,16537,2,312373,61
14997,Hail Mary,16624,2,312373,61
14998,Hail Mary,16641,2,312373,61
14999,Hail Mary,16664,2,312373,61
15000,Hail Mary,16793,2,312373,61
15005,2 Of Amerikaz Most Wanted,741,2,246667,54
15007,2 Of Amerikaz Most Wanted,2850,2,246667,54
15009,2 Of Amerikaz Most Wanted,5530,2,246667,54
15010,2 Of Amerikaz Most Wanted,5535,2,246667,54
15011,2 Of Amerikaz Most Wanted,5630,2,246667,54
15012,2 Of Amerikaz Most Wanted,5633,2,246667,54
15015,2 Of Amerikaz Most Wanted,6183,2,246667,54
15016,2 Of Amerikaz Most Wanted,6234,2,246667,54
15017,2 Of Amerikaz Most Wanted,6555,2,246667,54
15018,2 Of Amerikaz Most Wanted,6830,2,246667,54
15019,2 Of Amerikaz Most Wanted,6872,2,246667,54
15020,2 Of Amerikaz Most Wanted,8442,2,246667,54
15021,2 Of Amerikaz Most Wanted,8676,2,246667,54
15022,2 Of Amerikaz Most Wanted,8778,2,246667,54
15023,2 Of Amerikaz Most Wanted,9048,2,246667,54
15024,2 Of Amerikaz Most Wanted,9072,2,246667,54
15025,2 Of Amerikaz Most Wanted,9120,2,246667,54
15026,2 Of Amerikaz Most Wanted,9175,2,246667,54
15028,2 Of Amerikaz Most Wanted,9283,2,246667,54
15029,2 Of Amerikaz Most Wanted,9458,2,246667,54
15030,2 Of Amerikaz Most Wanted,9465,2,246667,54
15031,2 Of Amerikaz Most Wanted,9505,2,246667,54
15032,2 Of Amerikaz Most Wanted,9507,2,246667,54
15033,2 Of Amerikaz Most Wanted,9519,2,246667,54
15034,2 Of Amerikaz Most Wanted,9643,2,246667,54
15035,2 Of Amerikaz Most Wanted,9669,2,246667,54
15036,2 Of Amerikaz Most Wanted,9689,2,246667,54
15037,2 Of Amerikaz Most Wanted,9692,2,246667,54
15038,2 Of Amerikaz Most Wanted,9806,2,246667,54
15040,2 Of Amerikaz Most Wanted,10372,2,246667,54
15042,2 Of Amerikaz Most Wanted,10544,2,246667,54
15043,2 Of Amerikaz Most Wanted,10928,2,246667,54
15044,2 Of Amerikaz Most Wanted,11131,2,246667,54
15045,2 Of Amerikaz Most Wanted,11327,2,246667,54
15046,2 Of Amerikaz Most Wanted,11333,2,246667,54
15047,2 Of Amerikaz Most Wanted,11339,2,246667,54
15048,2 Of Amerikaz Most Wanted,11387,2,246667,54
15049,2 Of Amerikaz Most Wanted,11404,2,246667,54
15050,2 Of Amerikaz Most Wanted,12845,2,246667,54
15051,2 Of Amerikaz Most Wanted,12897,2,246667,54
15052,2 Of Amerikaz Most Wanted,12903,2,246667,54
15054,2 Of Amerikaz Most Wanted,14029,2,246667,54
15056,2 Of Amerikaz Most Wanted,15128,2,246667,54
15057,2 Of Amerikaz Most Wanted,16344,2,246667,54
15058,2 Of Amerikaz Most Wanted,16536,2,246667,54
15059,2 Of Amerikaz Most Wanted,16537,2,246667,54
15060,2 Of Amerikaz Most Wanted,16624,2,246667,54
15061,2 Of Amerikaz Most Wanted,16641,2,246667,54
15062,2 Of Amerikaz Most Wanted,16664,2,246667,54
15063,2 Of Amerikaz Most Wanted,16793,2,246667,54
15067,The World Is Yours,6271,2,290573,58
15068,"The Gangsta, The Killa And The Dope Dealer",6140,2,251067,53
15069,"The Gangsta, The Killa And The Dope Dealer",6875,2,251067,53
15075,Hoo-Bangin' (WSCG Style),6140,2,238200,46
15076,Hoo-Bangin' (WSCG Style),6875,2,238200,46
15088,Ghetto Bird - Remastered,5536,2,231000,52
15091,The Nigga Ya Love To Hate,7090,2,193200,51
15095,King Of The Hill,6140,2,257493,42
15096,King Of The Hill,6875,2,257493,42
15099,I Get Around,7093,2,259000,69
15102,"Get Your Grind On (feat. Big Pun, Fat Joe & Freeway)",7094,2,324707,41
15106,2 Of Amerikaz Most Wanted - (Explicit),6570,2,246147,1
15107,2 Of Amerikaz Most Wanted - (Explicit),7143,2,246147,1
15162,Big Poppa - 2007 Remaster,741,2,249867,63
15164,Big Poppa - 2007 Remaster,2850,2,249867,63
15166,Big Poppa - 2007 Remaster,5530,2,249867,63
15167,Big Poppa - 2007 Remaster,5535,2,249867,63
15168,Big Poppa - 2007 Remaster,5630,2,249867,63
15169,Big Poppa - 2007 Remaster,5633,2,249867,63
15172,Big Poppa - 2007 Remaster,6183,2,249867,63
15173,Big Poppa - 2007 Remaster,6234,2,249867,63
15174,Big Poppa - 2007 Remaster,6555,2,249867,63
15175,Big Poppa - 2007 Remaster,6830,2,249867,63
15176,Big Poppa - 2007 Remaster,6872,2,249867,63
15177,Big Poppa - 2007 Remaster,8442,2,249867,63
15178,Big Poppa - 2007 Remaster,8676,2,249867,63
15179,Big Poppa - 2007 Remaster,8778,2,249867,63
15180,Big Poppa - 2007 Remaster,9048,2,249867,63
15181,Big Poppa - 2007 Remaster,9072,2,249867,63
15182,Big Poppa - 2007 Remaster,9120,2,249867,63
15183,Big Poppa - 2007 Remaster,9175,2,249867,63
15185,Big Poppa - 2007 Remaster,9283,2,249867,63
15186,Big Poppa - 2007 Remaster,9458,2,249867,63
15187,Big Poppa - 2007 Remaster,9465,2,249867,63
15188,Big Poppa - 2007 Remaster,9505,2,249867,63
15189,Big Poppa - 2007 Remaster,9507,2,249867,63
15190,Big Poppa - 2007 Remaster,9519,2,249867,63
15191,Big Poppa - 2007 Remaster,9643,2,249867,63
15192,Big Poppa - 2007 Remaster,9669,2,249867,63
15193,Big Poppa - 2007 Remaster,9689,2,249867,63
15194,Big Poppa - 2007 Remaster,9692,2,249867,63
15195,Big Poppa - 2007 Remaster,9806,2,249867,63
15197,Big Poppa - 2007 Remaster,10372,2,249867,63
15199,Big Poppa - 2007 Remaster,10544,2,249867,63
15200,Big Poppa - 2007 Remaster,10928,2,249867,63
15201,Big Poppa - 2007 Remaster,11131,2,249867,63
15202,Big Poppa - 2007 Remaster,11327,2,249867,63
15203,Big Poppa - 2007 Remaster,11333,2,249867,63
15204,Big Poppa - 2007 Remaster,11339,2,249867,63
15205,Big Poppa - 2007 Remaster,11387,2,249867,63
15206,Big Poppa - 2007 Remaster,11404,2,249867,63
15207,Big Poppa - 2007 Remaster,12845,2,249867,63
15208,Big Poppa - 2007 Remaster,12897,2,249867,63
15209,Big Poppa - 2007 Remaster,12903,2,249867,63
15211,Big Poppa - 2007 Remaster,14029,2,249867,63
15213,Big Poppa - 2007 Remaster,15128,2,249867,63
15214,Big Poppa - 2007 Remaster,16344,2,249867,63
15215,Big Poppa - 2007 Remaster,16536,2,249867,63
15216,Big Poppa - 2007 Remaster,16537,2,249867,63
15217,Big Poppa - 2007 Remaster,16624,2,249867,63
15218,Big Poppa - 2007 Remaster,16641,2,249867,63
15219,Big Poppa - 2007 Remaster,16664,2,249867,63
15220,Big Poppa - 2007 Remaster,16793,2,249867,63
15225,Street Dreams,6836,2,279933,55
15232,I Ain't Mad At Cha,6878,2,293227,0
15233,I Ain't Mad At Cha,6894,2,293227,0
15242,Mo Money Mo Problems (feat. Puff Daddy & Mase) - 2005 Remaster,7139,2,253133,49
15244,2 Of Amerikaz Most Wanted,6878,2,246667,1
15245,2 Of Amerikaz Most Wanted,6894,2,246667,1
15246,Ten Crack Commandments,6575,2,204067,1
15248,Ha,5619,2,292333,47
15249,Hail Mary,6878,2,312373,1
15250,Hail Mary,6894,2,312373,1
15256,Changes,6570,2,268960,72
15257,Changes,7143,2,268960,72
15259,Get Money (feat. Junior M.A.F.I.A.) - 2007 Remaster,741,2,274440,63
15261,Get Money (feat. Junior M.A.F.I.A.) - 2007 Remaster,2850,2,274440,63
15263,Get Money (feat. Junior M.A.F.I.A.) - 2007 Remaster,5530,2,274440,63
15264,Get Money (feat. Junior M.A.F.I.A.) - 2007 Remaster,5535,2,274440,63
15265,Get Money (feat. Junior M.A.F.I.A.) - 2007 Remaster,5630,2,274440,63
15266,Get Money (feat. Junior M.A.F.I.A.) - 2007 Remaster,5633,2,274440,63
15269,Get Money (feat. Junior M.A.F.I.A.) - 2007 Remaster,6183,2,274440,63
15270,Get Money (feat. Junior M.A.F.I.A.) - 2007 Remaster,6234,2,274440,63
15271,Get Money (feat. Junior M.A.F.I.A.) - 2007 Remaster,6555,2,274440,63
15272,Get Money (feat. Junior M.A.F.I.A.) - 2007 Remaster,6830,2,274440,63
15273,Get Money (feat. Junior M.A.F.I.A.) - 2007 Remaster,6872,2,274440,63
15274,Get Money (feat. Junior M.A.F.I.A.) - 2007 Remaster,8442,2,274440,63
15275,Get Money (feat. Junior M.A.F.I.A.) - 2007 Remaster,8676,2,274440,63
15276,Get Money (feat. Junior M.A.F.I.A.) - 2007 Remaster,8778,2,274440,63
15277,Get Money (feat. Junior M.A.F.I.A.) - 2007 Remaster,9048,2,274440,63
15278,Get Money (feat. Junior M.A.F.I.A.) - 2007 Remaster,9072,2,274440,63
15279,Get Money (feat. Junior M.A.F.I.A.) - 2007 Remaster,9120,2,274440,63
15280,Get Money (feat. Junior M.A.F.I.A.) - 2007 Remaster,9175,2,274440,63
15282,Get Money (feat. Junior M.A.F.I.A.) - 2007 Remaster,9283,2,274440,63
15283,Get Money (feat. Junior M.A.F.I.A.) - 2007 Remaster,9458,2,274440,63
15284,Get Money (feat. Junior M.A.F.I.A.) - 2007 Remaster,9465,2,274440,63
15285,Get Money (feat. Junior M.A.F.I.A.) - 2007 Remaster,9505,2,274440,63
15286,Get Money (feat. Junior M.A.F.I.A.) - 2007 Remaster,9507,2,274440,63
15287,Get Money (feat. Junior M.A.F.I.A.) - 2007 Remaster,9519,2,274440,63
15288,Get Money (feat. Junior M.A.F.I.A.) - 2007 Remaster,9643,2,274440,63
15289,Get Money (feat. Junior M.A.F.I.A.) - 2007 Remaster,9669,2,274440,63
15290,Get Money (feat. Junior M.A.F.I.A.) - 2007 Remaster,9689,2,274440,63
15291,Get Money (feat. Junior M.A.F.I.A.) - 2007 Remaster,9692,2,274440,63
15292,Get Money (feat. Junior M.A.F.I.A.) - 2007 Remaster,9806,2,274440,63
15294,Get Money (feat. Junior M.A.F.I.A.) - 2007 Remaster,10372,2,274440,63
15296,Get Money (feat. Junior M.A.F.I.A.) - 2007 Remaster,10544,2,274440,63
15297,Get Money (feat. Junior M.A.F.I.A.) - 2007 Remaster,10928,2,274440,63
15298,Get Money (feat. Junior M.A.F.I.A.) - 2007 Remaster,11131,2,274440,63
15299,Get Money (feat. Junior M.A.F.I.A.) - 2007 Remaster,11327,2,274440,63
15300,Get Money (feat. Junior M.A.F.I.A.) - 2007 Remaster,11333,2,274440,63
15301,Get Money (feat. Junior M.A.F.I.A.) - 2007 Remaster,11339,2,274440,63
15302,Get Money (feat. Junior M.A.F.I.A.) - 2007 Remaster,11387,2,274440,63
15303,Get Money (feat. Junior M.A.F.I.A.) - 2007 Remaster,11404,2,274440,63
15304,Get Money (feat. Junior M.A.F.I.A.) - 2007 Remaster,12845,2,274440,63
15305,Get Money (feat. Junior M.A.F.I.A.) - 2007 Remaster,12897,2,274440,63
15306,Get Money (feat. Junior M.A.F.I.A.) - 2007 Remaster,12903,2,274440,63
15308,Get Money (feat. Junior M.A.F.I.A.) - 2007 Remaster,14029,2,274440,63
15310,Get Money (feat. Junior M.A.F.I.A.) - 2007 Remaster,15128,2,274440,63
15311,Get Money (feat. Junior M.A.F.I.A.) - 2007 Remaster,16344,2,274440,63
15312,Get Money (feat. Junior M.A.F.I.A.) - 2007 Remaster,16536,2,274440,63
15313,Get Money (feat. Junior M.A.F.I.A.) - 2007 Remaster,16537,2,274440,63
15314,Get Money (feat. Junior M.A.F.I.A.) - 2007 Remaster,16624,2,274440,63
15315,Get Money (feat. Junior M.A.F.I.A.) - 2007 Remaster,16641,2,274440,63
15316,Get Money (feat. Junior M.A.F.I.A.) - 2007 Remaster,16664,2,274440,63
15317,Get Money (feat. Junior M.A.F.I.A.) - 2007 Remaster,16793,2,274440,63
15320,Life Goes On,4864,2,301600,60
15325,Notorious B.I.G. (feat. Lil' Kim & Puff Daddy) - 2005 Remaster,6664,2,191600,56
15327,Me Against The World - Album Version (Edited),7146,2,278347,0
15329,Hello,741,2,231467,55
15331,Hello,2850,2,231467,55
15333,Hello,5530,2,231467,55
15334,Hello,5535,2,231467,55
15335,Hello,5630,2,231467,55
15336,Hello,5633,2,231467,55
15339,Hello,6183,2,231467,55
15340,Hello,6234,2,231467,55
15341,Hello,6555,2,231467,55
15342,Hello,6830,2,231467,55
15343,Hello,6872,2,231467,55
15344,Hello,8442,2,231467,55
15345,Hello,8676,2,231467,55
15346,Hello,8778,2,231467,55
15347,Hello,9048,2,231467,55
15348,Hello,9072,2,231467,55
15349,Hello,9120,2,231467,55
15350,Hello,9175,2,231467,55
15352,Hello,9283,2,231467,55
15353,Hello,9458,2,231467,55
15354,Hello,9465,2,231467,55
15355,Hello,9505,2,231467,55
15356,Hello,9507,2,231467,55
15357,Hello,9519,2,231467,55
15358,Hello,9643,2,231467,55
15359,Hello,9669,2,231467,55
15360,Hello,9689,2,231467,55
15361,Hello,9692,2,231467,55
15362,Hello,9806,2,231467,55
15364,Hello,10372,2,231467,55
15366,Hello,10544,2,231467,55
15367,Hello,10928,2,231467,55
15368,Hello,11131,2,231467,55
15369,Hello,11327,2,231467,55
15370,Hello,11333,2,231467,55
15371,Hello,11339,2,231467,55
15372,Hello,11387,2,231467,55
15373,Hello,11404,2,231467,55
15374,Hello,12845,2,231467,55
15375,Hello,12897,2,231467,55
15376,Hello,12903,2,231467,55
15378,Hello,14029,2,231467,55
15380,Hello,15128,2,231467,55
15381,Hello,16344,2,231467,55
15382,Hello,16536,2,231467,55
15383,Hello,16537,2,231467,55
15384,Hello,16624,2,231467,55
15385,Hello,16641,2,231467,55
15386,Hello,16664,2,231467,55
15387,Hello,16793,2,231467,55
15391,"Flava in Ya Ear Remix (feat. Notorious B.I.G., L.L. Cool J, Busta Rhymes, Rampage)",7139,2,302013,59
15394,Hypnotize - 2007 Remaster,741,2,230000,68
15396,Hypnotize - 2007 Remaster,2850,2,230000,68
15398,Hypnotize - 2007 Remaster,5530,2,230000,68
15399,Hypnotize - 2007 Remaster,5535,2,230000,68
15400,Hypnotize - 2007 Remaster,5630,2,230000,68
15401,Hypnotize - 2007 Remaster,5633,2,230000,68
15404,Hypnotize - 2007 Remaster,6183,2,230000,68
15405,Hypnotize - 2007 Remaster,6234,2,230000,68
15406,Hypnotize - 2007 Remaster,6555,2,230000,68
15407,Hypnotize - 2007 Remaster,6830,2,230000,68
15408,Hypnotize - 2007 Remaster,6872,2,230000,68
15409,Hypnotize - 2007 Remaster,8442,2,230000,68
15410,Hypnotize - 2007 Remaster,8676,2,230000,68
15411,Hypnotize - 2007 Remaster,8778,2,230000,68
15412,Hypnotize - 2007 Remaster,9048,2,230000,68
15413,Hypnotize - 2007 Remaster,9072,2,230000,68
15414,Hypnotize - 2007 Remaster,9120,2,230000,68
15415,Hypnotize - 2007 Remaster,9175,2,230000,68
15417,Hypnotize - 2007 Remaster,9283,2,230000,68
15418,Hypnotize - 2007 Remaster,9458,2,230000,68
15419,Hypnotize - 2007 Remaster,9465,2,230000,68
15420,Hypnotize - 2007 Remaster,9505,2,230000,68
15421,Hypnotize - 2007 Remaster,9507,2,230000,68
15422,Hypnotize - 2007 Remaster,9519,2,230000,68
15423,Hypnotize - 2007 Remaster,9643,2,230000,68
15424,Hypnotize - 2007 Remaster,9669,2,230000,68
15425,Hypnotize - 2007 Remaster,9689,2,230000,68
15426,Hypnotize - 2007 Remaster,9692,2,230000,68
15427,Hypnotize - 2007 Remaster,9806,2,230000,68
15429,Hypnotize - 2007 Remaster,10372,2,230000,68
15431,Hypnotize - 2007 Remaster,10544,2,230000,68
15432,Hypnotize - 2007 Remaster,10928,2,230000,68
15433,Hypnotize - 2007 Remaster,11131,2,230000,68
15434,Hypnotize - 2007 Remaster,11327,2,230000,68
15435,Hypnotize - 2007 Remaster,11333,2,230000,68
15436,Hypnotize - 2007 Remaster,11339,2,230000,68
15437,Hypnotize - 2007 Remaster,11387,2,230000,68
15438,Hypnotize - 2007 Remaster,11404,2,230000,68
15439,Hypnotize - 2007 Remaster,12845,2,230000,68
15440,Hypnotize - 2007 Remaster,12897,2,230000,68
15441,Hypnotize - 2007 Remaster,12903,2,230000,68
15443,Hypnotize - 2007 Remaster,14029,2,230000,68
15445,Hypnotize - 2007 Remaster,15128,2,230000,68
15446,Hypnotize - 2007 Remaster,16344,2,230000,68
15447,Hypnotize - 2007 Remaster,16536,2,230000,68
15448,Hypnotize - 2007 Remaster,16537,2,230000,68
15449,Hypnotize - 2007 Remaster,16624,2,230000,68
15450,Hypnotize - 2007 Remaster,16641,2,230000,68
15451,Hypnotize - 2007 Remaster,16664,2,230000,68
15452,Hypnotize - 2007 Remaster,16793,2,230000,68
15461,Back That Azz Up,5619,2,265600,65
15462,Going Back To Cali,6575,2,307427,1
15463,California Love - Original Version (Explicit),6878,2,284907,4
15464,California Love - Original Version (Explicit),6894,2,284907,4
15467,You Can Do It,741,2,259333,52
15469,You Can Do It,2850,2,259333,52
15471,You Can Do It,5530,2,259333,52
15472,You Can Do It,5535,2,259333,52
15473,You Can Do It,5630,2,259333,52
15474,You Can Do It,5633,2,259333,52
15477,You Can Do It,6183,2,259333,52
15478,You Can Do It,6234,2,259333,52
15479,You Can Do It,6555,2,259333,52
15480,You Can Do It,6830,2,259333,52
15481,You Can Do It,6872,2,259333,52
15482,You Can Do It,8442,2,259333,52
15483,You Can Do It,8676,2,259333,52
15484,You Can Do It,8778,2,259333,52
15485,You Can Do It,9048,2,259333,52
15486,You Can Do It,9072,2,259333,52
15487,You Can Do It,9120,2,259333,52
15488,You Can Do It,9175,2,259333,52
15490,You Can Do It,9283,2,259333,52
15491,You Can Do It,9458,2,259333,52
15492,You Can Do It,9465,2,259333,52
15493,You Can Do It,9505,2,259333,52
15494,You Can Do It,9507,2,259333,52
15495,You Can Do It,9519,2,259333,52
15496,You Can Do It,9643,2,259333,52
15497,You Can Do It,9669,2,259333,52
15498,You Can Do It,9689,2,259333,52
15499,You Can Do It,9692,2,259333,52
15500,You Can Do It,9806,2,259333,52
15502,You Can Do It,10372,2,259333,52
15504,You Can Do It,10544,2,259333,52
15505,You Can Do It,10928,2,259333,52
15506,You Can Do It,11131,2,259333,52
15507,You Can Do It,11327,2,259333,52
15508,You Can Do It,11333,2,259333,52
15509,You Can Do It,11339,2,259333,52
15510,You Can Do It,11387,2,259333,52
15511,You Can Do It,11404,2,259333,52
15512,You Can Do It,12845,2,259333,52
15513,You Can Do It,12897,2,259333,52
15514,You Can Do It,12903,2,259333,52
15516,You Can Do It,14029,2,259333,52
15518,You Can Do It,15128,2,259333,52
15519,You Can Do It,16344,2,259333,52
15520,You Can Do It,16536,2,259333,52
15521,You Can Do It,16537,2,259333,52
15522,You Can Do It,16624,2,259333,52
15523,You Can Do It,16641,2,259333,52
15524,You Can Do It,16664,2,259333,52
15525,You Can Do It,16793,2,259333,52
15528,What's Beef,6575,2,315360,0
15530,Who Shot Ya? - 2007 Remaster,741,2,316507,51
15532,Who Shot Ya? - 2007 Remaster,2850,2,316507,51
15534,Who Shot Ya? - 2007 Remaster,5530,2,316507,51
15535,Who Shot Ya? - 2007 Remaster,5535,2,316507,51
15536,Who Shot Ya? - 2007 Remaster,5630,2,316507,51
15537,Who Shot Ya? - 2007 Remaster,5633,2,316507,51
15540,Who Shot Ya? - 2007 Remaster,6183,2,316507,51
15541,Who Shot Ya? - 2007 Remaster,6234,2,316507,51
15542,Who Shot Ya? - 2007 Remaster,6555,2,316507,51
15543,Who Shot Ya? - 2007 Remaster,6830,2,316507,51
15544,Who Shot Ya? - 2007 Remaster,6872,2,316507,51
15545,Who Shot Ya? - 2007 Remaster,8442,2,316507,51
15546,Who Shot Ya? - 2007 Remaster,8676,2,316507,51
15547,Who Shot Ya? - 2007 Remaster,8778,2,316507,51
15548,Who Shot Ya? - 2007 Remaster,9048,2,316507,51
15549,Who Shot Ya? - 2007 Remaster,9072,2,316507,51
15550,Who Shot Ya? - 2007 Remaster,9120,2,316507,51
15551,Who Shot Ya? - 2007 Remaster,9175,2,316507,51
15553,Who Shot Ya? - 2007 Remaster,9283,2,316507,51
15554,Who Shot Ya? - 2007 Remaster,9458,2,316507,51
15555,Who Shot Ya? - 2007 Remaster,9465,2,316507,51
15556,Who Shot Ya? - 2007 Remaster,9505,2,316507,51
15557,Who Shot Ya? - 2007 Remaster,9507,2,316507,51
15558,Who Shot Ya? - 2007 Remaster,9519,2,316507,51
15559,Who Shot Ya? - 2007 Remaster,9643,2,316507,51
15560,Who Shot Ya? - 2007 Remaster,9669,2,316507,51
15561,Who Shot Ya? - 2007 Remaster,9689,2,316507,51
15562,Who Shot Ya? - 2007 Remaster,9692,2,316507,51
15563,Who Shot Ya? - 2007 Remaster,9806,2,316507,51
15565,Who Shot Ya? - 2007 Remaster,10372,2,316507,51
15567,Who Shot Ya? - 2007 Remaster,10544,2,316507,51
15568,Who Shot Ya? - 2007 Remaster,10928,2,316507,51
15569,Who Shot Ya? - 2007 Remaster,11131,2,316507,51
15570,Who Shot Ya? - 2007 Remaster,11327,2,316507,51
15571,Who Shot Ya? - 2007 Remaster,11333,2,316507,51
15572,Who Shot Ya? - 2007 Remaster,11339,2,316507,51
15573,Who Shot Ya? - 2007 Remaster,11387,2,316507,51
15574,Who Shot Ya? - 2007 Remaster,11404,2,316507,51
15575,Who Shot Ya? - 2007 Remaster,12845,2,316507,51
15576,Who Shot Ya? - 2007 Remaster,12897,2,316507,51
15577,Who Shot Ya? - 2007 Remaster,12903,2,316507,51
15579,Who Shot Ya? - 2007 Remaster,14029,2,316507,51
15581,Who Shot Ya? - 2007 Remaster,15128,2,316507,51
15582,Who Shot Ya? - 2007 Remaster,16344,2,316507,51
15583,Who Shot Ya? - 2007 Remaster,16536,2,316507,51
15584,Who Shot Ya? - 2007 Remaster,16537,2,316507,51
15585,Who Shot Ya? - 2007 Remaster,16624,2,316507,51
15586,Who Shot Ya? - 2007 Remaster,16641,2,316507,51
15587,Who Shot Ya? - 2007 Remaster,16664,2,316507,51
15588,Who Shot Ya? - 2007 Remaster,16793,2,316507,51
15598,To Live & Die In L.A.,741,2,272627,53
15600,To Live & Die In L.A.,2850,2,272627,53
15602,To Live & Die In L.A.,5530,2,272627,53
15603,To Live & Die In L.A.,5535,2,272627,53
15604,To Live & Die In L.A.,5630,2,272627,53
15605,To Live & Die In L.A.,5633,2,272627,53
15608,To Live & Die In L.A.,6183,2,272627,53
15609,To Live & Die In L.A.,6234,2,272627,53
15610,To Live & Die In L.A.,6555,2,272627,53
15611,To Live & Die In L.A.,6830,2,272627,53
15612,To Live & Die In L.A.,6872,2,272627,53
15613,To Live & Die In L.A.,8442,2,272627,53
15614,To Live & Die In L.A.,8676,2,272627,53
15615,To Live & Die In L.A.,8778,2,272627,53
15616,To Live & Die In L.A.,9048,2,272627,53
15617,To Live & Die In L.A.,9072,2,272627,53
15618,To Live & Die In L.A.,9120,2,272627,53
15619,To Live & Die In L.A.,9175,2,272627,53
15621,To Live & Die In L.A.,9283,2,272627,53
15622,To Live & Die In L.A.,9458,2,272627,53
15623,To Live & Die In L.A.,9465,2,272627,53
15624,To Live & Die In L.A.,9505,2,272627,53
15625,To Live & Die In L.A.,9507,2,272627,53
15626,To Live & Die In L.A.,9519,2,272627,53
15627,To Live & Die In L.A.,9643,2,272627,53
15628,To Live & Die In L.A.,9669,2,272627,53
15629,To Live & Die In L.A.,9689,2,272627,53
15630,To Live & Die In L.A.,9692,2,272627,53
15631,To Live & Die In L.A.,9806,2,272627,53
15633,To Live & Die In L.A.,10372,2,272627,53
15635,To Live & Die In L.A.,10544,2,272627,53
15636,To Live & Die In L.A.,10928,2,272627,53
15637,To Live & Die In L.A.,11131,2,272627,53
15638,To Live & Die In L.A.,11327,2,272627,53
15639,To Live & Die In L.A.,11333,2,272627,53
15640,To Live & Die In L.A.,11339,2,272627,53
15641,To Live & Die In L.A.,11387,2,272627,53
15642,To Live & Die In L.A.,11404,2,272627,53
15643,To Live & Die In L.A.,12845,2,272627,53
15644,To Live & Die In L.A.,12897,2,272627,53
15645,To Live & Die In L.A.,12903,2,272627,53
15647,To Live & Die In L.A.,14029,2,272627,53
15649,To Live & Die In L.A.,15128,2,272627,53
15650,To Live & Die In L.A.,16344,2,272627,53
15651,To Live & Die In L.A.,16536,2,272627,53
15652,To Live & Die In L.A.,16537,2,272627,53
15653,To Live & Die In L.A.,16624,2,272627,53
15654,To Live & Die In L.A.,16641,2,272627,53
15655,To Live & Die In L.A.,16664,2,272627,53
15656,To Live & Die In L.A.,16793,2,272627,53
15663,Tha Crossroads,15051,2,222667,4
15665,It Ain't Hard to Tell,6823,2,202107,59
15667,Keep Ya Head Up,741,2,263600,48
15669,Keep Ya Head Up,2850,2,263600,48
15671,Keep Ya Head Up,5530,2,263600,48
15672,Keep Ya Head Up,5535,2,263600,48
15673,Keep Ya Head Up,5630,2,263600,48
15674,Keep Ya Head Up,5633,2,263600,48
15677,Keep Ya Head Up,6183,2,263600,48
15678,Keep Ya Head Up,6234,2,263600,48
15679,Keep Ya Head Up,6555,2,263600,48
15680,Keep Ya Head Up,6830,2,263600,48
15681,Keep Ya Head Up,6872,2,263600,48
15682,Keep Ya Head Up,8442,2,263600,48
15683,Keep Ya Head Up,8676,2,263600,48
15684,Keep Ya Head Up,8778,2,263600,48
15685,Keep Ya Head Up,9048,2,263600,48
15686,Keep Ya Head Up,9072,2,263600,48
15687,Keep Ya Head Up,9120,2,263600,48
15688,Keep Ya Head Up,9175,2,263600,48
15690,Keep Ya Head Up,9283,2,263600,48
15691,Keep Ya Head Up,9458,2,263600,48
15692,Keep Ya Head Up,9465,2,263600,48
15693,Keep Ya Head Up,9505,2,263600,48
15694,Keep Ya Head Up,9507,2,263600,48
15695,Keep Ya Head Up,9519,2,263600,48
15696,Keep Ya Head Up,9643,2,263600,48
15697,Keep Ya Head Up,9669,2,263600,48
15698,Keep Ya Head Up,9689,2,263600,48
15699,Keep Ya Head Up,9692,2,263600,48
15700,Keep Ya Head Up,9806,2,263600,48
15702,Keep Ya Head Up,10372,2,263600,48
15704,Keep Ya Head Up,10544,2,263600,48
15705,Keep Ya Head Up,10928,2,263600,48
15706,Keep Ya Head Up,11131,2,263600,48
15707,Keep Ya Head Up,11327,2,263600,48
15708,Keep Ya Head Up,11333,2,263600,48
15709,Keep Ya Head Up,11339,2,263600,48
15710,Keep Ya Head Up,11387,2,263600,48
15711,Keep Ya Head Up,11404,2,263600,48
15712,Keep Ya Head Up,12845,2,263600,48
15713,Keep Ya Head Up,12897,2,263600,48
15714,Keep Ya Head Up,12903,2,263600,48
15716,Keep Ya Head Up,14029,2,263600,48
15718,Keep Ya Head Up,15128,2,263600,48
15719,Keep Ya Head Up,16344,2,263600,48
15720,Keep Ya Head Up,16536,2,263600,48
15721,Keep Ya Head Up,16537,2,263600,48
15722,Keep Ya Head Up,16624,2,263600,48
15723,Keep Ya Head Up,16641,2,263600,48
15724,Keep Ya Head Up,16664,2,263600,48
15725,Keep Ya Head Up,16793,2,263600,48
15729,Notorious Thugs (feat. Bone Thugs-n-Harmony) - 2007 Remaster,741,2,367227,56
15731,Notorious Thugs (feat. Bone Thugs-n-Harmony) - 2007 Remaster,2850,2,367227,56
15733,Notorious Thugs (feat. Bone Thugs-n-Harmony) - 2007 Remaster,5530,2,367227,56
15734,Notorious Thugs (feat. Bone Thugs-n-Harmony) - 2007 Remaster,5535,2,367227,56
15735,Notorious Thugs (feat. Bone Thugs-n-Harmony) - 2007 Remaster,5630,2,367227,56
15736,Notorious Thugs (feat. Bone Thugs-n-Harmony) - 2007 Remaster,5633,2,367227,56
15739,Notorious Thugs (feat. Bone Thugs-n-Harmony) - 2007 Remaster,6183,2,367227,56
15740,Notorious Thugs (feat. Bone Thugs-n-Harmony) - 2007 Remaster,6234,2,367227,56
15741,Notorious Thugs (feat. Bone Thugs-n-Harmony) - 2007 Remaster,6555,2,367227,56
15742,Notorious Thugs (feat. Bone Thugs-n-Harmony) - 2007 Remaster,6830,2,367227,56
15743,Notorious Thugs (feat. Bone Thugs-n-Harmony) - 2007 Remaster,6872,2,367227,56
15744,Notorious Thugs (feat. Bone Thugs-n-Harmony) - 2007 Remaster,8442,2,367227,56
15745,Notorious Thugs (feat. Bone Thugs-n-Harmony) - 2007 Remaster,8676,2,367227,56
15746,Notorious Thugs (feat. Bone Thugs-n-Harmony) - 2007 Remaster,8778,2,367227,56
15747,Notorious Thugs (feat. Bone Thugs-n-Harmony) - 2007 Remaster,9048,2,367227,56
15748,Notorious Thugs (feat. Bone Thugs-n-Harmony) - 2007 Remaster,9072,2,367227,56
15749,Notorious Thugs (feat. Bone Thugs-n-Harmony) - 2007 Remaster,9120,2,367227,56
15750,Notorious Thugs (feat. Bone Thugs-n-Harmony) - 2007 Remaster,9175,2,367227,56
15752,Notorious Thugs (feat. Bone Thugs-n-Harmony) - 2007 Remaster,9283,2,367227,56
15753,Notorious Thugs (feat. Bone Thugs-n-Harmony) - 2007 Remaster,9458,2,367227,56
15754,Notorious Thugs (feat. Bone Thugs-n-Harmony) - 2007 Remaster,9465,2,367227,56
15755,Notorious Thugs (feat. Bone Thugs-n-Harmony) - 2007 Remaster,9505,2,367227,56
15756,Notorious Thugs (feat. Bone Thugs-n-Harmony) - 2007 Remaster,9507,2,367227,56
15757,Notorious Thugs (feat. Bone Thugs-n-Harmony) - 2007 Remaster,9519,2,367227,56
15758,Notorious Thugs (feat. Bone Thugs-n-Harmony) - 2007 Remaster,9643,2,367227,56
15759,Notorious Thugs (feat. Bone Thugs-n-Harmony) - 2007 Remaster,9669,2,367227,56
15760,Notorious Thugs (feat. Bone Thugs-n-Harmony) - 2007 Remaster,9689,2,367227,56
15761,Notorious Thugs (feat. Bone Thugs-n-Harmony) - 2007 Remaster,9692,2,367227,56
15762,Notorious Thugs (feat. Bone Thugs-n-Harmony) - 2007 Remaster,9806,2,367227,56
15764,Notorious Thugs (feat. Bone Thugs-n-Harmony) - 2007 Remaster,10372,2,367227,56
15766,Notorious Thugs (feat. Bone Thugs-n-Harmony) - 2007 Remaster,10544,2,367227,56
15767,Notorious Thugs (feat. Bone Thugs-n-Harmony) - 2007 Remaster,10928,2,367227,56
15768,Notorious Thugs (feat. Bone Thugs-n-Harmony) - 2007 Remaster,11131,2,367227,56
15769,Notorious Thugs (feat. Bone Thugs-n-Harmony) - 2007 Remaster,11327,2,367227,56
15770,Notorious Thugs (feat. Bone Thugs-n-Harmony) - 2007 Remaster,11333,2,367227,56
15771,Notorious Thugs (feat. Bone Thugs-n-Harmony) - 2007 Remaster,11339,2,367227,56
15772,Notorious Thugs (feat. Bone Thugs-n-Harmony) - 2007 Remaster,11387,2,367227,56
15773,Notorious Thugs (feat. Bone Thugs-n-Harmony) - 2007 Remaster,11404,2,367227,56
15774,Notorious Thugs (feat. Bone Thugs-n-Harmony) - 2007 Remaster,12845,2,367227,56
15775,Notorious Thugs (feat. Bone Thugs-n-Harmony) - 2007 Remaster,12897,2,367227,56
15776,Notorious Thugs (feat. Bone Thugs-n-Harmony) - 2007 Remaster,12903,2,367227,56
15778,Notorious Thugs (feat. Bone Thugs-n-Harmony) - 2007 Remaster,14029,2,367227,56
15780,Notorious Thugs (feat. Bone Thugs-n-Harmony) - 2007 Remaster,15128,2,367227,56
15781,Notorious Thugs (feat. Bone Thugs-n-Harmony) - 2007 Remaster,16344,2,367227,56
15782,Notorious Thugs (feat. Bone Thugs-n-Harmony) - 2007 Remaster,16536,2,367227,56
15783,Notorious Thugs (feat. Bone Thugs-n-Harmony) - 2007 Remaster,16537,2,367227,56
15784,Notorious Thugs (feat. Bone Thugs-n-Harmony) - 2007 Remaster,16624,2,367227,56
15785,Notorious Thugs (feat. Bone Thugs-n-Harmony) - 2007 Remaster,16641,2,367227,56
15786,Notorious Thugs (feat. Bone Thugs-n-Harmony) - 2007 Remaster,16664,2,367227,56
15787,Notorious Thugs (feat. Bone Thugs-n-Harmony) - 2007 Remaster,16793,2,367227,56
15791,Hate Me Now (feat.- Puff Daddy),6888,2,284000,0
15796,Pushin' Weight,741,2,274667,33
15798,Pushin' Weight,2850,2,274667,33
15800,Pushin' Weight,5530,2,274667,33
15801,Pushin' Weight,5535,2,274667,33
15802,Pushin' Weight,5630,2,274667,33
15803,Pushin' Weight,5633,2,274667,33
15806,Pushin' Weight,6183,2,274667,33
15807,Pushin' Weight,6234,2,274667,33
15808,Pushin' Weight,6555,2,274667,33
15809,Pushin' Weight,6830,2,274667,33
15810,Pushin' Weight,6872,2,274667,33
15811,Pushin' Weight,8442,2,274667,33
15812,Pushin' Weight,8676,2,274667,33
15813,Pushin' Weight,8778,2,274667,33
15814,Pushin' Weight,9048,2,274667,33
15815,Pushin' Weight,9072,2,274667,33
15816,Pushin' Weight,9120,2,274667,33
15817,Pushin' Weight,9175,2,274667,33
15819,Pushin' Weight,9283,2,274667,33
15820,Pushin' Weight,9458,2,274667,33
15821,Pushin' Weight,9465,2,274667,33
15822,Pushin' Weight,9505,2,274667,33
15823,Pushin' Weight,9507,2,274667,33
15824,Pushin' Weight,9519,2,274667,33
15825,Pushin' Weight,9643,2,274667,33
15826,Pushin' Weight,9669,2,274667,33
15827,Pushin' Weight,9689,2,274667,33
15828,Pushin' Weight,9692,2,274667,33
15829,Pushin' Weight,9806,2,274667,33
15831,Pushin' Weight,10372,2,274667,33
15833,Pushin' Weight,10544,2,274667,33
15834,Pushin' Weight,10928,2,274667,33
15835,Pushin' Weight,11131,2,274667,33
15836,Pushin' Weight,11327,2,274667,33
15837,Pushin' Weight,11333,2,274667,33
15838,Pushin' Weight,11339,2,274667,33
15839,Pushin' Weight,11387,2,274667,33
15840,Pushin' Weight,11404,2,274667,33
15841,Pushin' Weight,12845,2,274667,33
15842,Pushin' Weight,12897,2,274667,33
15843,Pushin' Weight,12903,2,274667,33
15845,Pushin' Weight,14029,2,274667,33
15847,Pushin' Weight,15128,2,274667,33
15848,Pushin' Weight,16344,2,274667,33
15849,Pushin' Weight,16536,2,274667,33
15850,Pushin' Weight,16537,2,274667,33
15851,Pushin' Weight,16624,2,274667,33
15852,Pushin' Weight,16641,2,274667,33
15853,Pushin' Weight,16664,2,274667,33
15854,Pushin' Weight,16793,2,274667,33
15859,Runnin' (Dying To Live),7156,2,230787,0
15860,Picture Me Rollin',4864,2,314720,59
15862,I Get Around,7093,2,259000,8
15864,Bow Down,6140,2,206933,51
15865,Bow Down,6875,2,206933,51
16069,Suicidal Thoughts - 2005 Remaster,7279,2,170227,64
16583,Poison,18660,2,151778,47
16698,Fake Love,14288,2,174171,49
16863,Siren,488,2,174307,63
16864,Siren,2164,2,174307,63
16865,Siren,16193,2,174307,63
16874,Diamonds (feat. Micky Blue),18691,2,215040,2
17353,Alone,16406,2,254000,64
17356,Alone,16448,2,254000,64
17453,Closer - T-Mass Remix,8200,2,247520,47
17459,Magic,10955,2,290704,53
17465,Don't Let Me Down - Illenium Remix,501,2,218933,64
17466,Don't Let Me Down - Illenium Remix,19749,2,218933,64
17555,Side Effects - Nolan van Lith Remix,39,2,184160,36
17682,No Te Hagas,8345,2,233251,67
17801,Money In The Grave (Drake ft. Rick Ross),4887,2,205427,88
17820,Forever,498,2,172245,72
17822,Forever,6257,2,172245,72
17826,Forever,16604,2,172245,72
17845,Grammys,1865,2,220427,1
17846,Grammys,2386,2,220427,1
17865,Digital Dash,4963,2,231231,1
17881,Paradise City,1709,3,405640,78
17882,Shadow Of Your Love,8435,3,185573,58
17883,Welcome To The Jungle,1709,3,272027,78
17884,It's So Easy,1709,3,201360,60
17885,Nightrain,1709,3,266173,61
17886,Sweet Child O' Mine,1709,3,354520,82
17887,Out Ta Get Me,1709,3,263867,7
17888,Mr. Brownstone,1709,3,225707,59
17889,Knockin' On Heaven's Door,8436,3,336000,13
17890,Don't Cry (Original),8437,3,284800,15
17891,My Michelle,1709,3,218667,57
17892,Think About You,1709,3,231600,5
17893,You're Crazy,1709,3,197200,4
17894,Anything Goes,1709,3,206360,4
17895,Rocket Queen,1709,3,375307,4
17896,Live And Let Die,8437,3,183973,9
17897,You Could Be Mine,8436,3,343640,6
17898,Patience,8438,3,354400,67
17899,Used To Love Her,8438,3,191360,48
17900,Double Talkin' Jive,8437,3,202040,53
17901,Civil War,8436,3,462093,6
17902,Since I Don't Have You,8439,3,261400,4
17903,There Was A Time,8440,3,400693,51
17904,14 Years,8436,3,261373,3
17905,Attitude,8439,3,87000,49
17906,Ain't It Fun,8439,3,305800,3
17907,Don't Damn Me,8437,3,318867,3
17908,Chinese Democracy,8441,3,283213,2
17909,Right Next Door To Hell,8437,3,182293,3
17910,New Rose,8439,3,158360,49
17911,Better,8440,3,297227,54
17912,Sorry,8440,3,374187,49
17914,Sympathy For The Devil,741,3,455560,4
17916,Sympathy For The Devil,2850,3,455560,4
17918,Sympathy For The Devil,5530,3,455560,4
17919,Sympathy For The Devil,5535,3,455560,4
17920,Sympathy For The Devil,5630,3,455560,4
17921,Sympathy For The Devil,5633,3,455560,4
17924,Sympathy For The Devil,6183,3,455560,4
17925,Sympathy For The Devil,6234,3,455560,4
17926,Sympathy For The Devil,6555,3,455560,4
17927,Sympathy For The Devil,6830,3,455560,4
17928,Sympathy For The Devil,6872,3,455560,4
17929,Sympathy For The Devil,8442,3,455560,4
17930,Sympathy For The Devil,8676,3,455560,4
17931,Sympathy For The Devil,8778,3,455560,4
17932,Sympathy For The Devil,9048,3,455560,4
17933,Sympathy For The Devil,9072,3,455560,4
17934,Sympathy For The Devil,9120,3,455560,4
17935,Sympathy For The Devil,9175,3,455560,4
17937,Sympathy For The Devil,9283,3,455560,4
17938,Sympathy For The Devil,9458,3,455560,4
17939,Sympathy For The Devil,9465,3,455560,4
17940,Sympathy For The Devil,9505,3,455560,4
17941,Sympathy For The Devil,9507,3,455560,4
17942,Sympathy For The Devil,9519,3,455560,4
17943,Sympathy For The Devil,9643,3,455560,4
17944,Sympathy For The Devil,9669,3,455560,4
17945,Sympathy For The Devil,9689,3,455560,4
17946,Sympathy For The Devil,9692,3,455560,4
17947,Sympathy For The Devil,9806,3,455560,4
17949,Sympathy For The Devil,10372,3,455560,4
17951,Sympathy For The Devil,10544,3,455560,4
17952,Sympathy For The Devil,10928,3,455560,4
17953,Sympathy For The Devil,11131,3,455560,4
17954,Sympathy For The Devil,11327,3,455560,4
17955,Sympathy For The Devil,11333,3,455560,4
17956,Sympathy For The Devil,11339,3,455560,4
17957,Sympathy For The Devil,11387,3,455560,4
17958,Sympathy For The Devil,11404,3,455560,4
17959,Sympathy For The Devil,12845,3,455560,4
17960,Sympathy For The Devil,12897,3,455560,4
17961,Sympathy For The Devil,12903,3,455560,4
17963,Sympathy For The Devil,14029,3,455560,4
17965,Sympathy For The Devil,15128,3,455560,4
17966,Sympathy For The Devil,16344,3,455560,4
17967,Sympathy For The Devil,16536,3,455560,4
17968,Sympathy For The Devil,16537,3,455560,4
17969,Sympathy For The Devil,16624,3,455560,4
17970,Sympathy For The Devil,16641,3,455560,4
17971,Sympathy For The Devil,16664,3,455560,4
17972,Sympathy For The Devil,16793,3,455560,4
17975,Yesterdays,8436,3,196227,3
17976,Raw Power,8439,3,191827,46
17977,If The World,8441,3,293507,2
17978,Hair Of The Dog,8439,3,234907,49
17979,Black Leather,8439,3,248493,47
17980,Shotgun Blues,8443,3,203000,1
17981,Shotgun Blues,9921,3,203000,1
17982,Dust N' Bones,8437,3,298160,52
17983,Pretty Tied Up (The Perils Of Rock N' Roll Decadence),8443,3,287907,1
17984,Pretty Tied Up (The Perils Of Rock N' Roll Decadence),9921,3,287907,1
17985,This I Love,8440,3,334373,58
17986,Move To The City - Live In Japan / 1992,8444,3,475963,35
17987,Knockin' On Heaven's Door - Live In London / 1992,8444,3,447160,50
17988,Sweet Child O' Mine - Live In Paris / 1992,8444,3,445173,50
18358,Smooth Operator - Remastered,8656,3,256147,2
18359,Smooth Operator - Remastered,9500,3,256147,2
18368,Glory Days,8527,3,259267,4
18369,Glory Days,9058,3,259267,4
18378,I'm On Fire,8527,3,154267,17
18379,I'm On Fire,9058,3,154267,17
18381,What About Love?,8535,3,221107,3
18399,Never,8535,3,246400,0
18411,These Dreams,8535,3,254960,5
18421,Crush On You,4959,3,272493,43
18427,The Sweetest Taboo - Remastered,8656,3,265187,1
18428,The Sweetest Taboo - Remastered,9500,3,265187,1
18462,Alone,8574,3,218733,73
18553,Blackest Deeds,2327,3,349916,17
18612,We Are The Champions - Remastered 2011,8652,3,179200,76
18619,Changes,8656,3,282493,35
18620,Changes,9500,3,282493,35
18630,To Be with You - 2010 Remastered Version,8661,3,210480,5
18649,The Chain,8671,3,271000,21
18657,Paranoid,741,3,168440,15
18659,Paranoid,2850,3,168440,15
18661,Paranoid,5530,3,168440,15
18662,Paranoid,5535,3,168440,15
18663,Paranoid,5630,3,168440,15
18664,Paranoid,5633,3,168440,15
18667,Paranoid,6183,3,168440,15
18668,Paranoid,6234,3,168440,15
18669,Paranoid,6555,3,168440,15
18670,Paranoid,6830,3,168440,15
18671,Paranoid,6872,3,168440,15
18672,Paranoid,8442,3,168440,15
18673,Paranoid,8676,3,168440,15
18674,Paranoid,8778,3,168440,15
18675,Paranoid,9048,3,168440,15
18676,Paranoid,9072,3,168440,15
18677,Paranoid,9120,3,168440,15
18678,Paranoid,9175,3,168440,15
18680,Paranoid,9283,3,168440,15
18681,Paranoid,9458,3,168440,15
18682,Paranoid,9465,3,168440,15
18683,Paranoid,9505,3,168440,15
18684,Paranoid,9507,3,168440,15
18685,Paranoid,9519,3,168440,15
18686,Paranoid,9643,3,168440,15
18687,Paranoid,9669,3,168440,15
18688,Paranoid,9689,3,168440,15
18689,Paranoid,9692,3,168440,15
18690,Paranoid,9806,3,168440,15
18692,Paranoid,10372,3,168440,15
18694,Paranoid,10544,3,168440,15
18695,Paranoid,10928,3,168440,15
18696,Paranoid,11131,3,168440,15
18697,Paranoid,11327,3,168440,15
18698,Paranoid,11333,3,168440,15
18699,Paranoid,11339,3,168440,15
18700,Paranoid,11387,3,168440,15
18701,Paranoid,11404,3,168440,15
18702,Paranoid,12845,3,168440,15
18703,Paranoid,12897,3,168440,15
18704,Paranoid,12903,3,168440,15
18706,Paranoid,14029,3,168440,15
18708,Paranoid,15128,3,168440,15
18709,Paranoid,16344,3,168440,15
18710,Paranoid,16536,3,168440,15
18711,Paranoid,16537,3,168440,15
18712,Paranoid,16624,3,168440,15
18713,Paranoid,16641,3,168440,15
18714,Paranoid,16664,3,168440,15
18715,Paranoid,16793,3,168440,15
18723,Long Cool Woman (In a Black Dress) - 1999 Remaster,8681,3,199200,63
18764,Go Your Own Way - 2004 Remaster,8712,3,223613,73
18766,Killer Queen - Remastered 2011,8713,3,179600,21
18767,Under Pressure - Remastered,8714,3,248440,35
18768,We Will Rock You - Remastered,8715,3,122067,70
18782,Baba O'Riley,8727,3,300400,22
18783,Pinball Wizard,8728,3,180943,18
18786,Iron Man - 2014 Remaster,8730,3,355304,66
18789,Can't You See,8733,3,361227,14
18791,Won't Get Fooled Again - Original Album Version,8727,3,511400,15
18794,Who Are You,8737,3,378707,17
18799,My Generation - Mono Version,8739,3,198867,56
18803,Born to Run,8742,3,269920,73
18841,Laughter In The Rain,16420,3,169552,1
18852,Up On Cripple Creek - Remastered 2000,8770,3,274893,60
18860,Magic Man,8777,3,328360,58
18862,Long Cool Woman (In a Black Dress) - 2003 Remaster,741,3,197933,37
18864,Long Cool Woman (In a Black Dress) - 2003 Remaster,2850,3,197933,37
18866,Long Cool Woman (In a Black Dress) - 2003 Remaster,5530,3,197933,37
18867,Long Cool Woman (In a Black Dress) - 2003 Remaster,5535,3,197933,37
18868,Long Cool Woman (In a Black Dress) - 2003 Remaster,5630,3,197933,37
18869,Long Cool Woman (In a Black Dress) - 2003 Remaster,5633,3,197933,37
18872,Long Cool Woman (In a Black Dress) - 2003 Remaster,6183,3,197933,37
18873,Long Cool Woman (In a Black Dress) - 2003 Remaster,6234,3,197933,37
18874,Long Cool Woman (In a Black Dress) - 2003 Remaster,6555,3,197933,37
18875,Long Cool Woman (In a Black Dress) - 2003 Remaster,6830,3,197933,37
18876,Long Cool Woman (In a Black Dress) - 2003 Remaster,6872,3,197933,37
18877,Long Cool Woman (In a Black Dress) - 2003 Remaster,8442,3,197933,37
18878,Long Cool Woman (In a Black Dress) - 2003 Remaster,8676,3,197933,37
18879,Long Cool Woman (In a Black Dress) - 2003 Remaster,8778,3,197933,37
18880,Long Cool Woman (In a Black Dress) - 2003 Remaster,9048,3,197933,37
18881,Long Cool Woman (In a Black Dress) - 2003 Remaster,9072,3,197933,37
18882,Long Cool Woman (In a Black Dress) - 2003 Remaster,9120,3,197933,37
18883,Long Cool Woman (In a Black Dress) - 2003 Remaster,9175,3,197933,37
18885,Long Cool Woman (In a Black Dress) - 2003 Remaster,9283,3,197933,37
18886,Long Cool Woman (In a Black Dress) - 2003 Remaster,9458,3,197933,37
18887,Long Cool Woman (In a Black Dress) - 2003 Remaster,9465,3,197933,37
18888,Long Cool Woman (In a Black Dress) - 2003 Remaster,9505,3,197933,37
18889,Long Cool Woman (In a Black Dress) - 2003 Remaster,9507,3,197933,37
18890,Long Cool Woman (In a Black Dress) - 2003 Remaster,9519,3,197933,37
18891,Long Cool Woman (In a Black Dress) - 2003 Remaster,9643,3,197933,37
18892,Long Cool Woman (In a Black Dress) - 2003 Remaster,9669,3,197933,37
18893,Long Cool Woman (In a Black Dress) - 2003 Remaster,9689,3,197933,37
18894,Long Cool Woman (In a Black Dress) - 2003 Remaster,9692,3,197933,37
18895,Long Cool Woman (In a Black Dress) - 2003 Remaster,9806,3,197933,37
18897,Long Cool Woman (In a Black Dress) - 2003 Remaster,10372,3,197933,37
18899,Long Cool Woman (In a Black Dress) - 2003 Remaster,10544,3,197933,37
18900,Long Cool Woman (In a Black Dress) - 2003 Remaster,10928,3,197933,37
18901,Long Cool Woman (In a Black Dress) - 2003 Remaster,11131,3,197933,37
18902,Long Cool Woman (In a Black Dress) - 2003 Remaster,11327,3,197933,37
18903,Long Cool Woman (In a Black Dress) - 2003 Remaster,11333,3,197933,37
18904,Long Cool Woman (In a Black Dress) - 2003 Remaster,11339,3,197933,37
18905,Long Cool Woman (In a Black Dress) - 2003 Remaster,11387,3,197933,37
18906,Long Cool Woman (In a Black Dress) - 2003 Remaster,11404,3,197933,37
18907,Long Cool Woman (In a Black Dress) - 2003 Remaster,12845,3,197933,37
18908,Long Cool Woman (In a Black Dress) - 2003 Remaster,12897,3,197933,37
18909,Long Cool Woman (In a Black Dress) - 2003 Remaster,12903,3,197933,37
18911,Long Cool Woman (In a Black Dress) - 2003 Remaster,14029,3,197933,37
18913,Long Cool Woman (In a Black Dress) - 2003 Remaster,15128,3,197933,37
18914,Long Cool Woman (In a Black Dress) - 2003 Remaster,16344,3,197933,37
18915,Long Cool Woman (In a Black Dress) - 2003 Remaster,16536,3,197933,37
18916,Long Cool Woman (In a Black Dress) - 2003 Remaster,16537,3,197933,37
18917,Long Cool Woman (In a Black Dress) - 2003 Remaster,16624,3,197933,37
18918,Long Cool Woman (In a Black Dress) - 2003 Remaster,16641,3,197933,37
18919,Long Cool Woman (In a Black Dress) - 2003 Remaster,16664,3,197933,37
18920,Long Cool Woman (In a Black Dress) - 2003 Remaster,16793,3,197933,37
18929,Bad Blood,16420,3,187617,0
18939,Never Going Back Again,8671,3,135133,13
18950,Go Your Own Way,8671,3,218400,26
18961,We Are The Champions,8801,3,180800,0
18967,The Night They Drove Old Dixie Down - Remastered 2000,8770,3,213267,63
18970,Hot Fun in the Summertime,8807,3,156827,0
19101,Dancin' Til Dawn,8901,3,309747,43
19135,Keep Yourself Alive - 2011 Mix,8922,3,227467,42
19136,Doing Alright - Remastered 2011,8922,3,249213,42
19137,Great King Rat - Remastered 2011,8922,3,342880,37
19138,My Fairy King - Remastered 2011,8922,3,248280,35
19139,Liar - Remastered 2011,8922,3,383907,35
19140,The Night Comes Down - Remastered 2011,8922,3,263027,34
19141,Modern Times Rock 'N Roll - Remastered 2011,8922,3,108173,33
19142,Son And Daughter - Remastered 2011,8922,3,199533,34
19143,Jesus - Remastered 2011,8922,3,224173,33
19144,Seven Seas Of Rhye - Remastered 2011,8922,3,76573,34
19145,Procession - Remastered 2011,8923,3,73133,33
19146,Father To Son - Remastered 2011,8923,3,373853,34
19147,White Queen (As It Began) - Remastered 2011,8923,3,273200,35
19148,Some Day One Day - Remastered 2011,8923,3,262200,33
19149,The Loser In The End - Remastered 2011,8923,3,241187,33
19150,Ogre Battle - Remastered 2011,8923,3,248453,33
19151,The Fairy Feller's Master-Stroke - Remastered 2011,8923,3,160987,35
19152,Nevermore - Remastered 2011,8923,3,78667,35
19153,The March Of The Black Queen - 2011 Mix,8923,3,392947,36
19154,Funny How Love Is - Remastered 2011,8923,3,169760,33
19155,Seven Seas Of Rhye - Remastered 2011,8923,3,168973,38
19156,Brighton Rock - Remastered 2011,8713,3,310013,37
19157,Killer Queen - 2011 Mix,8713,3,179600,50
19158,Tenement Funster - Remastered 2011,8713,3,166853,33
19159,Flick Of The Wrist - Remastered 2011,8713,3,197293,35
19160,Lily Of The Valley - Remastered 2011,8713,3,104893,34
19161,Now I'm Here - Remastered 2011,8713,3,252933,36
19162,In The Lap Of The Gods - Remastered 2011,8713,3,202613,33
19163,Stone Cold Crazy - Remastered 2011,8713,3,133813,36
19164,Dear Friends - Remastered 2011,8713,3,67573,32
19165,Misfire - Remastered 2011,8713,3,109653,32
19166,Bring Back That Leroy Brown - Remastered 2011,8713,3,135307,32
19167,She Makes Me (Stormtrooper In Stilettos) - Remastered 2011,8713,3,249200,30
19168,In The Lap Of The Gods... Revisited - Remastered 2011,8713,3,226813,34
19169,Death On Two Legs (Dedicated To...) - Remastered 2011,8924,3,223920,46
19170,Lazing On A Sunday Afternoon - Remastered 2011,8924,3,67400,45
19171,I'm In Love With My Car - Remastered 2011,8924,3,184893,47
19172,You're My Best Friend - Remastered 2011,8924,3,170787,65
19173,'39 - 2011 Mix,8924,3,210800,46
19174,Sweet Lady - Remastered 2011,8924,3,242120,44
19175,Seaside Rendezvous - Remastered 2011,8924,3,134120,47
19176,The Prophet's Song - Remastered 2011,8924,3,500960,46
19177,Love Of My Life - Remastered 2011,8924,3,217387,53
19178,Good Company - Remastered 2011,8924,3,203440,44
19179,Bohemian Rhapsody - 2011 Mix,8924,3,354320,84
19180,God Save The Queen - Remastered 2011,8924,3,75333,45
19181,Tie Your Mother Down - Remastered 2011,8925,3,287427,37
19182,You Take My Breath Away - Remastered 2011,8925,3,306480,35
19183,Long Away - Remastered 2011,8925,3,213413,32
19184,The Millionaire Waltz - Remastered 2011,8925,3,295333,35
19185,You And I - Remastered 2011,8925,3,206147,34
19186,Somebody To Love - 2011 Mix,8925,3,296480,44
19187,White Man - Remastered 2011,8925,3,298120,30
19188,Good Old-Fashioned Lover Boy - 2011 Mix,8925,3,173173,39
19189,Drowse - Remastered 2011,8925,3,223293,31
19190,Teo Torriatte (Let Us Cling Together) - 2011 Mix,8925,3,355653,33
19191,We Will Rock You - Remastered,8652,3,122067,79
19192,Sheer Heart Attack - Remastered 2011,8652,3,207600,39
19193,"All Dead, All Dead - Remastered 2011",8652,3,189587,40
19194,Spread Your Wings - 2011 Mix,8652,3,274227,59
19195,Fight From The Inside - Remastered 2011,8652,3,181627,37
19196,"Get Down, Make Love - Remastered 2011",8652,3,230120,36
19197,Sleeping On The Sidewalk - Remastered 2011,8652,3,186080,35
19198,Who Needs You - Remastered 2011,8652,3,186853,39
19199,It's Late - Remastered 2011,8652,3,386360,38
19200,My Melancholy Blues - Remastered 2011,8652,3,211333,45
19201,Mustapha - Remastered 2011,8926,3,181027,43
19202,Fat Bottomed Girls - 2011 Remaster,8926,3,255600,67
19203,Jealousy - Remastered 2011,8926,3,193147,46
19204,Bicycle Race - Remastered 2011,8926,3,180813,64
19205,If You Can't Beat Them - Remastered 2011,8926,3,255187,40
19206,Let Me Entertain You - Remastered 2011,8926,3,181693,41
19207,Dead On Time - Remastered 2011,8926,3,203347,38
19208,In Only Seven Days - Remastered 2011,8926,3,149253,40
19209,Dreamer's Ball - Remastered 2011,8926,3,210147,41
19210,Fun It - Remastered 2011,8926,3,208827,37
19211,Leaving Home Ain't Easy - Remastered 2011,8926,3,195040,37
19212,Don't Stop Me Now - 2011 Mix,8926,3,209413,83
19213,More Of That Jazz - Remastered 2011,8926,3,256653,38
19214,Play The Game - Remastered 2011,8927,3,212533,60
19215,Dragon Attack - Remastered 2011,8927,3,258773,44
19216,Another One Bites The Dust - Remastered 2011,8927,3,214653,82
19217,Need Your Loving Tonight - Remastered 2011,8927,3,169200,42
19218,Crazy Little Thing Called Love - Remastered 2011,8927,3,163373,74
19219,Rock It (Prime Jive) - Remastered 2011,8927,3,273013,41
19220,Don't Try Suicide - Remastered 2011,8927,3,232120,44
19221,Sail Away Sweet Sister - Remastered 2011,8927,3,213427,42
19222,Coming Soon - Remastered 2011,8927,3,170040,38
19223,Save Me - Remastered 2011,8927,3,229920,62
19224,Staying Power - Remastered 2011,8928,3,252133,38
19225,Dancer - Remastered 2011,8928,3,230120,36
19226,Back Chat - Remastered 2011,8928,3,275093,40
19227,Body Language - Remastered 2011,8928,3,271600,44
19228,Action This Day - Remastered 2011,8928,3,214813,35
19229,Put Out The Fire - Remastered 2011,8928,3,198240,35
19230,Life Is Real (Song For Lennon) - Remastered 2011,8928,3,211360,37
19231,Calling All Girls - Remastered 2011,8928,3,231853,35
19232,Las Palabras De Amor (The Words Of Love) - Remastered 2011,8928,3,271640,43
19233,Cool Cat - Remastered 2011,8928,3,209107,60
19256,The Dirt (Est. 1981) [feat. Machine Gun Kelly],8931,3,232000,57
19257,Home Sweet Home,8932,3,240933,70
19258,Live Wire,8933,3,194587,64
19259,Paranoid - 2016 Remaster,8730,3,168406,68
19261,Tie Your Mother Down - Remastered 2011,8935,3,286693,26
19268,Dr. Feelgood,8938,3,290187,14
19279,Kickstart My Heart,8947,3,282920,76
19282,Barracuda,8949,3,261933,73
19322,Cum on Feel the Noize,8977,3,290960,69
19332,American Girl,8987,3,214733,73
19351,American Woman - Remastered,9001,3,307493,67
19361,Baba O'Riley,9009,3,300400,76
19404,Under Pressure - Remastered,9032,3,236520,59
19405,Sweet Child O' Mine,1709,3,354520,82
19408,Every Breath You Take - Remastered 2003,9034,3,253887,24
19409,Bohemian Rhapsody - Remastered 2011,8924,3,354320,29
19414,Another One Bites The Dust - Remastered 2011,9036,3,214653,74
19429,Paradise City,1709,3,405640,78
19438,Paranoid,741,3,168440,15
19440,Paranoid,2850,3,168440,15
19442,Paranoid,5530,3,168440,15
19443,Paranoid,5535,3,168440,15
19444,Paranoid,5630,3,168440,15
19445,Paranoid,5633,3,168440,15
19448,Paranoid,6183,3,168440,15
19449,Paranoid,6234,3,168440,15
19450,Paranoid,6555,3,168440,15
19451,Paranoid,6830,3,168440,15
19452,Paranoid,6872,3,168440,15
19453,Paranoid,8442,3,168440,15
19454,Paranoid,8676,3,168440,15
19455,Paranoid,8778,3,168440,15
19456,Paranoid,9048,3,168440,15
19457,Paranoid,9072,3,168440,15
19458,Paranoid,9120,3,168440,15
19459,Paranoid,9175,3,168440,15
19461,Paranoid,9283,3,168440,15
19462,Paranoid,9458,3,168440,15
19463,Paranoid,9465,3,168440,15
19464,Paranoid,9505,3,168440,15
19465,Paranoid,9507,3,168440,15
19466,Paranoid,9519,3,168440,15
19467,Paranoid,9643,3,168440,15
19468,Paranoid,9669,3,168440,15
19469,Paranoid,9689,3,168440,15
19470,Paranoid,9692,3,168440,15
19471,Paranoid,9806,3,168440,15
19473,Paranoid,10372,3,168440,15
19475,Paranoid,10544,3,168440,15
19476,Paranoid,10928,3,168440,15
19477,Paranoid,11131,3,168440,15
19478,Paranoid,11327,3,168440,15
19479,Paranoid,11333,3,168440,15
19480,Paranoid,11339,3,168440,15
19481,Paranoid,11387,3,168440,15
19482,Paranoid,11404,3,168440,15
19483,Paranoid,12845,3,168440,15
19484,Paranoid,12897,3,168440,15
19485,Paranoid,12903,3,168440,15
19487,Paranoid,14029,3,168440,15
19489,Paranoid,15128,3,168440,15
19490,Paranoid,16344,3,168440,15
19491,Paranoid,16536,3,168440,15
19492,Paranoid,16537,3,168440,15
19493,Paranoid,16624,3,168440,15
19494,Paranoid,16641,3,168440,15
19495,Paranoid,16664,3,168440,15
19496,Paranoid,16793,3,168440,15
19501,We Will Rock You - Remastered,8715,3,122067,70
19503,Friday I'm in Love,9041,3,214400,67
19504,Friday I'm in Love,9858,3,214400,67
19505,Roxanne - Remastered 2003,9042,3,191947,23
19507,Baba O'Riley,8727,3,300400,22
19521,The Chain,8671,3,271000,21
19523,Welcome To The Jungle,741,3,271867,14
19525,Welcome To The Jungle,2850,3,271867,14
19527,Welcome To The Jungle,5530,3,271867,14
19528,Welcome To The Jungle,5535,3,271867,14
19529,Welcome To The Jungle,5630,3,271867,14
19530,Welcome To The Jungle,5633,3,271867,14
19533,Welcome To The Jungle,6183,3,271867,14
19534,Welcome To The Jungle,6234,3,271867,14
19535,Welcome To The Jungle,6555,3,271867,14
19536,Welcome To The Jungle,6830,3,271867,14
19537,Welcome To The Jungle,6872,3,271867,14
19538,Welcome To The Jungle,8442,3,271867,14
19539,Welcome To The Jungle,8676,3,271867,14
19540,Welcome To The Jungle,8778,3,271867,14
19541,Welcome To The Jungle,9048,3,271867,14
19542,Welcome To The Jungle,9072,3,271867,14
19543,Welcome To The Jungle,9120,3,271867,14
19544,Welcome To The Jungle,9175,3,271867,14
19546,Welcome To The Jungle,9283,3,271867,14
19547,Welcome To The Jungle,9458,3,271867,14
19548,Welcome To The Jungle,9465,3,271867,14
19549,Welcome To The Jungle,9505,3,271867,14
19550,Welcome To The Jungle,9507,3,271867,14
19551,Welcome To The Jungle,9519,3,271867,14
19552,Welcome To The Jungle,9643,3,271867,14
19553,Welcome To The Jungle,9669,3,271867,14
19554,Welcome To The Jungle,9689,3,271867,14
19555,Welcome To The Jungle,9692,3,271867,14
19556,Welcome To The Jungle,9806,3,271867,14
19558,Welcome To The Jungle,10372,3,271867,14
19560,Welcome To The Jungle,10544,3,271867,14
19561,Welcome To The Jungle,10928,3,271867,14
19562,Welcome To The Jungle,11131,3,271867,14
19563,Welcome To The Jungle,11327,3,271867,14
19564,Welcome To The Jungle,11333,3,271867,14
19565,Welcome To The Jungle,11339,3,271867,14
19566,Welcome To The Jungle,11387,3,271867,14
19567,Welcome To The Jungle,11404,3,271867,14
19568,Welcome To The Jungle,12845,3,271867,14
19569,Welcome To The Jungle,12897,3,271867,14
19570,Welcome To The Jungle,12903,3,271867,14
19572,Welcome To The Jungle,14029,3,271867,14
19574,Welcome To The Jungle,15128,3,271867,14
19575,Welcome To The Jungle,16344,3,271867,14
19576,Welcome To The Jungle,16536,3,271867,14
19577,Welcome To The Jungle,16537,3,271867,14
19578,Welcome To The Jungle,16624,3,271867,14
19579,Welcome To The Jungle,16641,3,271867,14
19580,Welcome To The Jungle,16664,3,271867,14
19581,Welcome To The Jungle,16793,3,271867,14
19587,Behind Blue Eyes - Original Album Version,741,3,223333,16
19589,Behind Blue Eyes - Original Album Version,2850,3,223333,16
19591,Behind Blue Eyes - Original Album Version,5530,3,223333,16
19592,Behind Blue Eyes - Original Album Version,5535,3,223333,16
19593,Behind Blue Eyes - Original Album Version,5630,3,223333,16
19594,Behind Blue Eyes - Original Album Version,5633,3,223333,16
19597,Behind Blue Eyes - Original Album Version,6183,3,223333,16
19598,Behind Blue Eyes - Original Album Version,6234,3,223333,16
19599,Behind Blue Eyes - Original Album Version,6555,3,223333,16
19600,Behind Blue Eyes - Original Album Version,6830,3,223333,16
19601,Behind Blue Eyes - Original Album Version,6872,3,223333,16
19602,Behind Blue Eyes - Original Album Version,8442,3,223333,16
19603,Behind Blue Eyes - Original Album Version,8676,3,223333,16
19604,Behind Blue Eyes - Original Album Version,8778,3,223333,16
19605,Behind Blue Eyes - Original Album Version,9048,3,223333,16
19606,Behind Blue Eyes - Original Album Version,9072,3,223333,16
19607,Behind Blue Eyes - Original Album Version,9120,3,223333,16
19608,Behind Blue Eyes - Original Album Version,9175,3,223333,16
19610,Behind Blue Eyes - Original Album Version,9283,3,223333,16
19611,Behind Blue Eyes - Original Album Version,9458,3,223333,16
19612,Behind Blue Eyes - Original Album Version,9465,3,223333,16
19613,Behind Blue Eyes - Original Album Version,9505,3,223333,16
19614,Behind Blue Eyes - Original Album Version,9507,3,223333,16
19615,Behind Blue Eyes - Original Album Version,9519,3,223333,16
19616,Behind Blue Eyes - Original Album Version,9643,3,223333,16
19617,Behind Blue Eyes - Original Album Version,9669,3,223333,16
19618,Behind Blue Eyes - Original Album Version,9689,3,223333,16
19619,Behind Blue Eyes - Original Album Version,9692,3,223333,16
19620,Behind Blue Eyes - Original Album Version,9806,3,223333,16
19622,Behind Blue Eyes - Original Album Version,10372,3,223333,16
19624,Behind Blue Eyes - Original Album Version,10544,3,223333,16
19625,Behind Blue Eyes - Original Album Version,10928,3,223333,16
19626,Behind Blue Eyes - Original Album Version,11131,3,223333,16
19627,Behind Blue Eyes - Original Album Version,11327,3,223333,16
19628,Behind Blue Eyes - Original Album Version,11333,3,223333,16
19629,Behind Blue Eyes - Original Album Version,11339,3,223333,16
19630,Behind Blue Eyes - Original Album Version,11387,3,223333,16
19631,Behind Blue Eyes - Original Album Version,11404,3,223333,16
19632,Behind Blue Eyes - Original Album Version,12845,3,223333,16
19633,Behind Blue Eyes - Original Album Version,12897,3,223333,16
19634,Behind Blue Eyes - Original Album Version,12903,3,223333,16
19636,Behind Blue Eyes - Original Album Version,14029,3,223333,16
19638,Behind Blue Eyes - Original Album Version,15128,3,223333,16
19639,Behind Blue Eyes - Original Album Version,16344,3,223333,16
19640,Behind Blue Eyes - Original Album Version,16536,3,223333,16
19641,Behind Blue Eyes - Original Album Version,16537,3,223333,16
19642,Behind Blue Eyes - Original Album Version,16624,3,223333,16
19643,Behind Blue Eyes - Original Album Version,16641,3,223333,16
19644,Behind Blue Eyes - Original Album Version,16664,3,223333,16
19645,Behind Blue Eyes - Original Album Version,16793,3,223333,16
19652,Long Cool Woman (In a Black Dress) - 1999 Remaster,8681,3,199200,63
19653,Who Are You,8737,3,378707,17
19664,Go Your Own Way,8671,3,218400,26
19666,Pinball Wizard,8728,3,180943,18
19669,Free Fallin',9054,3,256000,76
19673,Don't Stop - 2004 Remaster,8712,3,193347,67
19674,Cum on Feel the Noize,9055,3,287400,70
19680,Won't Get Fooled Again - Original Album Version,8727,3,511400,15
19686,Born in the U.S.A.,8527,3,278680,75
19687,Born in the U.S.A.,9058,3,278680,75
19689,Iron Man - 2014 Remaster,8730,3,355304,66
19691,My Generation - Mono Version,8739,3,198867,56
19694,Runnin' Down A Dream,5882,3,264333,19
19695,Runnin' Down A Dream,9735,3,264333,19
19718,American Girl,741,3,210453,5
19720,American Girl,2850,3,210453,5
19722,American Girl,5530,3,210453,5
19723,American Girl,5535,3,210453,5
19724,American Girl,5630,3,210453,5
19725,American Girl,5633,3,210453,5
19728,American Girl,6183,3,210453,5
19729,American Girl,6234,3,210453,5
19730,American Girl,6555,3,210453,5
19731,American Girl,6830,3,210453,5
19732,American Girl,6872,3,210453,5
19733,American Girl,8442,3,210453,5
19734,American Girl,8676,3,210453,5
19735,American Girl,8778,3,210453,5
19736,American Girl,9048,3,210453,5
19737,American Girl,9072,3,210453,5
19738,American Girl,9120,3,210453,5
19739,American Girl,9175,3,210453,5
19741,American Girl,9283,3,210453,5
19742,American Girl,9458,3,210453,5
19743,American Girl,9465,3,210453,5
19744,American Girl,9505,3,210453,5
19745,American Girl,9507,3,210453,5
19746,American Girl,9519,3,210453,5
19747,American Girl,9643,3,210453,5
19748,American Girl,9669,3,210453,5
19749,American Girl,9689,3,210453,5
19750,American Girl,9692,3,210453,5
19751,American Girl,9806,3,210453,5
19753,American Girl,10372,3,210453,5
19755,American Girl,10544,3,210453,5
19756,American Girl,10928,3,210453,5
19757,American Girl,11131,3,210453,5
19758,American Girl,11327,3,210453,5
19759,American Girl,11333,3,210453,5
19760,American Girl,11339,3,210453,5
19761,American Girl,11387,3,210453,5
19762,American Girl,11404,3,210453,5
19763,American Girl,12845,3,210453,5
19764,American Girl,12897,3,210453,5
19765,American Girl,12903,3,210453,5
19767,American Girl,14029,3,210453,5
19769,American Girl,15128,3,210453,5
19770,American Girl,16344,3,210453,5
19771,American Girl,16536,3,210453,5
19772,American Girl,16537,3,210453,5
19773,American Girl,16624,3,210453,5
19774,American Girl,16641,3,210453,5
19775,American Girl,16664,3,210453,5
19776,American Girl,16793,3,210453,5
19779,Learn to Fly,9073,3,235293,73
19785,Cover Me,8527,3,208240,5
19786,Cover Me,9058,3,208240,5
19802,Barracuda,8949,3,261933,73
19809,Dancing In the Dark,8527,3,241307,76
19810,Dancing In the Dark,9058,3,241307,76
19816,Bohemian Rhapsody - 2011 Remaster,9087,3,355467,9
19835,Everlong,9099,3,250547,77
19836,Go Your Own Way - 2004 Remaster,8712,3,223613,73
19854,"American Woman - 7"" Version",9107,3,231640,53
19865,Rock You Like a Hurricane,2867,3,254347,61
19878,American Girl,8987,3,214733,73
19880,I Won't Back Down,9054,3,178360,71
19886,Can't You See,8733,3,361227,14
19889,Runnin' Down A Dream,741,3,263213,49
19891,Runnin' Down A Dream,2850,3,263213,49
19893,Runnin' Down A Dream,5530,3,263213,49
19894,Runnin' Down A Dream,5535,3,263213,49
19895,Runnin' Down A Dream,5630,3,263213,49
19896,Runnin' Down A Dream,5633,3,263213,49
19899,Runnin' Down A Dream,6183,3,263213,49
19900,Runnin' Down A Dream,6234,3,263213,49
19901,Runnin' Down A Dream,6555,3,263213,49
19902,Runnin' Down A Dream,6830,3,263213,49
19903,Runnin' Down A Dream,6872,3,263213,49
19904,Runnin' Down A Dream,8442,3,263213,49
19905,Runnin' Down A Dream,8676,3,263213,49
19906,Runnin' Down A Dream,8778,3,263213,49
19907,Runnin' Down A Dream,9048,3,263213,49
19908,Runnin' Down A Dream,9072,3,263213,49
19909,Runnin' Down A Dream,9120,3,263213,49
19910,Runnin' Down A Dream,9175,3,263213,49
19912,Runnin' Down A Dream,9283,3,263213,49
19913,Runnin' Down A Dream,9458,3,263213,49
19914,Runnin' Down A Dream,9465,3,263213,49
19915,Runnin' Down A Dream,9505,3,263213,49
19916,Runnin' Down A Dream,9507,3,263213,49
19917,Runnin' Down A Dream,9519,3,263213,49
19918,Runnin' Down A Dream,9643,3,263213,49
19919,Runnin' Down A Dream,9669,3,263213,49
19920,Runnin' Down A Dream,9689,3,263213,49
19921,Runnin' Down A Dream,9692,3,263213,49
19922,Runnin' Down A Dream,9806,3,263213,49
19924,Runnin' Down A Dream,10372,3,263213,49
19926,Runnin' Down A Dream,10544,3,263213,49
19927,Runnin' Down A Dream,10928,3,263213,49
19928,Runnin' Down A Dream,11131,3,263213,49
19929,Runnin' Down A Dream,11327,3,263213,49
19930,Runnin' Down A Dream,11333,3,263213,49
19931,Runnin' Down A Dream,11339,3,263213,49
19932,Runnin' Down A Dream,11387,3,263213,49
19933,Runnin' Down A Dream,11404,3,263213,49
19934,Runnin' Down A Dream,12845,3,263213,49
19935,Runnin' Down A Dream,12897,3,263213,49
19936,Runnin' Down A Dream,12903,3,263213,49
19938,Runnin' Down A Dream,14029,3,263213,49
19940,Runnin' Down A Dream,15128,3,263213,49
19941,Runnin' Down A Dream,16344,3,263213,49
19942,Runnin' Down A Dream,16536,3,263213,49
19943,Runnin' Down A Dream,16537,3,263213,49
19944,Runnin' Down A Dream,16624,3,263213,49
19945,Runnin' Down A Dream,16641,3,263213,49
19946,Runnin' Down A Dream,16664,3,263213,49
19947,Runnin' Down A Dream,16793,3,263213,49
19985,Refugee,9130,3,201693,63
19986,Kickstart My Heart,8947,3,282920,76
19990,Glory Days,8527,3,254733,67
19991,Glory Days,9058,3,254733,67
19994,Baba O'Riley,9009,3,300400,76
19998,Born to Run,8742,3,269920,73
20001,American Woman - Remastered,9001,3,307493,67
20008,Who Are You,9137,3,381627,12
20009,Killer Queen - 2011 Mix,9138,3,179600,67
20016,Somebody To Love - 2011 Mix,9141,3,296493,69
20021,Paradise City,1709,3,406307,16
20027,Won't Get Fooled Again - Remix,9144,3,513000,61
20033,Sweet Child O' Mine,1709,3,356400,22
20036,Paranoid - 2016 Remaster,8730,3,168406,68
20037,Welcome To The Jungle,1709,3,273600,19
20050,Ang Huling El Bimbo,8807,3,450333,61
20056,"Umaaraw, Umuulan",9152,3,418613,1
20064,Ligaya,8807,3,271467,54
20075,Liwanag Sa Dilim,9161,3,220787,1
20080,With A Smile,8807,3,280547,52
20099,Overdrive,8807,3,308000,49
20108,214,741,3,273200,63
20110,214,2850,3,273200,63
20112,214,5530,3,273200,63
20113,214,5535,3,273200,63
20114,214,5630,3,273200,63
20115,214,5633,3,273200,63
20118,214,6183,3,273200,63
20119,214,6234,3,273200,63
20120,214,6555,3,273200,63
20121,214,6830,3,273200,63
20122,214,6872,3,273200,63
20123,214,8442,3,273200,63
20124,214,8676,3,273200,63
20125,214,8778,3,273200,63
20126,214,9048,3,273200,63
20127,214,9072,3,273200,63
20128,214,9120,3,273200,63
20129,214,9175,3,273200,63
20131,214,9283,3,273200,63
20132,214,9458,3,273200,63
20133,214,9465,3,273200,63
20134,214,9505,3,273200,63
20135,214,9507,3,273200,63
20136,214,9519,3,273200,63
20137,214,9643,3,273200,63
20138,214,9669,3,273200,63
20139,214,9689,3,273200,63
20140,214,9692,3,273200,63
20141,214,9806,3,273200,63
20143,214,10372,3,273200,63
20145,214,10544,3,273200,63
20146,214,10928,3,273200,63
20147,214,11131,3,273200,63
20148,214,11327,3,273200,63
20149,214,11333,3,273200,63
20150,214,11339,3,273200,63
20151,214,11387,3,273200,63
20152,214,11404,3,273200,63
20153,214,12845,3,273200,63
20154,214,12897,3,273200,63
20155,214,12903,3,273200,63
20157,214,14029,3,273200,63
20159,214,15128,3,273200,63
20160,214,16344,3,273200,63
20161,214,16536,3,273200,63
20162,214,16537,3,273200,63
20163,214,16624,3,273200,63
20164,214,16641,3,273200,63
20165,214,16664,3,273200,63
20166,214,16793,3,273200,63
20180,241 (My Favorite Song),9161,3,272600,0
20203,I Don't Wanna Get Wise,9196,3,234640,41
20206,Low,9198,3,318987,57
20208,Hello Sunshine,9200,3,234240,56
20216,Ball and Chain,9206,3,269933,33
20261,The Dirt (Est. 1981) [feat. Machine Gun Kelly],9232,3,232000,56
20262,All This Music Must Fade,9233,3,200800,33
20301,Kiss You All Over,741,3,214400,57
20303,Kiss You All Over,2850,3,214400,57
20305,Kiss You All Over,5530,3,214400,57
20306,Kiss You All Over,5535,3,214400,57
20307,Kiss You All Over,5630,3,214400,57
20308,Kiss You All Over,5633,3,214400,57
20311,Kiss You All Over,6183,3,214400,57
20312,Kiss You All Over,6234,3,214400,57
20313,Kiss You All Over,6555,3,214400,57
20314,Kiss You All Over,6830,3,214400,57
20315,Kiss You All Over,6872,3,214400,57
20316,Kiss You All Over,8442,3,214400,57
20317,Kiss You All Over,8676,3,214400,57
20318,Kiss You All Over,8778,3,214400,57
20319,Kiss You All Over,9048,3,214400,57
20320,Kiss You All Over,9072,3,214400,57
20321,Kiss You All Over,9120,3,214400,57
20322,Kiss You All Over,9175,3,214400,57
20324,Kiss You All Over,9283,3,214400,57
20325,Kiss You All Over,9458,3,214400,57
20326,Kiss You All Over,9465,3,214400,57
20327,Kiss You All Over,9505,3,214400,57
20328,Kiss You All Over,9507,3,214400,57
20329,Kiss You All Over,9519,3,214400,57
20330,Kiss You All Over,9643,3,214400,57
20331,Kiss You All Over,9669,3,214400,57
20332,Kiss You All Over,9689,3,214400,57
20333,Kiss You All Over,9692,3,214400,57
20334,Kiss You All Over,9806,3,214400,57
20336,Kiss You All Over,10372,3,214400,57
20338,Kiss You All Over,10544,3,214400,57
20339,Kiss You All Over,10928,3,214400,57
20340,Kiss You All Over,11131,3,214400,57
20341,Kiss You All Over,11327,3,214400,57
20342,Kiss You All Over,11333,3,214400,57
20343,Kiss You All Over,11339,3,214400,57
20344,Kiss You All Over,11387,3,214400,57
20345,Kiss You All Over,11404,3,214400,57
20346,Kiss You All Over,12845,3,214400,57
20347,Kiss You All Over,12897,3,214400,57
20348,Kiss You All Over,12903,3,214400,57
20350,Kiss You All Over,14029,3,214400,57
20352,Kiss You All Over,15128,3,214400,57
20353,Kiss You All Over,16344,3,214400,57
20354,Kiss You All Over,16536,3,214400,57
20355,Kiss You All Over,16537,3,214400,57
20356,Kiss You All Over,16624,3,214400,57
20357,Kiss You All Over,16641,3,214400,57
20358,Kiss You All Over,16664,3,214400,57
20359,Kiss You All Over,16793,3,214400,57
20377,Rhiannon,9270,3,252773,68
20398,Little Lies,741,3,218040,59
20400,Little Lies,2850,3,218040,59
20402,Little Lies,5530,3,218040,59
20403,Little Lies,5535,3,218040,59
20404,Little Lies,5630,3,218040,59
20405,Little Lies,5633,3,218040,59
20408,Little Lies,6183,3,218040,59
20409,Little Lies,6234,3,218040,59
20410,Little Lies,6555,3,218040,59
20411,Little Lies,6830,3,218040,59
20412,Little Lies,6872,3,218040,59
20413,Little Lies,8442,3,218040,59
20414,Little Lies,8676,3,218040,59
20415,Little Lies,8778,3,218040,59
20416,Little Lies,9048,3,218040,59
20417,Little Lies,9072,3,218040,59
20418,Little Lies,9120,3,218040,59
20419,Little Lies,9175,3,218040,59
20421,Little Lies,9283,3,218040,59
20422,Little Lies,9458,3,218040,59
20423,Little Lies,9465,3,218040,59
20424,Little Lies,9505,3,218040,59
20425,Little Lies,9507,3,218040,59
20426,Little Lies,9519,3,218040,59
20427,Little Lies,9643,3,218040,59
20428,Little Lies,9669,3,218040,59
20429,Little Lies,9689,3,218040,59
20430,Little Lies,9692,3,218040,59
20431,Little Lies,9806,3,218040,59
20433,Little Lies,10372,3,218040,59
20435,Little Lies,10544,3,218040,59
20436,Little Lies,10928,3,218040,59
20437,Little Lies,11131,3,218040,59
20438,Little Lies,11327,3,218040,59
20439,Little Lies,11333,3,218040,59
20440,Little Lies,11339,3,218040,59
20441,Little Lies,11387,3,218040,59
20442,Little Lies,11404,3,218040,59
20443,Little Lies,12845,3,218040,59
20444,Little Lies,12897,3,218040,59
20445,Little Lies,12903,3,218040,59
20447,Little Lies,14029,3,218040,59
20449,Little Lies,15128,3,218040,59
20450,Little Lies,16344,3,218040,59
20451,Little Lies,16536,3,218040,59
20452,Little Lies,16537,3,218040,59
20453,Little Lies,16624,3,218040,59
20454,Little Lies,16641,3,218040,59
20455,Little Lies,16664,3,218040,59
20456,Little Lies,16793,3,218040,59
20471,Ace of Hearts,2841,3,270986,36
20478,Sentimental Lady - 2018 Remaster,9296,3,182587,40
20483,Big Love - 2017 Remaster,9301,3,223733,58
20504,Kickstart My Heart,9312,3,282920,54
20516,Bang Your Head (Metal Health),9317,3,314467,24
20567,Renegade,16406,3,253893,49
20570,Renegade,16448,3,253893,49
20581,I Want It All - Remastered 2011,9339,3,241253,19
20599,Ride With The Devil,9232,3,221652,48
20621,Dancing In The Dark,8527,3,239733,16
20622,Dancing In The Dark,9058,3,239733,16
20649,Welcome To The Jungle,9371,3,273600,1
20656,"Girls, Girls, Girls",9377,3,270533,0
20675,Message In A Bottle - Remastered 2003,9388,3,290280,18
20695,Princes Of The Universe,9401,3,213200,0
20709,Iron Man,9408,3,354240,1
20755,Metal Health (Bang Your Head),9434,3,319320,32
20793,Can't You See,8733,3,365093,65
20794,Fire on the Mountain,9456,3,236467,58
20795,Heard It in a Love Song,9457,3,295667,46
20797,Take the Highway,741,3,371907,31
20799,Take the Highway,2850,3,371907,31
20801,Take the Highway,5530,3,371907,31
20802,Take the Highway,5535,3,371907,31
20803,Take the Highway,5630,3,371907,31
20804,Take the Highway,5633,3,371907,31
20807,Take the Highway,6183,3,371907,31
20808,Take the Highway,6234,3,371907,31
20809,Take the Highway,6555,3,371907,31
20810,Take the Highway,6830,3,371907,31
20811,Take the Highway,6872,3,371907,31
20812,Take the Highway,8442,3,371907,31
20813,Take the Highway,8676,3,371907,31
20814,Take the Highway,8778,3,371907,31
20815,Take the Highway,9048,3,371907,31
20816,Take the Highway,9072,3,371907,31
20817,Take the Highway,9120,3,371907,31
20818,Take the Highway,9175,3,371907,31
20820,Take the Highway,9283,3,371907,31
20821,Take the Highway,9458,3,371907,31
20822,Take the Highway,9465,3,371907,31
20823,Take the Highway,9505,3,371907,31
20824,Take the Highway,9507,3,371907,31
20825,Take the Highway,9519,3,371907,31
20826,Take the Highway,9643,3,371907,31
20827,Take the Highway,9669,3,371907,31
20828,Take the Highway,9689,3,371907,31
20829,Take the Highway,9692,3,371907,31
20830,Take the Highway,9806,3,371907,31
20832,Take the Highway,10372,3,371907,31
20834,Take the Highway,10544,3,371907,31
20835,Take the Highway,10928,3,371907,31
20836,Take the Highway,11131,3,371907,31
20837,Take the Highway,11327,3,371907,31
20838,Take the Highway,11333,3,371907,31
20839,Take the Highway,11339,3,371907,31
20840,Take the Highway,11387,3,371907,31
20841,Take the Highway,11404,3,371907,31
20842,Take the Highway,12845,3,371907,31
20843,Take the Highway,12897,3,371907,31
20844,Take the Highway,12903,3,371907,31
20846,Take the Highway,14029,3,371907,31
20848,Take the Highway,15128,3,371907,31
20849,Take the Highway,16344,3,371907,31
20850,Take the Highway,16536,3,371907,31
20851,Take the Highway,16537,3,371907,31
20852,Take the Highway,16624,3,371907,31
20853,Take the Highway,16641,3,371907,31
20854,Take the Highway,16664,3,371907,31
20855,Take the Highway,16793,3,371907,31
20863,The Night They Drove Old Dixie Down - Remastered 2000,8770,3,213267,63
20864,Up On Cripple Creek - Remastered 2000,8770,3,274893,60
20865,Atlantic City,9463,3,314840,61
20866,Long Distance Operator - Remastered,9464,3,238333,20
20867,Get Up Jake - Stereo Remix/Remastered,9464,3,137800,15
20868,Rag Mama Rag - Alternate Vocal Take Rough Mix/Remastered,9464,3,185000,14
20869,Jemima Surrender - Early Version/Remastered,9464,3,228667,13
20870,King Harvest (Has Surely Come) - Alternate Take/Remastered,9464,3,268827,14
20871,The W.S. Walcott Medicine Show - Alternate Mix/Remastered,9464,3,185067,13
20872,Going Back To Memphis - Remastered,9464,3,302067,15
20874,Ophelia - Remastered 2000,741,3,211627,28
20876,Ophelia - Remastered 2000,2850,3,211627,28
20878,Ophelia - Remastered 2000,5530,3,211627,28
20879,Ophelia - Remastered 2000,5535,3,211627,28
20880,Ophelia - Remastered 2000,5630,3,211627,28
20881,Ophelia - Remastered 2000,5633,3,211627,28
20884,Ophelia - Remastered 2000,6183,3,211627,28
20885,Ophelia - Remastered 2000,6234,3,211627,28
20886,Ophelia - Remastered 2000,6555,3,211627,28
20887,Ophelia - Remastered 2000,6830,3,211627,28
20888,Ophelia - Remastered 2000,6872,3,211627,28
20889,Ophelia - Remastered 2000,8442,3,211627,28
20890,Ophelia - Remastered 2000,8676,3,211627,28
20891,Ophelia - Remastered 2000,8778,3,211627,28
20892,Ophelia - Remastered 2000,9048,3,211627,28
20893,Ophelia - Remastered 2000,9072,3,211627,28
20894,Ophelia - Remastered 2000,9120,3,211627,28
20895,Ophelia - Remastered 2000,9175,3,211627,28
20897,Ophelia - Remastered 2000,9283,3,211627,28
20898,Ophelia - Remastered 2000,9458,3,211627,28
20899,Ophelia - Remastered 2000,9465,3,211627,28
20900,Ophelia - Remastered 2000,9505,3,211627,28
20901,Ophelia - Remastered 2000,9507,3,211627,28
20902,Ophelia - Remastered 2000,9519,3,211627,28
20903,Ophelia - Remastered 2000,9643,3,211627,28
20904,Ophelia - Remastered 2000,9669,3,211627,28
20905,Ophelia - Remastered 2000,9689,3,211627,28
20906,Ophelia - Remastered 2000,9692,3,211627,28
20907,Ophelia - Remastered 2000,9806,3,211627,28
20909,Ophelia - Remastered 2000,10372,3,211627,28
20911,Ophelia - Remastered 2000,10544,3,211627,28
20912,Ophelia - Remastered 2000,10928,3,211627,28
20913,Ophelia - Remastered 2000,11131,3,211627,28
20914,Ophelia - Remastered 2000,11327,3,211627,28
20915,Ophelia - Remastered 2000,11333,3,211627,28
20916,Ophelia - Remastered 2000,11339,3,211627,28
20917,Ophelia - Remastered 2000,11387,3,211627,28
20918,Ophelia - Remastered 2000,11404,3,211627,28
20919,Ophelia - Remastered 2000,12845,3,211627,28
20920,Ophelia - Remastered 2000,12897,3,211627,28
20921,Ophelia - Remastered 2000,12903,3,211627,28
20923,Ophelia - Remastered 2000,14029,3,211627,28
20925,Ophelia - Remastered 2000,15128,3,211627,28
20926,Ophelia - Remastered 2000,16344,3,211627,28
20927,Ophelia - Remastered 2000,16536,3,211627,28
20928,Ophelia - Remastered 2000,16537,3,211627,28
20929,Ophelia - Remastered 2000,16624,3,211627,28
20930,Ophelia - Remastered 2000,16641,3,211627,28
20931,Ophelia - Remastered 2000,16664,3,211627,28
20932,Ophelia - Remastered 2000,16793,3,211627,28
20937,Don't Do It - Studio Version/Remastered,9464,3,234093,15
20943,The Shape I'm In - Remastered 2000,9472,3,240573,54
20966,It's Not My Cross To Bear,16406,3,295600,0
20969,It's Not My Cross To Bear,16448,3,295600,0
20985,Black Hearted Woman,16406,3,316173,0
20988,Black Hearted Woman,16448,3,316173,0
21004,Stand Back,16406,3,204400,0
21007,Stand Back,16448,3,204400,0
21023,Blue Sky,16406,3,309067,0
21026,Blue Sky,16448,3,309067,0
21042,Wasted Words,16406,3,258827,0
21045,Wasted Words,16448,3,258827,0
21061,Southbound,16406,3,310467,0
21064,Southbound,16448,3,310467,0
21080,Can't Take It With You,16406,3,214227,0
21083,Can't Take It With You,16448,3,214227,0
21112,Cum on Feel the Noize,8977,3,290960,69
21130,Come Sail Away,16406,3,365000,56
21133,Come Sail Away,16448,3,365000,56
21141,Won't Get Fooled Again - Original Album Version,741,3,513440,2
21143,Won't Get Fooled Again - Original Album Version,2850,3,513440,2
21145,Won't Get Fooled Again - Original Album Version,5530,3,513440,2
21146,Won't Get Fooled Again - Original Album Version,5535,3,513440,2
21147,Won't Get Fooled Again - Original Album Version,5630,3,513440,2
21148,Won't Get Fooled Again - Original Album Version,5633,3,513440,2
21151,Won't Get Fooled Again - Original Album Version,6183,3,513440,2
21152,Won't Get Fooled Again - Original Album Version,6234,3,513440,2
21153,Won't Get Fooled Again - Original Album Version,6555,3,513440,2
21154,Won't Get Fooled Again - Original Album Version,6830,3,513440,2
21155,Won't Get Fooled Again - Original Album Version,6872,3,513440,2
21156,Won't Get Fooled Again - Original Album Version,8442,3,513440,2
21157,Won't Get Fooled Again - Original Album Version,8676,3,513440,2
21158,Won't Get Fooled Again - Original Album Version,8778,3,513440,2
21159,Won't Get Fooled Again - Original Album Version,9048,3,513440,2
21160,Won't Get Fooled Again - Original Album Version,9072,3,513440,2
21161,Won't Get Fooled Again - Original Album Version,9120,3,513440,2
21162,Won't Get Fooled Again - Original Album Version,9175,3,513440,2
21164,Won't Get Fooled Again - Original Album Version,9283,3,513440,2
21165,Won't Get Fooled Again - Original Album Version,9458,3,513440,2
21166,Won't Get Fooled Again - Original Album Version,9465,3,513440,2
21167,Won't Get Fooled Again - Original Album Version,9505,3,513440,2
21168,Won't Get Fooled Again - Original Album Version,9507,3,513440,2
21169,Won't Get Fooled Again - Original Album Version,9519,3,513440,2
21170,Won't Get Fooled Again - Original Album Version,9643,3,513440,2
21171,Won't Get Fooled Again - Original Album Version,9669,3,513440,2
21172,Won't Get Fooled Again - Original Album Version,9689,3,513440,2
21173,Won't Get Fooled Again - Original Album Version,9692,3,513440,2
21174,Won't Get Fooled Again - Original Album Version,9806,3,513440,2
21176,Won't Get Fooled Again - Original Album Version,10372,3,513440,2
21178,Won't Get Fooled Again - Original Album Version,10544,3,513440,2
21179,Won't Get Fooled Again - Original Album Version,10928,3,513440,2
21180,Won't Get Fooled Again - Original Album Version,11131,3,513440,2
21181,Won't Get Fooled Again - Original Album Version,11327,3,513440,2
21182,Won't Get Fooled Again - Original Album Version,11333,3,513440,2
21183,Won't Get Fooled Again - Original Album Version,11339,3,513440,2
21184,Won't Get Fooled Again - Original Album Version,11387,3,513440,2
21185,Won't Get Fooled Again - Original Album Version,11404,3,513440,2
21186,Won't Get Fooled Again - Original Album Version,12845,3,513440,2
21187,Won't Get Fooled Again - Original Album Version,12897,3,513440,2
21188,Won't Get Fooled Again - Original Album Version,12903,3,513440,2
21190,Won't Get Fooled Again - Original Album Version,14029,3,513440,2
21192,Won't Get Fooled Again - Original Album Version,15128,3,513440,2
21193,Won't Get Fooled Again - Original Album Version,16344,3,513440,2
21194,Won't Get Fooled Again - Original Album Version,16536,3,513440,2
21195,Won't Get Fooled Again - Original Album Version,16537,3,513440,2
21196,Won't Get Fooled Again - Original Album Version,16624,3,513440,2
21197,Won't Get Fooled Again - Original Album Version,16641,3,513440,2
21198,Won't Get Fooled Again - Original Album Version,16664,3,513440,2
21199,Won't Get Fooled Again - Original Album Version,16793,3,513440,2
21207,Shout at the Devil,9312,3,195853,0
21214,Sweet Child O' Mine,741,3,355267,10
21216,Sweet Child O' Mine,2850,3,355267,10
21218,Sweet Child O' Mine,5530,3,355267,10
21219,Sweet Child O' Mine,5535,3,355267,10
21220,Sweet Child O' Mine,5630,3,355267,10
21221,Sweet Child O' Mine,5633,3,355267,10
21224,Sweet Child O' Mine,6183,3,355267,10
21225,Sweet Child O' Mine,6234,3,355267,10
21226,Sweet Child O' Mine,6555,3,355267,10
21227,Sweet Child O' Mine,6830,3,355267,10
21228,Sweet Child O' Mine,6872,3,355267,10
21229,Sweet Child O' Mine,8442,3,355267,10
21230,Sweet Child O' Mine,8676,3,355267,10
21231,Sweet Child O' Mine,8778,3,355267,10
21232,Sweet Child O' Mine,9048,3,355267,10
21233,Sweet Child O' Mine,9072,3,355267,10
21234,Sweet Child O' Mine,9120,3,355267,10
21235,Sweet Child O' Mine,9175,3,355267,10
21237,Sweet Child O' Mine,9283,3,355267,10
21238,Sweet Child O' Mine,9458,3,355267,10
21239,Sweet Child O' Mine,9465,3,355267,10
21240,Sweet Child O' Mine,9505,3,355267,10
21241,Sweet Child O' Mine,9507,3,355267,10
21242,Sweet Child O' Mine,9519,3,355267,10
21243,Sweet Child O' Mine,9643,3,355267,10
21244,Sweet Child O' Mine,9669,3,355267,10
21245,Sweet Child O' Mine,9689,3,355267,10
21246,Sweet Child O' Mine,9692,3,355267,10
21247,Sweet Child O' Mine,9806,3,355267,10
21249,Sweet Child O' Mine,10372,3,355267,10
21251,Sweet Child O' Mine,10544,3,355267,10
21252,Sweet Child O' Mine,10928,3,355267,10
21253,Sweet Child O' Mine,11131,3,355267,10
21254,Sweet Child O' Mine,11327,3,355267,10
21255,Sweet Child O' Mine,11333,3,355267,10
21256,Sweet Child O' Mine,11339,3,355267,10
21257,Sweet Child O' Mine,11387,3,355267,10
21258,Sweet Child O' Mine,11404,3,355267,10
21259,Sweet Child O' Mine,12845,3,355267,10
21260,Sweet Child O' Mine,12897,3,355267,10
21261,Sweet Child O' Mine,12903,3,355267,10
21263,Sweet Child O' Mine,14029,3,355267,10
21265,Sweet Child O' Mine,15128,3,355267,10
21266,Sweet Child O' Mine,16344,3,355267,10
21267,Sweet Child O' Mine,16536,3,355267,10
21268,Sweet Child O' Mine,16537,3,355267,10
21269,Sweet Child O' Mine,16624,3,355267,10
21270,Sweet Child O' Mine,16641,3,355267,10
21271,Sweet Child O' Mine,16664,3,355267,10
21272,Sweet Child O' Mine,16793,3,355267,10
21277,Home Sweet Home,9312,3,240933,0
21290,Baba O'Riley,741,3,301200,2
21292,Baba O'Riley,2850,3,301200,2
21294,Baba O'Riley,5530,3,301200,2
21295,Baba O'Riley,5535,3,301200,2
21296,Baba O'Riley,5630,3,301200,2
21297,Baba O'Riley,5633,3,301200,2
21300,Baba O'Riley,6183,3,301200,2
21301,Baba O'Riley,6234,3,301200,2
21302,Baba O'Riley,6555,3,301200,2
21303,Baba O'Riley,6830,3,301200,2
21304,Baba O'Riley,6872,3,301200,2
21305,Baba O'Riley,8442,3,301200,2
21306,Baba O'Riley,8676,3,301200,2
21307,Baba O'Riley,8778,3,301200,2
21308,Baba O'Riley,9048,3,301200,2
21309,Baba O'Riley,9072,3,301200,2
21310,Baba O'Riley,9120,3,301200,2
21311,Baba O'Riley,9175,3,301200,2
21313,Baba O'Riley,9283,3,301200,2
21314,Baba O'Riley,9458,3,301200,2
21315,Baba O'Riley,9465,3,301200,2
21316,Baba O'Riley,9505,3,301200,2
21317,Baba O'Riley,9507,3,301200,2
21318,Baba O'Riley,9519,3,301200,2
21319,Baba O'Riley,9643,3,301200,2
21320,Baba O'Riley,9669,3,301200,2
21321,Baba O'Riley,9689,3,301200,2
21322,Baba O'Riley,9692,3,301200,2
21323,Baba O'Riley,9806,3,301200,2
21325,Baba O'Riley,10372,3,301200,2
21327,Baba O'Riley,10544,3,301200,2
21328,Baba O'Riley,10928,3,301200,2
21329,Baba O'Riley,11131,3,301200,2
21330,Baba O'Riley,11327,3,301200,2
21331,Baba O'Riley,11333,3,301200,2
21332,Baba O'Riley,11339,3,301200,2
21333,Baba O'Riley,11387,3,301200,2
21334,Baba O'Riley,11404,3,301200,2
21335,Baba O'Riley,12845,3,301200,2
21336,Baba O'Riley,12897,3,301200,2
21337,Baba O'Riley,12903,3,301200,2
21339,Baba O'Riley,14029,3,301200,2
21341,Baba O'Riley,15128,3,301200,2
21342,Baba O'Riley,16344,3,301200,2
21343,Baba O'Riley,16536,3,301200,2
21344,Baba O'Riley,16537,3,301200,2
21345,Baba O'Riley,16624,3,301200,2
21346,Baba O'Riley,16641,3,301200,2
21347,Baba O'Riley,16664,3,301200,2
21348,Baba O'Riley,16793,3,301200,2
21352,Paradise City,741,3,406200,4
21354,Paradise City,2850,3,406200,4
21356,Paradise City,5530,3,406200,4
21357,Paradise City,5535,3,406200,4
21358,Paradise City,5630,3,406200,4
21359,Paradise City,5633,3,406200,4
21362,Paradise City,6183,3,406200,4
21363,Paradise City,6234,3,406200,4
21364,Paradise City,6555,3,406200,4
21365,Paradise City,6830,3,406200,4
21366,Paradise City,6872,3,406200,4
21367,Paradise City,8442,3,406200,4
21368,Paradise City,8676,3,406200,4
21369,Paradise City,8778,3,406200,4
21370,Paradise City,9048,3,406200,4
21371,Paradise City,9072,3,406200,4
21372,Paradise City,9120,3,406200,4
21373,Paradise City,9175,3,406200,4
21375,Paradise City,9283,3,406200,4
21376,Paradise City,9458,3,406200,4
21377,Paradise City,9465,3,406200,4
21378,Paradise City,9505,3,406200,4
21379,Paradise City,9507,3,406200,4
21380,Paradise City,9519,3,406200,4
21381,Paradise City,9643,3,406200,4
21382,Paradise City,9669,3,406200,4
21383,Paradise City,9689,3,406200,4
21384,Paradise City,9692,3,406200,4
21385,Paradise City,9806,3,406200,4
21387,Paradise City,10372,3,406200,4
21389,Paradise City,10544,3,406200,4
21390,Paradise City,10928,3,406200,4
21391,Paradise City,11131,3,406200,4
21392,Paradise City,11327,3,406200,4
21393,Paradise City,11333,3,406200,4
21394,Paradise City,11339,3,406200,4
21395,Paradise City,11387,3,406200,4
21396,Paradise City,11404,3,406200,4
21397,Paradise City,12845,3,406200,4
21398,Paradise City,12897,3,406200,4
21399,Paradise City,12903,3,406200,4
21401,Paradise City,14029,3,406200,4
21403,Paradise City,15128,3,406200,4
21404,Paradise City,16344,3,406200,4
21405,Paradise City,16536,3,406200,4
21406,Paradise City,16537,3,406200,4
21407,Paradise City,16624,3,406200,4
21408,Paradise City,16641,3,406200,4
21409,Paradise City,16664,3,406200,4
21410,Paradise City,16793,3,406200,4
21415,Who Are You,8656,3,381107,0
21416,Who Are You,9500,3,381107,0
21421,Wild Side,9312,3,281960,0
21427,Learning To Fly,9501,3,242107,71
21429,Knockin' On Heaven's Door,741,3,336147,2
21431,Knockin' On Heaven's Door,2850,3,336147,2
21433,Knockin' On Heaven's Door,5530,3,336147,2
21434,Knockin' On Heaven's Door,5535,3,336147,2
21435,Knockin' On Heaven's Door,5630,3,336147,2
21436,Knockin' On Heaven's Door,5633,3,336147,2
21439,Knockin' On Heaven's Door,6183,3,336147,2
21440,Knockin' On Heaven's Door,6234,3,336147,2
21441,Knockin' On Heaven's Door,6555,3,336147,2
21442,Knockin' On Heaven's Door,6830,3,336147,2
21443,Knockin' On Heaven's Door,6872,3,336147,2
21444,Knockin' On Heaven's Door,8442,3,336147,2
21445,Knockin' On Heaven's Door,8676,3,336147,2
21446,Knockin' On Heaven's Door,8778,3,336147,2
21447,Knockin' On Heaven's Door,9048,3,336147,2
21448,Knockin' On Heaven's Door,9072,3,336147,2
21449,Knockin' On Heaven's Door,9120,3,336147,2
21450,Knockin' On Heaven's Door,9175,3,336147,2
21452,Knockin' On Heaven's Door,9283,3,336147,2
21453,Knockin' On Heaven's Door,9458,3,336147,2
21454,Knockin' On Heaven's Door,9465,3,336147,2
21455,Knockin' On Heaven's Door,9505,3,336147,2
21456,Knockin' On Heaven's Door,9507,3,336147,2
21457,Knockin' On Heaven's Door,9519,3,336147,2
21458,Knockin' On Heaven's Door,9643,3,336147,2
21459,Knockin' On Heaven's Door,9669,3,336147,2
21460,Knockin' On Heaven's Door,9689,3,336147,2
21461,Knockin' On Heaven's Door,9692,3,336147,2
21462,Knockin' On Heaven's Door,9806,3,336147,2
21464,Knockin' On Heaven's Door,10372,3,336147,2
21466,Knockin' On Heaven's Door,10544,3,336147,2
21467,Knockin' On Heaven's Door,10928,3,336147,2
21468,Knockin' On Heaven's Door,11131,3,336147,2
21469,Knockin' On Heaven's Door,11327,3,336147,2
21470,Knockin' On Heaven's Door,11333,3,336147,2
21471,Knockin' On Heaven's Door,11339,3,336147,2
21472,Knockin' On Heaven's Door,11387,3,336147,2
21473,Knockin' On Heaven's Door,11404,3,336147,2
21474,Knockin' On Heaven's Door,12845,3,336147,2
21475,Knockin' On Heaven's Door,12897,3,336147,2
21476,Knockin' On Heaven's Door,12903,3,336147,2
21478,Knockin' On Heaven's Door,14029,3,336147,2
21480,Knockin' On Heaven's Door,15128,3,336147,2
21481,Knockin' On Heaven's Door,16344,3,336147,2
21482,Knockin' On Heaven's Door,16536,3,336147,2
21483,Knockin' On Heaven's Door,16537,3,336147,2
21484,Knockin' On Heaven's Door,16624,3,336147,2
21485,Knockin' On Heaven's Door,16641,3,336147,2
21486,Knockin' On Heaven's Door,16664,3,336147,2
21487,Knockin' On Heaven's Door,16793,3,336147,2
21490,American Girl,5882,3,212493,0
21491,American Girl,9735,3,212493,0
21499,Patience,741,3,356093,2
21501,Patience,2850,3,356093,2
21503,Patience,5530,3,356093,2
21504,Patience,5535,3,356093,2
21505,Patience,5630,3,356093,2
21506,Patience,5633,3,356093,2
21509,Patience,6183,3,356093,2
21510,Patience,6234,3,356093,2
21511,Patience,6555,3,356093,2
21512,Patience,6830,3,356093,2
21513,Patience,6872,3,356093,2
21514,Patience,8442,3,356093,2
21515,Patience,8676,3,356093,2
21516,Patience,8778,3,356093,2
21517,Patience,9048,3,356093,2
21518,Patience,9072,3,356093,2
21519,Patience,9120,3,356093,2
21520,Patience,9175,3,356093,2
21522,Patience,9283,3,356093,2
21523,Patience,9458,3,356093,2
21524,Patience,9465,3,356093,2
21525,Patience,9505,3,356093,2
21526,Patience,9507,3,356093,2
21527,Patience,9519,3,356093,2
21528,Patience,9643,3,356093,2
21529,Patience,9669,3,356093,2
21530,Patience,9689,3,356093,2
21531,Patience,9692,3,356093,2
21532,Patience,9806,3,356093,2
21534,Patience,10372,3,356093,2
21536,Patience,10544,3,356093,2
21537,Patience,10928,3,356093,2
21538,Patience,11131,3,356093,2
21539,Patience,11327,3,356093,2
21540,Patience,11333,3,356093,2
21541,Patience,11339,3,356093,2
21542,Patience,11387,3,356093,2
21543,Patience,11404,3,356093,2
21544,Patience,12845,3,356093,2
21545,Patience,12897,3,356093,2
21546,Patience,12903,3,356093,2
21548,Patience,14029,3,356093,2
21550,Patience,15128,3,356093,2
21551,Patience,16344,3,356093,2
21552,Patience,16536,3,356093,2
21553,Patience,16537,3,356093,2
21554,Patience,16624,3,356093,2
21555,Patience,16641,3,356093,2
21556,Patience,16664,3,356093,2
21557,Patience,16793,3,356093,2
21561,The Kids Are Alright - Mono/Stereo Version,741,3,187053,0
21563,The Kids Are Alright - Mono/Stereo Version,2850,3,187053,0
21565,The Kids Are Alright - Mono/Stereo Version,5530,3,187053,0
21566,The Kids Are Alright - Mono/Stereo Version,5535,3,187053,0
21567,The Kids Are Alright - Mono/Stereo Version,5630,3,187053,0
21568,The Kids Are Alright - Mono/Stereo Version,5633,3,187053,0
21571,The Kids Are Alright - Mono/Stereo Version,6183,3,187053,0
21572,The Kids Are Alright - Mono/Stereo Version,6234,3,187053,0
21573,The Kids Are Alright - Mono/Stereo Version,6555,3,187053,0
21574,The Kids Are Alright - Mono/Stereo Version,6830,3,187053,0
21575,The Kids Are Alright - Mono/Stereo Version,6872,3,187053,0
21576,The Kids Are Alright - Mono/Stereo Version,8442,3,187053,0
21577,The Kids Are Alright - Mono/Stereo Version,8676,3,187053,0
21578,The Kids Are Alright - Mono/Stereo Version,8778,3,187053,0
21579,The Kids Are Alright - Mono/Stereo Version,9048,3,187053,0
21580,The Kids Are Alright - Mono/Stereo Version,9072,3,187053,0
21581,The Kids Are Alright - Mono/Stereo Version,9120,3,187053,0
21582,The Kids Are Alright - Mono/Stereo Version,9175,3,187053,0
21584,The Kids Are Alright - Mono/Stereo Version,9283,3,187053,0
21585,The Kids Are Alright - Mono/Stereo Version,9458,3,187053,0
21586,The Kids Are Alright - Mono/Stereo Version,9465,3,187053,0
21587,The Kids Are Alright - Mono/Stereo Version,9505,3,187053,0
21588,The Kids Are Alright - Mono/Stereo Version,9507,3,187053,0
21589,The Kids Are Alright - Mono/Stereo Version,9519,3,187053,0
21590,The Kids Are Alright - Mono/Stereo Version,9643,3,187053,0
21591,The Kids Are Alright - Mono/Stereo Version,9669,3,187053,0
21592,The Kids Are Alright - Mono/Stereo Version,9689,3,187053,0
21593,The Kids Are Alright - Mono/Stereo Version,9692,3,187053,0
21594,The Kids Are Alright - Mono/Stereo Version,9806,3,187053,0
21596,The Kids Are Alright - Mono/Stereo Version,10372,3,187053,0
21598,The Kids Are Alright - Mono/Stereo Version,10544,3,187053,0
21599,The Kids Are Alright - Mono/Stereo Version,10928,3,187053,0
21600,The Kids Are Alright - Mono/Stereo Version,11131,3,187053,0
21601,The Kids Are Alright - Mono/Stereo Version,11327,3,187053,0
21602,The Kids Are Alright - Mono/Stereo Version,11333,3,187053,0
21603,The Kids Are Alright - Mono/Stereo Version,11339,3,187053,0
21604,The Kids Are Alright - Mono/Stereo Version,11387,3,187053,0
21605,The Kids Are Alright - Mono/Stereo Version,11404,3,187053,0
21606,The Kids Are Alright - Mono/Stereo Version,12845,3,187053,0
21607,The Kids Are Alright - Mono/Stereo Version,12897,3,187053,0
21608,The Kids Are Alright - Mono/Stereo Version,12903,3,187053,0
21610,The Kids Are Alright - Mono/Stereo Version,14029,3,187053,0
21612,The Kids Are Alright - Mono/Stereo Version,15128,3,187053,0
21613,The Kids Are Alright - Mono/Stereo Version,16344,3,187053,0
21614,The Kids Are Alright - Mono/Stereo Version,16536,3,187053,0
21615,The Kids Are Alright - Mono/Stereo Version,16537,3,187053,0
21616,The Kids Are Alright - Mono/Stereo Version,16624,3,187053,0
21617,The Kids Are Alright - Mono/Stereo Version,16641,3,187053,0
21618,The Kids Are Alright - Mono/Stereo Version,16664,3,187053,0
21619,The Kids Are Alright - Mono/Stereo Version,16793,3,187053,0
21623,Don't Cry (Original),741,3,284093,2
21625,Don't Cry (Original),2850,3,284093,2
21627,Don't Cry (Original),5530,3,284093,2
21628,Don't Cry (Original),5535,3,284093,2
21629,Don't Cry (Original),5630,3,284093,2
21630,Don't Cry (Original),5633,3,284093,2
21633,Don't Cry (Original),6183,3,284093,2
21634,Don't Cry (Original),6234,3,284093,2
21635,Don't Cry (Original),6555,3,284093,2
21636,Don't Cry (Original),6830,3,284093,2
21637,Don't Cry (Original),6872,3,284093,2
21638,Don't Cry (Original),8442,3,284093,2
21639,Don't Cry (Original),8676,3,284093,2
21640,Don't Cry (Original),8778,3,284093,2
21641,Don't Cry (Original),9048,3,284093,2
21642,Don't Cry (Original),9072,3,284093,2
21643,Don't Cry (Original),9120,3,284093,2
21644,Don't Cry (Original),9175,3,284093,2
21646,Don't Cry (Original),9283,3,284093,2
21647,Don't Cry (Original),9458,3,284093,2
21648,Don't Cry (Original),9465,3,284093,2
21649,Don't Cry (Original),9505,3,284093,2
21650,Don't Cry (Original),9507,3,284093,2
21651,Don't Cry (Original),9519,3,284093,2
21652,Don't Cry (Original),9643,3,284093,2
21653,Don't Cry (Original),9669,3,284093,2
21654,Don't Cry (Original),9689,3,284093,2
21655,Don't Cry (Original),9692,3,284093,2
21656,Don't Cry (Original),9806,3,284093,2
21658,Don't Cry (Original),10372,3,284093,2
21660,Don't Cry (Original),10544,3,284093,2
21661,Don't Cry (Original),10928,3,284093,2
21662,Don't Cry (Original),11131,3,284093,2
21663,Don't Cry (Original),11327,3,284093,2
21664,Don't Cry (Original),11333,3,284093,2
21665,Don't Cry (Original),11339,3,284093,2
21666,Don't Cry (Original),11387,3,284093,2
21667,Don't Cry (Original),11404,3,284093,2
21668,Don't Cry (Original),12845,3,284093,2
21669,Don't Cry (Original),12897,3,284093,2
21670,Don't Cry (Original),12903,3,284093,2
21672,Don't Cry (Original),14029,3,284093,2
21674,Don't Cry (Original),15128,3,284093,2
21675,Don't Cry (Original),16344,3,284093,2
21676,Don't Cry (Original),16536,3,284093,2
21677,Don't Cry (Original),16537,3,284093,2
21678,Don't Cry (Original),16624,3,284093,2
21679,Don't Cry (Original),16641,3,284093,2
21680,Don't Cry (Original),16664,3,284093,2
21681,Don't Cry (Original),16793,3,284093,2
21686,Don't Do Me Like That,741,3,162600,0
21688,Don't Do Me Like That,2850,3,162600,0
21690,Don't Do Me Like That,5530,3,162600,0
21691,Don't Do Me Like That,5535,3,162600,0
21692,Don't Do Me Like That,5630,3,162600,0
21693,Don't Do Me Like That,5633,3,162600,0
21696,Don't Do Me Like That,6183,3,162600,0
21697,Don't Do Me Like That,6234,3,162600,0
21698,Don't Do Me Like That,6555,3,162600,0
21699,Don't Do Me Like That,6830,3,162600,0
21700,Don't Do Me Like That,6872,3,162600,0
21701,Don't Do Me Like That,8442,3,162600,0
21702,Don't Do Me Like That,8676,3,162600,0
21703,Don't Do Me Like That,8778,3,162600,0
21704,Don't Do Me Like That,9048,3,162600,0
21705,Don't Do Me Like That,9072,3,162600,0
21706,Don't Do Me Like That,9120,3,162600,0
21707,Don't Do Me Like That,9175,3,162600,0
21709,Don't Do Me Like That,9283,3,162600,0
21710,Don't Do Me Like That,9458,3,162600,0
21711,Don't Do Me Like That,9465,3,162600,0
21712,Don't Do Me Like That,9505,3,162600,0
21713,Don't Do Me Like That,9507,3,162600,0
21714,Don't Do Me Like That,9519,3,162600,0
21715,Don't Do Me Like That,9643,3,162600,0
21716,Don't Do Me Like That,9669,3,162600,0
21717,Don't Do Me Like That,9689,3,162600,0
21718,Don't Do Me Like That,9692,3,162600,0
21719,Don't Do Me Like That,9806,3,162600,0
21721,Don't Do Me Like That,10372,3,162600,0
21723,Don't Do Me Like That,10544,3,162600,0
21724,Don't Do Me Like That,10928,3,162600,0
21725,Don't Do Me Like That,11131,3,162600,0
21726,Don't Do Me Like That,11327,3,162600,0
21727,Don't Do Me Like That,11333,3,162600,0
21728,Don't Do Me Like That,11339,3,162600,0
21729,Don't Do Me Like That,11387,3,162600,0
21730,Don't Do Me Like That,11404,3,162600,0
21731,Don't Do Me Like That,12845,3,162600,0
21732,Don't Do Me Like That,12897,3,162600,0
21733,Don't Do Me Like That,12903,3,162600,0
21735,Don't Do Me Like That,14029,3,162600,0
21737,Don't Do Me Like That,15128,3,162600,0
21738,Don't Do Me Like That,16344,3,162600,0
21739,Don't Do Me Like That,16536,3,162600,0
21740,Don't Do Me Like That,16537,3,162600,0
21741,Don't Do Me Like That,16624,3,162600,0
21742,Don't Do Me Like That,16641,3,162600,0
21743,Don't Do Me Like That,16664,3,162600,0
21744,Don't Do Me Like That,16793,3,162600,0
21748,Free Fallin',5882,3,258360,2
21749,Free Fallin',9735,3,258360,2
21757,My Generation - Original Mono Version,741,3,197773,0
21759,My Generation - Original Mono Version,2850,3,197773,0
21761,My Generation - Original Mono Version,5530,3,197773,0
21762,My Generation - Original Mono Version,5535,3,197773,0
21763,My Generation - Original Mono Version,5630,3,197773,0
21764,My Generation - Original Mono Version,5633,3,197773,0
21767,My Generation - Original Mono Version,6183,3,197773,0
21768,My Generation - Original Mono Version,6234,3,197773,0
21769,My Generation - Original Mono Version,6555,3,197773,0
21770,My Generation - Original Mono Version,6830,3,197773,0
21771,My Generation - Original Mono Version,6872,3,197773,0
21772,My Generation - Original Mono Version,8442,3,197773,0
21773,My Generation - Original Mono Version,8676,3,197773,0
21774,My Generation - Original Mono Version,8778,3,197773,0
21775,My Generation - Original Mono Version,9048,3,197773,0
21776,My Generation - Original Mono Version,9072,3,197773,0
21777,My Generation - Original Mono Version,9120,3,197773,0
21778,My Generation - Original Mono Version,9175,3,197773,0
21780,My Generation - Original Mono Version,9283,3,197773,0
21781,My Generation - Original Mono Version,9458,3,197773,0
21782,My Generation - Original Mono Version,9465,3,197773,0
21783,My Generation - Original Mono Version,9505,3,197773,0
21784,My Generation - Original Mono Version,9507,3,197773,0
21785,My Generation - Original Mono Version,9519,3,197773,0
21786,My Generation - Original Mono Version,9643,3,197773,0
21787,My Generation - Original Mono Version,9669,3,197773,0
21788,My Generation - Original Mono Version,9689,3,197773,0
21789,My Generation - Original Mono Version,9692,3,197773,0
21790,My Generation - Original Mono Version,9806,3,197773,0
21792,My Generation - Original Mono Version,10372,3,197773,0
21794,My Generation - Original Mono Version,10544,3,197773,0
21795,My Generation - Original Mono Version,10928,3,197773,0
21796,My Generation - Original Mono Version,11131,3,197773,0
21797,My Generation - Original Mono Version,11327,3,197773,0
21798,My Generation - Original Mono Version,11333,3,197773,0
21799,My Generation - Original Mono Version,11339,3,197773,0
21800,My Generation - Original Mono Version,11387,3,197773,0
21801,My Generation - Original Mono Version,11404,3,197773,0
21802,My Generation - Original Mono Version,12845,3,197773,0
21803,My Generation - Original Mono Version,12897,3,197773,0
21804,My Generation - Original Mono Version,12903,3,197773,0
21806,My Generation - Original Mono Version,14029,3,197773,0
21808,My Generation - Original Mono Version,15128,3,197773,0
21809,My Generation - Original Mono Version,16344,3,197773,0
21810,My Generation - Original Mono Version,16536,3,197773,0
21811,My Generation - Original Mono Version,16537,3,197773,0
21812,My Generation - Original Mono Version,16624,3,197773,0
21813,My Generation - Original Mono Version,16641,3,197773,0
21814,My Generation - Original Mono Version,16664,3,197773,0
21815,My Generation - Original Mono Version,16793,3,197773,0
21819,Are You Gonna Go My Way,5915,3,211933,72
21822,Fat Bottomed Girls,741,3,255667,41
21824,Fat Bottomed Girls,2850,3,255667,41
21826,Fat Bottomed Girls,5530,3,255667,41
21827,Fat Bottomed Girls,5535,3,255667,41
21828,Fat Bottomed Girls,5630,3,255667,41
21829,Fat Bottomed Girls,5633,3,255667,41
21832,Fat Bottomed Girls,6183,3,255667,41
21833,Fat Bottomed Girls,6234,3,255667,41
21834,Fat Bottomed Girls,6555,3,255667,41
21835,Fat Bottomed Girls,6830,3,255667,41
21836,Fat Bottomed Girls,6872,3,255667,41
21837,Fat Bottomed Girls,8442,3,255667,41
21838,Fat Bottomed Girls,8676,3,255667,41
21839,Fat Bottomed Girls,8778,3,255667,41
21840,Fat Bottomed Girls,9048,3,255667,41
21841,Fat Bottomed Girls,9072,3,255667,41
21842,Fat Bottomed Girls,9120,3,255667,41
21843,Fat Bottomed Girls,9175,3,255667,41
21845,Fat Bottomed Girls,9283,3,255667,41
21846,Fat Bottomed Girls,9458,3,255667,41
21847,Fat Bottomed Girls,9465,3,255667,41
21848,Fat Bottomed Girls,9505,3,255667,41
21849,Fat Bottomed Girls,9507,3,255667,41
21850,Fat Bottomed Girls,9519,3,255667,41
21851,Fat Bottomed Girls,9643,3,255667,41
21852,Fat Bottomed Girls,9669,3,255667,41
21853,Fat Bottomed Girls,9689,3,255667,41
21854,Fat Bottomed Girls,9692,3,255667,41
21855,Fat Bottomed Girls,9806,3,255667,41
21857,Fat Bottomed Girls,10372,3,255667,41
21859,Fat Bottomed Girls,10544,3,255667,41
21860,Fat Bottomed Girls,10928,3,255667,41
21861,Fat Bottomed Girls,11131,3,255667,41
21862,Fat Bottomed Girls,11327,3,255667,41
21863,Fat Bottomed Girls,11333,3,255667,41
21864,Fat Bottomed Girls,11339,3,255667,41
21865,Fat Bottomed Girls,11387,3,255667,41
21866,Fat Bottomed Girls,11404,3,255667,41
21867,Fat Bottomed Girls,12845,3,255667,41
21868,Fat Bottomed Girls,12897,3,255667,41
21869,Fat Bottomed Girls,12903,3,255667,41
21871,Fat Bottomed Girls,14029,3,255667,41
21873,Fat Bottomed Girls,15128,3,255667,41
21874,Fat Bottomed Girls,16344,3,255667,41
21875,Fat Bottomed Girls,16536,3,255667,41
21876,Fat Bottomed Girls,16537,3,255667,41
21877,Fat Bottomed Girls,16624,3,255667,41
21878,Fat Bottomed Girls,16641,3,255667,41
21879,Fat Bottomed Girls,16664,3,255667,41
21880,Fat Bottomed Girls,16793,3,255667,41
21883,I Won't Back Down,5882,3,176507,1
21884,I Won't Back Down,9735,3,176507,1
21886,Another One Bites The Dust,741,3,215933,47
21888,Another One Bites The Dust,2850,3,215933,47
21890,Another One Bites The Dust,5530,3,215933,47
21891,Another One Bites The Dust,5535,3,215933,47
21892,Another One Bites The Dust,5630,3,215933,47
21893,Another One Bites The Dust,5633,3,215933,47
21896,Another One Bites The Dust,6183,3,215933,47
21897,Another One Bites The Dust,6234,3,215933,47
21898,Another One Bites The Dust,6555,3,215933,47
21899,Another One Bites The Dust,6830,3,215933,47
21900,Another One Bites The Dust,6872,3,215933,47
21901,Another One Bites The Dust,8442,3,215933,47
21902,Another One Bites The Dust,8676,3,215933,47
21903,Another One Bites The Dust,8778,3,215933,47
21904,Another One Bites The Dust,9048,3,215933,47
21905,Another One Bites The Dust,9072,3,215933,47
21906,Another One Bites The Dust,9120,3,215933,47
21907,Another One Bites The Dust,9175,3,215933,47
21909,Another One Bites The Dust,9283,3,215933,47
21910,Another One Bites The Dust,9458,3,215933,47
21911,Another One Bites The Dust,9465,3,215933,47
21912,Another One Bites The Dust,9505,3,215933,47
21913,Another One Bites The Dust,9507,3,215933,47
21914,Another One Bites The Dust,9519,3,215933,47
21915,Another One Bites The Dust,9643,3,215933,47
21916,Another One Bites The Dust,9669,3,215933,47
21917,Another One Bites The Dust,9689,3,215933,47
21918,Another One Bites The Dust,9692,3,215933,47
21919,Another One Bites The Dust,9806,3,215933,47
21921,Another One Bites The Dust,10372,3,215933,47
21923,Another One Bites The Dust,10544,3,215933,47
21924,Another One Bites The Dust,10928,3,215933,47
21925,Another One Bites The Dust,11131,3,215933,47
21926,Another One Bites The Dust,11327,3,215933,47
21927,Another One Bites The Dust,11333,3,215933,47
21928,Another One Bites The Dust,11339,3,215933,47
21929,Another One Bites The Dust,11387,3,215933,47
21930,Another One Bites The Dust,11404,3,215933,47
21931,Another One Bites The Dust,12845,3,215933,47
21932,Another One Bites The Dust,12897,3,215933,47
21933,Another One Bites The Dust,12903,3,215933,47
21935,Another One Bites The Dust,14029,3,215933,47
21937,Another One Bites The Dust,15128,3,215933,47
21938,Another One Bites The Dust,16344,3,215933,47
21939,Another One Bites The Dust,16536,3,215933,47
21940,Another One Bites The Dust,16537,3,215933,47
21941,Another One Bites The Dust,16624,3,215933,47
21942,Another One Bites The Dust,16641,3,215933,47
21943,Another One Bites The Dust,16664,3,215933,47
21944,Another One Bites The Dust,16793,3,215933,47
21947,Roxanne,9508,3,190667,3
21952,Every Breath You Take,9508,3,253733,38
21974,You Don't Know How It Feels,9517,3,289440,64
21980,American Woman,741,3,261707,51
21982,American Woman,2850,3,261707,51
21984,American Woman,5530,3,261707,51
21985,American Woman,5535,3,261707,51
21986,American Woman,5630,3,261707,51
21987,American Woman,5633,3,261707,51
21990,American Woman,6183,3,261707,51
21991,American Woman,6234,3,261707,51
21992,American Woman,6555,3,261707,51
21993,American Woman,6830,3,261707,51
21994,American Woman,6872,3,261707,51
21995,American Woman,8442,3,261707,51
21996,American Woman,8676,3,261707,51
21997,American Woman,8778,3,261707,51
21998,American Woman,9048,3,261707,51
21999,American Woman,9072,3,261707,51
22000,American Woman,9120,3,261707,51
22001,American Woman,9175,3,261707,51
22003,American Woman,9283,3,261707,51
22004,American Woman,9458,3,261707,51
22005,American Woman,9465,3,261707,51
22006,American Woman,9505,3,261707,51
22007,American Woman,9507,3,261707,51
22008,American Woman,9519,3,261707,51
22009,American Woman,9643,3,261707,51
22010,American Woman,9669,3,261707,51
22011,American Woman,9689,3,261707,51
22012,American Woman,9692,3,261707,51
22013,American Woman,9806,3,261707,51
22015,American Woman,10372,3,261707,51
22017,American Woman,10544,3,261707,51
22018,American Woman,10928,3,261707,51
22019,American Woman,11131,3,261707,51
22020,American Woman,11327,3,261707,51
22021,American Woman,11333,3,261707,51
22022,American Woman,11339,3,261707,51
22023,American Woman,11387,3,261707,51
22024,American Woman,11404,3,261707,51
22025,American Woman,12845,3,261707,51
22026,American Woman,12897,3,261707,51
22027,American Woman,12903,3,261707,51
22029,American Woman,14029,3,261707,51
22031,American Woman,15128,3,261707,51
22032,American Woman,16344,3,261707,51
22033,American Woman,16536,3,261707,51
22034,American Woman,16537,3,261707,51
22035,American Woman,16624,3,261707,51
22036,American Woman,16641,3,261707,51
22037,American Woman,16664,3,261707,51
22038,American Woman,16793,3,261707,51
22042,Message In A Bottle,9508,3,289187,3
22206,Bohemian Rhapsody - 2011 Mix,9570,3,354320,76
22212,Eminence Front,9575,3,339107,56
22221,Killer Queen - 2011 Mix,9578,3,179356,55
22227,Gypsy - 2018 Remaster,9296,3,263867,49
22237,Behind Blue Eyes,9144,3,222467,52
22239,I'm On Fire,8527,3,155880,73
22240,I'm On Fire,9058,3,155880,73
22251,The Real Me,9599,3,200707,40
22253,Rhiannon - 2017 Remaster,9601,3,250360,41
22254,The Chain - 2004 Remaster,8712,3,270213,78
22255,Breakdown,8987,3,163893,63
22270,Message In A Bottle - Remastered 2003,9610,3,290280,16
22280,Welcome To The Jungle,1709,3,272027,78
22282,Paranoid,9618,3,168440,12
22317,My Hero,741,3,258973,60
22319,My Hero,2850,3,258973,60
22321,My Hero,5530,3,258973,60
22322,My Hero,5535,3,258973,60
22323,My Hero,5630,3,258973,60
22324,My Hero,5633,3,258973,60
22327,My Hero,6183,3,258973,60
22328,My Hero,6234,3,258973,60
22329,My Hero,6555,3,258973,60
22330,My Hero,6830,3,258973,60
22331,My Hero,6872,3,258973,60
22332,My Hero,8442,3,258973,60
22333,My Hero,8676,3,258973,60
22334,My Hero,8778,3,258973,60
22335,My Hero,9048,3,258973,60
22336,My Hero,9072,3,258973,60
22337,My Hero,9120,3,258973,60
22338,My Hero,9175,3,258973,60
22340,My Hero,9283,3,258973,60
22341,My Hero,9458,3,258973,60
22342,My Hero,9465,3,258973,60
22343,My Hero,9505,3,258973,60
22344,My Hero,9507,3,258973,60
22345,My Hero,9519,3,258973,60
22346,My Hero,9643,3,258973,60
22347,My Hero,9669,3,258973,60
22348,My Hero,9689,3,258973,60
22349,My Hero,9692,3,258973,60
22350,My Hero,9806,3,258973,60
22352,My Hero,10372,3,258973,60
22354,My Hero,10544,3,258973,60
22355,My Hero,10928,3,258973,60
22356,My Hero,11131,3,258973,60
22357,My Hero,11327,3,258973,60
22358,My Hero,11333,3,258973,60
22359,My Hero,11339,3,258973,60
22360,My Hero,11387,3,258973,60
22361,My Hero,11404,3,258973,60
22362,My Hero,12845,3,258973,60
22363,My Hero,12897,3,258973,60
22364,My Hero,12903,3,258973,60
22366,My Hero,14029,3,258973,60
22368,My Hero,15128,3,258973,60
22369,My Hero,16344,3,258973,60
22370,My Hero,16536,3,258973,60
22371,My Hero,16537,3,258973,60
22372,My Hero,16624,3,258973,60
22373,My Hero,16641,3,258973,60
22374,My Hero,16664,3,258973,60
22375,My Hero,16793,3,258973,60
22393,Every Breath You Take - Remastered 2003,9651,3,253250,28
22404,Barracuda,9657,3,262507,7
22425,Bridge over Troubled Water,741,3,293120,6
22427,Bridge over Troubled Water,2850,3,293120,6
22429,Bridge over Troubled Water,5530,3,293120,6
22430,Bridge over Troubled Water,5535,3,293120,6
22431,Bridge over Troubled Water,5630,3,293120,6
22432,Bridge over Troubled Water,5633,3,293120,6
22435,Bridge over Troubled Water,6183,3,293120,6
22436,Bridge over Troubled Water,6234,3,293120,6
22437,Bridge over Troubled Water,6555,3,293120,6
22438,Bridge over Troubled Water,6830,3,293120,6
22439,Bridge over Troubled Water,6872,3,293120,6
22440,Bridge over Troubled Water,8442,3,293120,6
22441,Bridge over Troubled Water,8676,3,293120,6
22442,Bridge over Troubled Water,8778,3,293120,6
22443,Bridge over Troubled Water,9048,3,293120,6
22444,Bridge over Troubled Water,9072,3,293120,6
22445,Bridge over Troubled Water,9120,3,293120,6
22446,Bridge over Troubled Water,9175,3,293120,6
22448,Bridge over Troubled Water,9283,3,293120,6
22449,Bridge over Troubled Water,9458,3,293120,6
22450,Bridge over Troubled Water,9465,3,293120,6
22451,Bridge over Troubled Water,9505,3,293120,6
22452,Bridge over Troubled Water,9507,3,293120,6
22453,Bridge over Troubled Water,9519,3,293120,6
22454,Bridge over Troubled Water,9643,3,293120,6
22455,Bridge over Troubled Water,9669,3,293120,6
22456,Bridge over Troubled Water,9689,3,293120,6
22457,Bridge over Troubled Water,9692,3,293120,6
22458,Bridge over Troubled Water,9806,3,293120,6
22460,Bridge over Troubled Water,10372,3,293120,6
22462,Bridge over Troubled Water,10544,3,293120,6
22463,Bridge over Troubled Water,10928,3,293120,6
22464,Bridge over Troubled Water,11131,3,293120,6
22465,Bridge over Troubled Water,11327,3,293120,6
22466,Bridge over Troubled Water,11333,3,293120,6
22467,Bridge over Troubled Water,11339,3,293120,6
22468,Bridge over Troubled Water,11387,3,293120,6
22469,Bridge over Troubled Water,11404,3,293120,6
22470,Bridge over Troubled Water,12845,3,293120,6
22471,Bridge over Troubled Water,12897,3,293120,6
22472,Bridge over Troubled Water,12903,3,293120,6
22474,Bridge over Troubled Water,14029,3,293120,6
22476,Bridge over Troubled Water,15128,3,293120,6
22477,Bridge over Troubled Water,16344,3,293120,6
22478,Bridge over Troubled Water,16536,3,293120,6
22479,Bridge over Troubled Water,16537,3,293120,6
22480,Bridge over Troubled Water,16624,3,293120,6
22481,Bridge over Troubled Water,16641,3,293120,6
22482,Bridge over Troubled Water,16664,3,293120,6
22483,Bridge over Troubled Water,16793,3,293120,6
22520,These Eyes - Remastered,741,3,225853,26
22522,These Eyes - Remastered,2850,3,225853,26
22524,These Eyes - Remastered,5530,3,225853,26
22525,These Eyes - Remastered,5535,3,225853,26
22526,These Eyes - Remastered,5630,3,225853,26
22527,These Eyes - Remastered,5633,3,225853,26
22530,These Eyes - Remastered,6183,3,225853,26
22531,These Eyes - Remastered,6234,3,225853,26
22532,These Eyes - Remastered,6555,3,225853,26
22533,These Eyes - Remastered,6830,3,225853,26
22534,These Eyes - Remastered,6872,3,225853,26
22535,These Eyes - Remastered,8442,3,225853,26
22536,These Eyes - Remastered,8676,3,225853,26
22537,These Eyes - Remastered,8778,3,225853,26
22538,These Eyes - Remastered,9048,3,225853,26
22539,These Eyes - Remastered,9072,3,225853,26
22540,These Eyes - Remastered,9120,3,225853,26
22541,These Eyes - Remastered,9175,3,225853,26
22543,These Eyes - Remastered,9283,3,225853,26
22544,These Eyes - Remastered,9458,3,225853,26
22545,These Eyes - Remastered,9465,3,225853,26
22546,These Eyes - Remastered,9505,3,225853,26
22547,These Eyes - Remastered,9507,3,225853,26
22548,These Eyes - Remastered,9519,3,225853,26
22549,These Eyes - Remastered,9643,3,225853,26
22550,These Eyes - Remastered,9669,3,225853,26
22551,These Eyes - Remastered,9689,3,225853,26
22552,These Eyes - Remastered,9692,3,225853,26
22553,These Eyes - Remastered,9806,3,225853,26
22555,These Eyes - Remastered,10372,3,225853,26
22557,These Eyes - Remastered,10544,3,225853,26
22558,These Eyes - Remastered,10928,3,225853,26
22559,These Eyes - Remastered,11131,3,225853,26
22560,These Eyes - Remastered,11327,3,225853,26
22561,These Eyes - Remastered,11333,3,225853,26
22562,These Eyes - Remastered,11339,3,225853,26
22563,These Eyes - Remastered,11387,3,225853,26
22564,These Eyes - Remastered,11404,3,225853,26
22565,These Eyes - Remastered,12845,3,225853,26
22566,These Eyes - Remastered,12897,3,225853,26
22567,These Eyes - Remastered,12903,3,225853,26
22569,These Eyes - Remastered,14029,3,225853,26
22571,These Eyes - Remastered,15128,3,225853,26
22572,These Eyes - Remastered,16344,3,225853,26
22573,These Eyes - Remastered,16536,3,225853,26
22574,These Eyes - Remastered,16537,3,225853,26
22575,These Eyes - Remastered,16624,3,225853,26
22576,These Eyes - Remastered,16641,3,225853,26
22577,These Eyes - Remastered,16664,3,225853,26
22578,These Eyes - Remastered,16793,3,225853,26
22584,Hot Fun in the Summertime,741,3,157040,49
22586,Hot Fun in the Summertime,2850,3,157040,49
22588,Hot Fun in the Summertime,5530,3,157040,49
22589,Hot Fun in the Summertime,5535,3,157040,49
22590,Hot Fun in the Summertime,5630,3,157040,49
22591,Hot Fun in the Summertime,5633,3,157040,49
22594,Hot Fun in the Summertime,6183,3,157040,49
22595,Hot Fun in the Summertime,6234,3,157040,49
22596,Hot Fun in the Summertime,6555,3,157040,49
22597,Hot Fun in the Summertime,6830,3,157040,49
22598,Hot Fun in the Summertime,6872,3,157040,49
22599,Hot Fun in the Summertime,8442,3,157040,49
22600,Hot Fun in the Summertime,8676,3,157040,49
22601,Hot Fun in the Summertime,8778,3,157040,49
22602,Hot Fun in the Summertime,9048,3,157040,49
22603,Hot Fun in the Summertime,9072,3,157040,49
22604,Hot Fun in the Summertime,9120,3,157040,49
22605,Hot Fun in the Summertime,9175,3,157040,49
22607,Hot Fun in the Summertime,9283,3,157040,49
22608,Hot Fun in the Summertime,9458,3,157040,49
22609,Hot Fun in the Summertime,9465,3,157040,49
22610,Hot Fun in the Summertime,9505,3,157040,49
22611,Hot Fun in the Summertime,9507,3,157040,49
22612,Hot Fun in the Summertime,9519,3,157040,49
22613,Hot Fun in the Summertime,9643,3,157040,49
22614,Hot Fun in the Summertime,9669,3,157040,49
22615,Hot Fun in the Summertime,9689,3,157040,49
22616,Hot Fun in the Summertime,9692,3,157040,49
22617,Hot Fun in the Summertime,9806,3,157040,49
22619,Hot Fun in the Summertime,10372,3,157040,49
22621,Hot Fun in the Summertime,10544,3,157040,49
22622,Hot Fun in the Summertime,10928,3,157040,49
22623,Hot Fun in the Summertime,11131,3,157040,49
22624,Hot Fun in the Summertime,11327,3,157040,49
22625,Hot Fun in the Summertime,11333,3,157040,49
22626,Hot Fun in the Summertime,11339,3,157040,49
22627,Hot Fun in the Summertime,11387,3,157040,49
22628,Hot Fun in the Summertime,11404,3,157040,49
22629,Hot Fun in the Summertime,12845,3,157040,49
22630,Hot Fun in the Summertime,12897,3,157040,49
22631,Hot Fun in the Summertime,12903,3,157040,49
22633,Hot Fun in the Summertime,14029,3,157040,49
22635,Hot Fun in the Summertime,15128,3,157040,49
22636,Hot Fun in the Summertime,16344,3,157040,49
22637,Hot Fun in the Summertime,16536,3,157040,49
22638,Hot Fun in the Summertime,16537,3,157040,49
22639,Hot Fun in the Summertime,16624,3,157040,49
22640,Hot Fun in the Summertime,16641,3,157040,49
22641,Hot Fun in the Summertime,16664,3,157040,49
22642,Hot Fun in the Summertime,16793,3,157040,49
22666,Can't Stand Losing You - Remastered 2003,9707,3,178427,26
22682,Long Cool Woman (In a Black Dress),9718,3,197133,27
22695,White Room,16406,3,298373,33
22698,White Room,16448,3,298373,33
22735,Mary Jane's Last Dance,5882,3,272267,19
22736,Mary Jane's Last Dance,9735,3,272267,19
22737,Runnin' Down A Dream,5882,3,262693,2
22738,Runnin' Down A Dream,9735,3,262693,2
22788,Dreams - 2004 Remaster,8712,3,257800,79
22789,Crazy On You,8777,3,293440,65
22798,Won't Get Fooled Again - Original Album Version,9771,3,511293,7
22800,Magic Man,8777,3,328360,58
22812,Bohemian Rhapsody - 2011 Mix,9779,3,354320,54
22813,We Are The Champions - Remastered 2011,8714,3,179200,43
22814,You're My Best Friend - Remastered 2011,9570,3,170800,61
22853,Landslide,9270,3,199493,77
22867,Don't Stop,8671,3,192133,18
22896,Runnin' Down A Dream,741,3,262027,5
22898,Runnin' Down A Dream,2850,3,262027,5
22900,Runnin' Down A Dream,5530,3,262027,5
22901,Runnin' Down A Dream,5535,3,262027,5
22902,Runnin' Down A Dream,5630,3,262027,5
22903,Runnin' Down A Dream,5633,3,262027,5
22906,Runnin' Down A Dream,6183,3,262027,5
22907,Runnin' Down A Dream,6234,3,262027,5
22908,Runnin' Down A Dream,6555,3,262027,5
22909,Runnin' Down A Dream,6830,3,262027,5
22910,Runnin' Down A Dream,6872,3,262027,5
22911,Runnin' Down A Dream,8442,3,262027,5
22912,Runnin' Down A Dream,8676,3,262027,5
22913,Runnin' Down A Dream,8778,3,262027,5
22914,Runnin' Down A Dream,9048,3,262027,5
22915,Runnin' Down A Dream,9072,3,262027,5
22916,Runnin' Down A Dream,9120,3,262027,5
22917,Runnin' Down A Dream,9175,3,262027,5
22919,Runnin' Down A Dream,9283,3,262027,5
22920,Runnin' Down A Dream,9458,3,262027,5
22921,Runnin' Down A Dream,9465,3,262027,5
22922,Runnin' Down A Dream,9505,3,262027,5
22923,Runnin' Down A Dream,9507,3,262027,5
22924,Runnin' Down A Dream,9519,3,262027,5
22925,Runnin' Down A Dream,9643,3,262027,5
22926,Runnin' Down A Dream,9669,3,262027,5
22927,Runnin' Down A Dream,9689,3,262027,5
22928,Runnin' Down A Dream,9692,3,262027,5
22929,Runnin' Down A Dream,9806,3,262027,5
22931,Runnin' Down A Dream,10372,3,262027,5
22933,Runnin' Down A Dream,10544,3,262027,5
22934,Runnin' Down A Dream,10928,3,262027,5
22935,Runnin' Down A Dream,11131,3,262027,5
22936,Runnin' Down A Dream,11327,3,262027,5
22937,Runnin' Down A Dream,11333,3,262027,5
22938,Runnin' Down A Dream,11339,3,262027,5
22939,Runnin' Down A Dream,11387,3,262027,5
22940,Runnin' Down A Dream,11404,3,262027,5
22941,Runnin' Down A Dream,12845,3,262027,5
22942,Runnin' Down A Dream,12897,3,262027,5
22943,Runnin' Down A Dream,12903,3,262027,5
22945,Runnin' Down A Dream,14029,3,262027,5
22947,Runnin' Down A Dream,15128,3,262027,5
22948,Runnin' Down A Dream,16344,3,262027,5
22949,Runnin' Down A Dream,16536,3,262027,5
22950,Runnin' Down A Dream,16537,3,262027,5
22951,Runnin' Down A Dream,16624,3,262027,5
22952,Runnin' Down A Dream,16641,3,262027,5
22953,Runnin' Down A Dream,16664,3,262027,5
22954,Runnin' Down A Dream,16793,3,262027,5
22957,Don't Do Me Like That,9130,3,161787,60
22972,Born To Be Wild - Single Version,16406,3,210187,2
22975,Born To Be Wild - Single Version,16448,3,210187,2
22988,Barracuda,8949,3,262853,1
22990,Go Your Own Way,741,3,218400,57
22992,Go Your Own Way,2850,3,218400,57
22994,Go Your Own Way,5530,3,218400,57
22995,Go Your Own Way,5535,3,218400,57
22996,Go Your Own Way,5630,3,218400,57
22997,Go Your Own Way,5633,3,218400,57
23000,Go Your Own Way,6183,3,218400,57
23001,Go Your Own Way,6234,3,218400,57
23002,Go Your Own Way,6555,3,218400,57
23003,Go Your Own Way,6830,3,218400,57
23004,Go Your Own Way,6872,3,218400,57
23005,Go Your Own Way,8442,3,218400,57
23006,Go Your Own Way,8676,3,218400,57
23007,Go Your Own Way,8778,3,218400,57
23008,Go Your Own Way,9048,3,218400,57
23009,Go Your Own Way,9072,3,218400,57
23010,Go Your Own Way,9120,3,218400,57
23011,Go Your Own Way,9175,3,218400,57
23013,Go Your Own Way,9283,3,218400,57
23014,Go Your Own Way,9458,3,218400,57
23015,Go Your Own Way,9465,3,218400,57
23016,Go Your Own Way,9505,3,218400,57
23017,Go Your Own Way,9507,3,218400,57
23018,Go Your Own Way,9519,3,218400,57
23019,Go Your Own Way,9643,3,218400,57
23020,Go Your Own Way,9669,3,218400,57
23021,Go Your Own Way,9689,3,218400,57
23022,Go Your Own Way,9692,3,218400,57
23023,Go Your Own Way,9806,3,218400,57
23025,Go Your Own Way,10372,3,218400,57
23027,Go Your Own Way,10544,3,218400,57
23028,Go Your Own Way,10928,3,218400,57
23029,Go Your Own Way,11131,3,218400,57
23030,Go Your Own Way,11327,3,218400,57
23031,Go Your Own Way,11333,3,218400,57
23032,Go Your Own Way,11339,3,218400,57
23033,Go Your Own Way,11387,3,218400,57
23034,Go Your Own Way,11404,3,218400,57
23035,Go Your Own Way,12845,3,218400,57
23036,Go Your Own Way,12897,3,218400,57
23037,Go Your Own Way,12903,3,218400,57
23039,Go Your Own Way,14029,3,218400,57
23041,Go Your Own Way,15128,3,218400,57
23042,Go Your Own Way,16344,3,218400,57
23043,Go Your Own Way,16536,3,218400,57
23044,Go Your Own Way,16537,3,218400,57
23045,Go Your Own Way,16624,3,218400,57
23046,Go Your Own Way,16641,3,218400,57
23047,Go Your Own Way,16664,3,218400,57
23048,Go Your Own Way,16793,3,218400,57
23051,The Chain - 2004 Remaster,8671,3,269813,63
23052,Go Your Own Way - 2004 Remaster,8671,3,223613,74
23053,Little Lies,9816,3,218040,18
23055,Gypsy,741,3,264907,69
23057,Gypsy,2850,3,264907,69
23059,Gypsy,5530,3,264907,69
23060,Gypsy,5535,3,264907,69
23061,Gypsy,5630,3,264907,69
23062,Gypsy,5633,3,264907,69
23065,Gypsy,6183,3,264907,69
23066,Gypsy,6234,3,264907,69
23067,Gypsy,6555,3,264907,69
23068,Gypsy,6830,3,264907,69
23069,Gypsy,6872,3,264907,69
23070,Gypsy,8442,3,264907,69
23071,Gypsy,8676,3,264907,69
23072,Gypsy,8778,3,264907,69
23073,Gypsy,9048,3,264907,69
23074,Gypsy,9072,3,264907,69
23075,Gypsy,9120,3,264907,69
23076,Gypsy,9175,3,264907,69
23078,Gypsy,9283,3,264907,69
23079,Gypsy,9458,3,264907,69
23080,Gypsy,9465,3,264907,69
23081,Gypsy,9505,3,264907,69
23082,Gypsy,9507,3,264907,69
23083,Gypsy,9519,3,264907,69
23084,Gypsy,9643,3,264907,69
23085,Gypsy,9669,3,264907,69
23086,Gypsy,9689,3,264907,69
23087,Gypsy,9692,3,264907,69
23088,Gypsy,9806,3,264907,69
23090,Gypsy,10372,3,264907,69
23092,Gypsy,10544,3,264907,69
23093,Gypsy,10928,3,264907,69
23094,Gypsy,11131,3,264907,69
23095,Gypsy,11327,3,264907,69
23096,Gypsy,11333,3,264907,69
23097,Gypsy,11339,3,264907,69
23098,Gypsy,11387,3,264907,69
23099,Gypsy,11404,3,264907,69
23100,Gypsy,12845,3,264907,69
23101,Gypsy,12897,3,264907,69
23102,Gypsy,12903,3,264907,69
23104,Gypsy,14029,3,264907,69
23106,Gypsy,15128,3,264907,69
23107,Gypsy,16344,3,264907,69
23108,Gypsy,16536,3,264907,69
23109,Gypsy,16537,3,264907,69
23110,Gypsy,16624,3,264907,69
23111,Gypsy,16641,3,264907,69
23112,Gypsy,16664,3,264907,69
23113,Gypsy,16793,3,264907,69
23116,Everywhere,9816,3,222733,27
23117,Don't Stop - 2004 Remaster,8671,3,193347,65
23136,Knockin' On Heaven's Door,8443,3,336000,15
23137,Knockin' On Heaven's Door,9921,3,336000,15
23138,Another One Bites The Dust - Remastered 2011,8927,3,214653,82
23153,Every Little Step,6180,3,237240,56
23154,Every Little Step,16341,3,237240,56
23163,Fat Bottomed Girls - Remastered 2011,1704,3,255600,66
23194,Friday I'm In Love,9041,3,215160,75
23195,Friday I'm In Love,9858,3,215160,75
23220,Everlong,9099,3,250547,77
23224,Every Breath You Take,9879,3,253920,83
23240,Are You Gonna Go My Way,5915,3,211933,72
23269,"You're Gonna Go Far, Kid",1642,3,177827,77
23295,Don't Cry (Original),8437,3,283733,74
23297,Knockin' On Heaven's Door,8443,3,336000,77
23298,Knockin' On Heaven's Door,9921,3,336000,77
23310,Sweet Child O' Mine,1709,3,354520,82
23328,Paranoid,9934,3,168440,76
23336,The Sound of Silence - Acoustic Version,9937,3,185413,74
23342,The Pretender,9940,3,269373,76
23350,Roxanne,9947,3,191947,77
23615,Smooth Criminal,8807,3,209267,72
23648,Pool Party,10197,3,238000,32
23668,Lovesong,10127,3,209573,60
23700,A Forest - Remastered Version,10141,3,354933,53
23701,Friday I'm in Love,9041,3,214400,67
23702,Friday I'm in Love,9858,3,214400,67
23703,Boys Don't Cry - Single Version,10142,3,157533,62
23704,Just Like Heaven,10143,3,212000,65
23705,Just Like Heaven,10227,3,212000,65
23706,Close to Me - Remastered,10144,3,203267,60
23727,Inbetween Days,10144,3,177987,62
23728,Pictures Of You - Remastered,10127,3,448307,60
23766,Play for Today - Remastered Version,10176,3,220640,43
23778,My Hero,9099,3,260027,69
23779,Monkey Wrench,9099,3,231480,68
23780,Learn to Fly,9073,3,235293,73
23784,Self Esteem,10182,3,257827,67
23813,The Feast and The Famine,10195,3,229560,54
23814,Something from Nothing,10195,3,288453,59
23815,I Am A River,10195,3,428520,53
23816,These Days,10196,3,298267,64
23817,Walk,10196,3,255960,68
23818,Long Road To Ruin,9940,3,224880,58
23820,Walking After You - Live,10197,3,318693,1
23822,Big Me - Live,10197,3,181827,1
23836,Why Don't You Get A Job,10206,3,172467,8
23837,Why Don't You Get A Job,10213,3,172467,8
23852,Pretty Fly (For a White Guy),10206,3,188107,9
23853,Pretty Fly (For a White Guy),10213,3,188107,9
23863,Wheels,741,3,278213,62
23865,Wheels,2850,3,278213,62
23867,Wheels,5530,3,278213,62
23868,Wheels,5535,3,278213,62
23869,Wheels,5630,3,278213,62
23870,Wheels,5633,3,278213,62
23873,Wheels,6183,3,278213,62
23874,Wheels,6234,3,278213,62
23875,Wheels,6555,3,278213,62
23876,Wheels,6830,3,278213,62
23877,Wheels,6872,3,278213,62
23878,Wheels,8442,3,278213,62
23879,Wheels,8676,3,278213,62
23880,Wheels,8778,3,278213,62
23881,Wheels,9048,3,278213,62
23882,Wheels,9072,3,278213,62
23883,Wheels,9120,3,278213,62
23884,Wheels,9175,3,278213,62
23886,Wheels,9283,3,278213,62
23887,Wheels,9458,3,278213,62
23888,Wheels,9465,3,278213,62
23889,Wheels,9505,3,278213,62
23890,Wheels,9507,3,278213,62
23891,Wheels,9519,3,278213,62
23892,Wheels,9643,3,278213,62
23893,Wheels,9669,3,278213,62
23894,Wheels,9689,3,278213,62
23895,Wheels,9692,3,278213,62
23896,Wheels,9806,3,278213,62
23898,Wheels,10372,3,278213,62
23900,Wheels,10544,3,278213,62
23901,Wheels,10928,3,278213,62
23902,Wheels,11131,3,278213,62
23903,Wheels,11327,3,278213,62
23904,Wheels,11333,3,278213,62
23905,Wheels,11339,3,278213,62
23906,Wheels,11387,3,278213,62
23907,Wheels,11404,3,278213,62
23908,Wheels,12845,3,278213,62
23909,Wheels,12897,3,278213,62
23910,Wheels,12903,3,278213,62
23912,Wheels,14029,3,278213,62
23914,Wheels,15128,3,278213,62
23915,Wheels,16344,3,278213,62
23916,Wheels,16536,3,278213,62
23917,Wheels,16537,3,278213,62
23918,Wheels,16624,3,278213,62
23919,Wheels,16641,3,278213,62
23920,Wheels,16664,3,278213,62
23921,Wheels,16793,3,278213,62
23927,Free Fallin',9054,3,256667,65
23928,Born in the U.S.A.,8527,3,278680,75
23929,Born in the U.S.A.,9058,3,278680,75
23944,Just Like Heaven,10143,3,212013,70
23945,Just Like Heaven,10227,3,212013,70
24006,Boys Don't Cry,2885,3,155973,73
24030,(Keep Feeling) Fascination,9312,3,225173,46
24044,Message In A Bottle,10287,3,290280,74
24061,Lovesong - Remastered,10127,3,208267,65
24063,Human - Edit,9312,3,228867,56
24081,When She Cries,741,3,222187,55
24083,When She Cries,2850,3,222187,55
24085,When She Cries,5530,3,222187,55
24086,When She Cries,5535,3,222187,55
24087,When She Cries,5630,3,222187,55
24088,When She Cries,5633,3,222187,55
24091,When She Cries,6183,3,222187,55
24092,When She Cries,6234,3,222187,55
24093,When She Cries,6555,3,222187,55
24094,When She Cries,6830,3,222187,55
24095,When She Cries,6872,3,222187,55
24096,When She Cries,8442,3,222187,55
24097,When She Cries,8676,3,222187,55
24098,When She Cries,8778,3,222187,55
24099,When She Cries,9048,3,222187,55
24100,When She Cries,9072,3,222187,55
24101,When She Cries,9120,3,222187,55
24102,When She Cries,9175,3,222187,55
24104,When She Cries,9283,3,222187,55
24105,When She Cries,9458,3,222187,55
24106,When She Cries,9465,3,222187,55
24107,When She Cries,9505,3,222187,55
24108,When She Cries,9507,3,222187,55
24109,When She Cries,9519,3,222187,55
24110,When She Cries,9643,3,222187,55
24111,When She Cries,9669,3,222187,55
24112,When She Cries,9689,3,222187,55
24113,When She Cries,9692,3,222187,55
24114,When She Cries,9806,3,222187,55
24116,When She Cries,10372,3,222187,55
24118,When She Cries,10544,3,222187,55
24119,When She Cries,10928,3,222187,55
24120,When She Cries,11131,3,222187,55
24121,When She Cries,11327,3,222187,55
24122,When She Cries,11333,3,222187,55
24123,When She Cries,11339,3,222187,55
24124,When She Cries,11387,3,222187,55
24125,When She Cries,11404,3,222187,55
24126,When She Cries,12845,3,222187,55
24127,When She Cries,12897,3,222187,55
24128,When She Cries,12903,3,222187,55
24130,When She Cries,14029,3,222187,55
24132,When She Cries,15128,3,222187,55
24133,When She Cries,16344,3,222187,55
24134,When She Cries,16536,3,222187,55
24135,When She Cries,16537,3,222187,55
24136,When She Cries,16624,3,222187,55
24137,When She Cries,16641,3,222187,55
24138,When She Cries,16664,3,222187,55
24139,When She Cries,16793,3,222187,55
24172,Doing All Right - ...Revisited,9578,3,196841,62
24204,We Are The Champions - Remastered 2011,8652,3,179200,76
24213,Roxanne - Remastered 2003,10344,3,191500,22
24226,Believe In Me,10349,3,280973,49
24231,Under Pressure - Remastered,8928,3,248440,81
24267,Self Esteem,741,3,257760,71
24269,Self Esteem,2850,3,257760,71
24271,Self Esteem,5530,3,257760,71
24272,Self Esteem,5535,3,257760,71
24273,Self Esteem,5630,3,257760,71
24274,Self Esteem,5633,3,257760,71
24277,Self Esteem,6183,3,257760,71
24278,Self Esteem,6234,3,257760,71
24279,Self Esteem,6555,3,257760,71
24280,Self Esteem,6830,3,257760,71
24281,Self Esteem,6872,3,257760,71
24282,Self Esteem,8442,3,257760,71
24283,Self Esteem,8676,3,257760,71
24284,Self Esteem,8778,3,257760,71
24285,Self Esteem,9048,3,257760,71
24286,Self Esteem,9072,3,257760,71
24287,Self Esteem,9120,3,257760,71
24288,Self Esteem,9175,3,257760,71
24290,Self Esteem,9283,3,257760,71
24291,Self Esteem,9458,3,257760,71
24292,Self Esteem,9465,3,257760,71
24293,Self Esteem,9505,3,257760,71
24294,Self Esteem,9507,3,257760,71
24295,Self Esteem,9519,3,257760,71
24296,Self Esteem,9643,3,257760,71
24297,Self Esteem,9669,3,257760,71
24298,Self Esteem,9689,3,257760,71
24299,Self Esteem,9692,3,257760,71
24300,Self Esteem,9806,3,257760,71
24302,Self Esteem,10372,3,257760,71
24304,Self Esteem,10544,3,257760,71
24305,Self Esteem,10928,3,257760,71
24306,Self Esteem,11131,3,257760,71
24307,Self Esteem,11327,3,257760,71
24308,Self Esteem,11333,3,257760,71
24309,Self Esteem,11339,3,257760,71
24310,Self Esteem,11387,3,257760,71
24311,Self Esteem,11404,3,257760,71
24312,Self Esteem,12845,3,257760,71
24313,Self Esteem,12897,3,257760,71
24314,Self Esteem,12903,3,257760,71
24316,Self Esteem,14029,3,257760,71
24318,Self Esteem,15128,3,257760,71
24319,Self Esteem,16344,3,257760,71
24320,Self Esteem,16536,3,257760,71
24321,Self Esteem,16537,3,257760,71
24322,Self Esteem,16624,3,257760,71
24323,Self Esteem,16641,3,257760,71
24324,Self Esteem,16664,3,257760,71
24325,Self Esteem,16793,3,257760,71
24330,The Kids Aren't Alright,10206,3,180160,76
24331,The Kids Aren't Alright,10213,3,180160,76
24350,Somebody To Love - 2011 Mix,9578,3,295733,55
24353,Rhiannon - 2017 Remaster,10385,3,250360,47
24361,In Between Days - 2006 Remaster,10389,3,177987,53
24362,Baba O'Riley,9009,3,301560,11
24368,Two Fine People,741,3,215840,23
24370,Two Fine People,2850,3,215840,23
24372,Two Fine People,5530,3,215840,23
24373,Two Fine People,5535,3,215840,23
24374,Two Fine People,5630,3,215840,23
24375,Two Fine People,5633,3,215840,23
24378,Two Fine People,6183,3,215840,23
24379,Two Fine People,6234,3,215840,23
24380,Two Fine People,6555,3,215840,23
24381,Two Fine People,6830,3,215840,23
24382,Two Fine People,6872,3,215840,23
24383,Two Fine People,8442,3,215840,23
24384,Two Fine People,8676,3,215840,23
24385,Two Fine People,8778,3,215840,23
24386,Two Fine People,9048,3,215840,23
24387,Two Fine People,9072,3,215840,23
24388,Two Fine People,9120,3,215840,23
24389,Two Fine People,9175,3,215840,23
24391,Two Fine People,9283,3,215840,23
24392,Two Fine People,9458,3,215840,23
24393,Two Fine People,9465,3,215840,23
24394,Two Fine People,9505,3,215840,23
24395,Two Fine People,9507,3,215840,23
24396,Two Fine People,9519,3,215840,23
24397,Two Fine People,9643,3,215840,23
24398,Two Fine People,9669,3,215840,23
24399,Two Fine People,9689,3,215840,23
24400,Two Fine People,9692,3,215840,23
24401,Two Fine People,9806,3,215840,23
24403,Two Fine People,10372,3,215840,23
24405,Two Fine People,10544,3,215840,23
24406,Two Fine People,10928,3,215840,23
24407,Two Fine People,11131,3,215840,23
24408,Two Fine People,11327,3,215840,23
24409,Two Fine People,11333,3,215840,23
24410,Two Fine People,11339,3,215840,23
24411,Two Fine People,11387,3,215840,23
24412,Two Fine People,11404,3,215840,23
24413,Two Fine People,12845,3,215840,23
24414,Two Fine People,12897,3,215840,23
24415,Two Fine People,12903,3,215840,23
24417,Two Fine People,14029,3,215840,23
24419,Two Fine People,15128,3,215840,23
24420,Two Fine People,16344,3,215840,23
24421,Two Fine People,16536,3,215840,23
24422,Two Fine People,16537,3,215840,23
24423,Two Fine People,16624,3,215840,23
24424,Two Fine People,16641,3,215840,23
24425,Two Fine People,16664,3,215840,23
24426,Two Fine People,16793,3,215840,23
24433,Substitute - Single Version,10397,3,228626,3
24442,Into The Great Wide Open,9501,3,223333,55
24444,Wildflowers,9517,3,190320,68
24446,A Hazy Shade of Winter,10403,3,137480,54
24447,I Need You - Live,10404,3,180200,21
24455,My Generation - Mono Version,8739,3,198867,56
24456,I Can't Explain - Stereo Version,10408,3,125968,41
24465,'39 - 2011 Mix,10414,3,210800,60
24473,The Chain - 2004 Remaster,8712,3,270213,78
24479,The Boxer,741,3,308440,18
24481,The Boxer,2850,3,308440,18
24483,The Boxer,5530,3,308440,18
24484,The Boxer,5535,3,308440,18
24485,The Boxer,5630,3,308440,18
24486,The Boxer,5633,3,308440,18
24489,The Boxer,6183,3,308440,18
24490,The Boxer,6234,3,308440,18
24491,The Boxer,6555,3,308440,18
24492,The Boxer,6830,3,308440,18
24493,The Boxer,6872,3,308440,18
24494,The Boxer,8442,3,308440,18
24495,The Boxer,8676,3,308440,18
24496,The Boxer,8778,3,308440,18
24497,The Boxer,9048,3,308440,18
24498,The Boxer,9072,3,308440,18
24499,The Boxer,9120,3,308440,18
24500,The Boxer,9175,3,308440,18
24502,The Boxer,9283,3,308440,18
24503,The Boxer,9458,3,308440,18
24504,The Boxer,9465,3,308440,18
24505,The Boxer,9505,3,308440,18
24506,The Boxer,9507,3,308440,18
24507,The Boxer,9519,3,308440,18
24508,The Boxer,9643,3,308440,18
24509,The Boxer,9669,3,308440,18
24510,The Boxer,9689,3,308440,18
24511,The Boxer,9692,3,308440,18
24512,The Boxer,9806,3,308440,18
24514,The Boxer,10372,3,308440,18
24516,The Boxer,10544,3,308440,18
24517,The Boxer,10928,3,308440,18
24518,The Boxer,11131,3,308440,18
24519,The Boxer,11327,3,308440,18
24520,The Boxer,11333,3,308440,18
24521,The Boxer,11339,3,308440,18
24522,The Boxer,11387,3,308440,18
24523,The Boxer,11404,3,308440,18
24524,The Boxer,12845,3,308440,18
24525,The Boxer,12897,3,308440,18
24526,The Boxer,12903,3,308440,18
24528,The Boxer,14029,3,308440,18
24530,The Boxer,15128,3,308440,18
24531,The Boxer,16344,3,308440,18
24532,The Boxer,16536,3,308440,18
24533,The Boxer,16537,3,308440,18
24534,The Boxer,16624,3,308440,18
24535,The Boxer,16641,3,308440,18
24536,The Boxer,16664,3,308440,18
24537,The Boxer,16793,3,308440,18
24542,Pictures of You,10127,3,448467,57
24543,Close To Me,10420,3,203267,68
24553,I Don't Want to Know - 2004 Remaster,8712,3,196853,55
24796,Every Breath You Take,741,3,252707,39
24798,Every Breath You Take,2850,3,252707,39
24800,Every Breath You Take,5530,3,252707,39
24801,Every Breath You Take,5535,3,252707,39
24802,Every Breath You Take,5630,3,252707,39
24803,Every Breath You Take,5633,3,252707,39
24806,Every Breath You Take,6183,3,252707,39
24807,Every Breath You Take,6234,3,252707,39
24808,Every Breath You Take,6555,3,252707,39
24809,Every Breath You Take,6830,3,252707,39
24810,Every Breath You Take,6872,3,252707,39
24811,Every Breath You Take,8442,3,252707,39
24812,Every Breath You Take,8676,3,252707,39
24813,Every Breath You Take,8778,3,252707,39
24814,Every Breath You Take,9048,3,252707,39
24815,Every Breath You Take,9072,3,252707,39
24816,Every Breath You Take,9120,3,252707,39
24817,Every Breath You Take,9175,3,252707,39
24819,Every Breath You Take,9283,3,252707,39
24820,Every Breath You Take,9458,3,252707,39
24821,Every Breath You Take,9465,3,252707,39
24822,Every Breath You Take,9505,3,252707,39
24823,Every Breath You Take,9507,3,252707,39
24824,Every Breath You Take,9519,3,252707,39
24825,Every Breath You Take,9643,3,252707,39
24826,Every Breath You Take,9669,3,252707,39
24827,Every Breath You Take,9689,3,252707,39
24828,Every Breath You Take,9692,3,252707,39
24829,Every Breath You Take,9806,3,252707,39
24831,Every Breath You Take,10372,3,252707,39
24833,Every Breath You Take,10544,3,252707,39
24834,Every Breath You Take,10928,3,252707,39
24835,Every Breath You Take,11131,3,252707,39
24836,Every Breath You Take,11327,3,252707,39
24837,Every Breath You Take,11333,3,252707,39
24838,Every Breath You Take,11339,3,252707,39
24839,Every Breath You Take,11387,3,252707,39
24840,Every Breath You Take,11404,3,252707,39
24841,Every Breath You Take,12845,3,252707,39
24842,Every Breath You Take,12897,3,252707,39
24843,Every Breath You Take,12903,3,252707,39
24845,Every Breath You Take,14029,3,252707,39
24847,Every Breath You Take,15128,3,252707,39
24848,Every Breath You Take,16344,3,252707,39
24849,Every Breath You Take,16536,3,252707,39
24850,Every Breath You Take,16537,3,252707,39
24851,Every Breath You Take,16624,3,252707,39
24852,Every Breath You Take,16641,3,252707,39
24853,Every Breath You Take,16664,3,252707,39
24854,Every Breath You Take,16793,3,252707,39
25051,Insanity,10681,3,283295,37
25092,The Dirt (Est. 1981) [feat. Machine Gun Kelly],8931,3,232000,57
25116,Paradise City,1709,3,406307,16
25121,Dr. Feelgood,8938,3,290187,14
25131,Metal Health (Bang Your Head),8977,3,316867,61
25133,Home Sweet Home,8932,3,240933,70
25139,Welcome To The Jungle,1709,3,273600,19
25148,"Girls, Girls, Girls",9377,3,270427,71
25152,Sweet Child O' Mine,1709,3,356400,22
25153,Cum on Feel the Noize,9055,3,287400,70
25161,Kickstart My Heart,9312,3,282920,54
25184,Addicted To That Rush,10740,3,284973,3
25200,Wild Side,9377,3,281960,64
25204,Shout At The Devil,10750,3,195853,66
25233,Paranoid - 2016 Remaster,8730,3,168406,68
25243,Barracuda,8949,3,261933,73
25386,Inside Out,20891,3,226349,69
25453,Welcome To The Jungle,9371,3,273600,1
25455,Somebody To Love - 2011 Mix,9141,3,296493,69
25467,"Girls, Girls, Girls",9377,3,270533,0
25486,Message In A Bottle - Remastered 2003,9388,3,290280,18
25505,Princes Of The Universe,9401,3,213200,0
25519,Iron Man,9408,3,354240,1
25567,Metal Health (Bang Your Head),9434,3,319320,32
25619,Baba O'Riley - Original Album Version,741,3,299750,6
25621,Baba O'Riley - Original Album Version,2850,3,299750,6
25623,Baba O'Riley - Original Album Version,5530,3,299750,6
25624,Baba O'Riley - Original Album Version,5535,3,299750,6
25625,Baba O'Riley - Original Album Version,5630,3,299750,6
25626,Baba O'Riley - Original Album Version,5633,3,299750,6
25629,Baba O'Riley - Original Album Version,6183,3,299750,6
25630,Baba O'Riley - Original Album Version,6234,3,299750,6
25631,Baba O'Riley - Original Album Version,6555,3,299750,6
25632,Baba O'Riley - Original Album Version,6830,3,299750,6
25633,Baba O'Riley - Original Album Version,6872,3,299750,6
25634,Baba O'Riley - Original Album Version,8442,3,299750,6
25635,Baba O'Riley - Original Album Version,8676,3,299750,6
25636,Baba O'Riley - Original Album Version,8778,3,299750,6
25637,Baba O'Riley - Original Album Version,9048,3,299750,6
25638,Baba O'Riley - Original Album Version,9072,3,299750,6
25639,Baba O'Riley - Original Album Version,9120,3,299750,6
25640,Baba O'Riley - Original Album Version,9175,3,299750,6
25642,Baba O'Riley - Original Album Version,9283,3,299750,6
25643,Baba O'Riley - Original Album Version,9458,3,299750,6
25644,Baba O'Riley - Original Album Version,9465,3,299750,6
25645,Baba O'Riley - Original Album Version,9505,3,299750,6
25646,Baba O'Riley - Original Album Version,9507,3,299750,6
25647,Baba O'Riley - Original Album Version,9519,3,299750,6
25648,Baba O'Riley - Original Album Version,9643,3,299750,6
25649,Baba O'Riley - Original Album Version,9669,3,299750,6
25650,Baba O'Riley - Original Album Version,9689,3,299750,6
25651,Baba O'Riley - Original Album Version,9692,3,299750,6
25652,Baba O'Riley - Original Album Version,9806,3,299750,6
25654,Baba O'Riley - Original Album Version,10372,3,299750,6
25656,Baba O'Riley - Original Album Version,10544,3,299750,6
25657,Baba O'Riley - Original Album Version,10928,3,299750,6
25658,Baba O'Riley - Original Album Version,11131,3,299750,6
25659,Baba O'Riley - Original Album Version,11327,3,299750,6
25660,Baba O'Riley - Original Album Version,11333,3,299750,6
25661,Baba O'Riley - Original Album Version,11339,3,299750,6
25662,Baba O'Riley - Original Album Version,11387,3,299750,6
25663,Baba O'Riley - Original Album Version,11404,3,299750,6
25664,Baba O'Riley - Original Album Version,12845,3,299750,6
25665,Baba O'Riley - Original Album Version,12897,3,299750,6
25666,Baba O'Riley - Original Album Version,12903,3,299750,6
25668,Baba O'Riley - Original Album Version,14029,3,299750,6
25670,Baba O'Riley - Original Album Version,15128,3,299750,6
25671,Baba O'Riley - Original Album Version,16344,3,299750,6
25672,Baba O'Riley - Original Album Version,16536,3,299750,6
25673,Baba O'Riley - Original Album Version,16537,3,299750,6
25674,Baba O'Riley - Original Album Version,16624,3,299750,6
25675,Baba O'Riley - Original Album Version,16641,3,299750,6
25676,Baba O'Riley - Original Album Version,16664,3,299750,6
25677,Baba O'Riley - Original Album Version,16793,3,299750,6
25688,Sweet Child O' Mine,10898,3,356000,8
25726,Fly Away,741,3,221893,52
25728,Fly Away,2850,3,221893,52
25730,Fly Away,5530,3,221893,52
25731,Fly Away,5535,3,221893,52
25732,Fly Away,5630,3,221893,52
25733,Fly Away,5633,3,221893,52
25736,Fly Away,6183,3,221893,52
25737,Fly Away,6234,3,221893,52
25738,Fly Away,6555,3,221893,52
25739,Fly Away,6830,3,221893,52
25740,Fly Away,6872,3,221893,52
25741,Fly Away,8442,3,221893,52
25742,Fly Away,8676,3,221893,52
25743,Fly Away,8778,3,221893,52
25744,Fly Away,9048,3,221893,52
25745,Fly Away,9072,3,221893,52
25746,Fly Away,9120,3,221893,52
25747,Fly Away,9175,3,221893,52
25749,Fly Away,9283,3,221893,52
25750,Fly Away,9458,3,221893,52
25751,Fly Away,9465,3,221893,52
25752,Fly Away,9505,3,221893,52
25753,Fly Away,9507,3,221893,52
25754,Fly Away,9519,3,221893,52
25755,Fly Away,9643,3,221893,52
25756,Fly Away,9669,3,221893,52
25757,Fly Away,9689,3,221893,52
25758,Fly Away,9692,3,221893,52
25759,Fly Away,9806,3,221893,52
25761,Fly Away,10372,3,221893,52
25763,Fly Away,10544,3,221893,52
25764,Fly Away,10928,3,221893,52
25765,Fly Away,11131,3,221893,52
25766,Fly Away,11327,3,221893,52
25767,Fly Away,11333,3,221893,52
25768,Fly Away,11339,3,221893,52
25769,Fly Away,11387,3,221893,52
25770,Fly Away,11404,3,221893,52
25771,Fly Away,12845,3,221893,52
25772,Fly Away,12897,3,221893,52
25773,Fly Away,12903,3,221893,52
25775,Fly Away,14029,3,221893,52
25777,Fly Away,15128,3,221893,52
25778,Fly Away,16344,3,221893,52
25779,Fly Away,16536,3,221893,52
25780,Fly Away,16537,3,221893,52
25781,Fly Away,16624,3,221893,52
25782,Fly Away,16641,3,221893,52
25783,Fly Away,16664,3,221893,52
25784,Fly Away,16793,3,221893,52
25796,Are You Gonna Go My Way,5915,3,211933,72
25799,Knockin' On Heaven's Door,8436,3,336000,13
25802,Can't You See,8733,3,365093,65
25811,My Generation - Shel Talmy Stereo Version,10926,3,201800,1
25815,Dancing in the Dark,741,3,239733,1
25817,Dancing in the Dark,2850,3,239733,1
25819,Dancing in the Dark,5530,3,239733,1
25820,Dancing in the Dark,5535,3,239733,1
25821,Dancing in the Dark,5630,3,239733,1
25822,Dancing in the Dark,5633,3,239733,1
25825,Dancing in the Dark,6183,3,239733,1
25826,Dancing in the Dark,6234,3,239733,1
25827,Dancing in the Dark,6555,3,239733,1
25828,Dancing in the Dark,6830,3,239733,1
25829,Dancing in the Dark,6872,3,239733,1
25830,Dancing in the Dark,8442,3,239733,1
25831,Dancing in the Dark,8676,3,239733,1
25832,Dancing in the Dark,8778,3,239733,1
25833,Dancing in the Dark,9048,3,239733,1
25834,Dancing in the Dark,9072,3,239733,1
25835,Dancing in the Dark,9120,3,239733,1
25836,Dancing in the Dark,9175,3,239733,1
25838,Dancing in the Dark,9283,3,239733,1
25839,Dancing in the Dark,9458,3,239733,1
25840,Dancing in the Dark,9465,3,239733,1
25841,Dancing in the Dark,9505,3,239733,1
25842,Dancing in the Dark,9507,3,239733,1
25843,Dancing in the Dark,9519,3,239733,1
25844,Dancing in the Dark,9643,3,239733,1
25845,Dancing in the Dark,9669,3,239733,1
25846,Dancing in the Dark,9689,3,239733,1
25847,Dancing in the Dark,9692,3,239733,1
25848,Dancing in the Dark,9806,3,239733,1
25850,Dancing in the Dark,10372,3,239733,1
25852,Dancing in the Dark,10544,3,239733,1
25853,Dancing in the Dark,10928,3,239733,1
25854,Dancing in the Dark,11131,3,239733,1
25855,Dancing in the Dark,11327,3,239733,1
25856,Dancing in the Dark,11333,3,239733,1
25857,Dancing in the Dark,11339,3,239733,1
25858,Dancing in the Dark,11387,3,239733,1
25859,Dancing in the Dark,11404,3,239733,1
25860,Dancing in the Dark,12845,3,239733,1
25861,Dancing in the Dark,12897,3,239733,1
25862,Dancing in the Dark,12903,3,239733,1
25864,Dancing in the Dark,14029,3,239733,1
25866,Dancing in the Dark,15128,3,239733,1
25867,Dancing in the Dark,16344,3,239733,1
25868,Dancing in the Dark,16536,3,239733,1
25869,Dancing in the Dark,16537,3,239733,1
25870,Dancing in the Dark,16624,3,239733,1
25871,Dancing in the Dark,16641,3,239733,1
25872,Dancing in the Dark,16664,3,239733,1
25873,Dancing in the Dark,16793,3,239733,1
25886,Glory Days,741,3,259267,1
25888,Glory Days,2850,3,259267,1
25890,Glory Days,5530,3,259267,1
25891,Glory Days,5535,3,259267,1
25892,Glory Days,5630,3,259267,1
25893,Glory Days,5633,3,259267,1
25896,Glory Days,6183,3,259267,1
25897,Glory Days,6234,3,259267,1
25898,Glory Days,6555,3,259267,1
25899,Glory Days,6830,3,259267,1
25900,Glory Days,6872,3,259267,1
25901,Glory Days,8442,3,259267,1
25902,Glory Days,8676,3,259267,1
25903,Glory Days,8778,3,259267,1
25904,Glory Days,9048,3,259267,1
25905,Glory Days,9072,3,259267,1
25906,Glory Days,9120,3,259267,1
25907,Glory Days,9175,3,259267,1
25909,Glory Days,9283,3,259267,1
25910,Glory Days,9458,3,259267,1
25911,Glory Days,9465,3,259267,1
25912,Glory Days,9505,3,259267,1
25913,Glory Days,9507,3,259267,1
25914,Glory Days,9519,3,259267,1
25915,Glory Days,9643,3,259267,1
25916,Glory Days,9669,3,259267,1
25917,Glory Days,9689,3,259267,1
25918,Glory Days,9692,3,259267,1
25919,Glory Days,9806,3,259267,1
25921,Glory Days,10372,3,259267,1
25923,Glory Days,10544,3,259267,1
25924,Glory Days,10928,3,259267,1
25925,Glory Days,11131,3,259267,1
25926,Glory Days,11327,3,259267,1
25927,Glory Days,11333,3,259267,1
25928,Glory Days,11339,3,259267,1
25929,Glory Days,11387,3,259267,1
25930,Glory Days,11404,3,259267,1
25931,Glory Days,12845,3,259267,1
25932,Glory Days,12897,3,259267,1
25933,Glory Days,12903,3,259267,1
25935,Glory Days,14029,3,259267,1
25937,Glory Days,15128,3,259267,1
25938,Glory Days,16344,3,259267,1
25939,Glory Days,16536,3,259267,1
25940,Glory Days,16537,3,259267,1
25941,Glory Days,16624,3,259267,1
25942,Glory Days,16641,3,259267,1
25943,Glory Days,16664,3,259267,1
25944,Glory Days,16793,3,259267,1
25951,"You're Gonna Go Far, Kid",10933,3,178453,3
25961,Love Is A Long Road,9054,3,247600,46
25965,Everlong,9099,3,250547,77
25967,The Kids Aren't Alright,10206,3,179600,2
25968,The Kids Aren't Alright,10213,3,179600,2
25972,Paradise City,10940,3,406200,1
25974,I Won't Back Down,741,3,175600,2
25976,I Won't Back Down,2850,3,175600,2
25978,I Won't Back Down,5530,3,175600,2
25979,I Won't Back Down,5535,3,175600,2
25980,I Won't Back Down,5630,3,175600,2
25981,I Won't Back Down,5633,3,175600,2
25984,I Won't Back Down,6183,3,175600,2
25985,I Won't Back Down,6234,3,175600,2
25986,I Won't Back Down,6555,3,175600,2
25987,I Won't Back Down,6830,3,175600,2
25988,I Won't Back Down,6872,3,175600,2
25989,I Won't Back Down,8442,3,175600,2
25990,I Won't Back Down,8676,3,175600,2
25991,I Won't Back Down,8778,3,175600,2
25992,I Won't Back Down,9048,3,175600,2
25993,I Won't Back Down,9072,3,175600,2
25994,I Won't Back Down,9120,3,175600,2
25995,I Won't Back Down,9175,3,175600,2
25997,I Won't Back Down,9283,3,175600,2
25998,I Won't Back Down,9458,3,175600,2
25999,I Won't Back Down,9465,3,175600,2
26000,I Won't Back Down,9505,3,175600,2
26001,I Won't Back Down,9507,3,175600,2
26002,I Won't Back Down,9519,3,175600,2
26003,I Won't Back Down,9643,3,175600,2
26004,I Won't Back Down,9669,3,175600,2
26005,I Won't Back Down,9689,3,175600,2
26006,I Won't Back Down,9692,3,175600,2
26007,I Won't Back Down,9806,3,175600,2
26009,I Won't Back Down,10372,3,175600,2
26011,I Won't Back Down,10544,3,175600,2
26012,I Won't Back Down,10928,3,175600,2
26013,I Won't Back Down,11131,3,175600,2
26014,I Won't Back Down,11327,3,175600,2
26015,I Won't Back Down,11333,3,175600,2
26016,I Won't Back Down,11339,3,175600,2
26017,I Won't Back Down,11387,3,175600,2
26018,I Won't Back Down,11404,3,175600,2
26019,I Won't Back Down,12845,3,175600,2
26020,I Won't Back Down,12897,3,175600,2
26021,I Won't Back Down,12903,3,175600,2
26023,I Won't Back Down,14029,3,175600,2
26025,I Won't Back Down,15128,3,175600,2
26026,I Won't Back Down,16344,3,175600,2
26027,I Won't Back Down,16536,3,175600,2
26028,I Won't Back Down,16537,3,175600,2
26029,I Won't Back Down,16624,3,175600,2
26030,I Won't Back Down,16641,3,175600,2
26031,I Won't Back Down,16664,3,175600,2
26032,I Won't Back Down,16793,3,175600,2
26039,Who Are You,8737,3,378707,17
26061,Cum on Feel the Noize,8977,3,290960,69
26071,Baba O'Riley,9009,3,300400,76
26090,Radio Nowhere,10955,3,199067,3
26093,Knockin' On Heaven's Door,8443,3,336000,15
26094,Knockin' On Heaven's Door,9921,3,336000,15
26099,Fly Away,10957,3,221333,70
26114,Pretty Fly (For A White Guy),10206,3,188667,10
26115,Pretty Fly (For A White Guy),10213,3,188667,10
26163,Kickstart My Heart,8947,3,282920,76
26169,The Line,10990,3,218240,54
26356,The Boys Are Back In Town,11101,3,265227,0
26359,The Boys Are Back In Town,11104,3,265227,0
26362,The Boys Are Back In Town,11109,3,265227,0
26365,Rebel Yell,11101,3,286173,0
26368,Rebel Yell,11104,3,286173,0
26371,Rebel Yell,11109,3,286173,0
26374,Paranoid,11101,3,165600,0
26377,Paranoid,11104,3,165600,0
26380,Paranoid,11109,3,165600,0
26383,My Sharona,11101,3,238227,0
26386,My Sharona,11104,3,238227,0
26389,My Sharona,11109,3,238227,0
26392,Black betty,11101,3,236160,2
26395,Black betty,11104,3,236160,2
26398,Black betty,11109,3,236160,2
26401,Barracuda,11101,3,261120,0
26404,Barracuda,11104,3,261120,0
26407,Barracuda,11109,3,261120,0
26410,I Wanna Rock,11101,3,179760,0
26413,I Wanna Rock,11104,3,179760,0
26416,I Wanna Rock,11109,3,179760,0
26419,EYE OF THE TIGER,11101,3,240933,0
26422,EYE OF THE TIGER,11104,3,240933,0
26425,EYE OF THE TIGER,11109,3,240933,0
26427,Dr. Feelgood,11107,3,289920,0
26428,Kickstart My Heart,11108,3,282960,0
26441,Who Are You - Single Edit,11101,3,299227,0
26444,Who Are You - Single Edit,11104,3,299227,0
26447,Who Are You - Single Edit,11109,3,299227,0
26448,Baba O'Riley - Remixed Version,11110,3,309400,0
26449,The Seeker - Edit,11110,3,204773,0
26465,Iron Man,11116,3,353880,0
26471,"Girls, Girls, Girls",11108,3,271133,0
26472,Shout At The Devil - International,11120,3,195960,0
26480,Under Pressure,9032,3,236760,1
26492,Sweet Child O' Mine,9371,3,356400,3
26493,Paradise City,9371,3,406307,2
26499,Cum on Feel the Noize,11130,3,290667,3
26500,Bang Your Head (Metal Health),9317,3,314467,24
26501,Let's Get Crazy,11130,3,247600,0
26503,Slam Dunk (Way To Go!),741,3,205307,21
26505,Slam Dunk (Way To Go!),2850,3,205307,21
26507,Slam Dunk (Way To Go!),5530,3,205307,21
26508,Slam Dunk (Way To Go!),5535,3,205307,21
26509,Slam Dunk (Way To Go!),5630,3,205307,21
26510,Slam Dunk (Way To Go!),5633,3,205307,21
26513,Slam Dunk (Way To Go!),6183,3,205307,21
26514,Slam Dunk (Way To Go!),6234,3,205307,21
26515,Slam Dunk (Way To Go!),6555,3,205307,21
26516,Slam Dunk (Way To Go!),6830,3,205307,21
26517,Slam Dunk (Way To Go!),6872,3,205307,21
26518,Slam Dunk (Way To Go!),8442,3,205307,21
26519,Slam Dunk (Way To Go!),8676,3,205307,21
26520,Slam Dunk (Way To Go!),8778,3,205307,21
26521,Slam Dunk (Way To Go!),9048,3,205307,21
26522,Slam Dunk (Way To Go!),9072,3,205307,21
26523,Slam Dunk (Way To Go!),9120,3,205307,21
26524,Slam Dunk (Way To Go!),9175,3,205307,21
26526,Slam Dunk (Way To Go!),9283,3,205307,21
26527,Slam Dunk (Way To Go!),9458,3,205307,21
26528,Slam Dunk (Way To Go!),9465,3,205307,21
26529,Slam Dunk (Way To Go!),9505,3,205307,21
26530,Slam Dunk (Way To Go!),9507,3,205307,21
26531,Slam Dunk (Way To Go!),9519,3,205307,21
26532,Slam Dunk (Way To Go!),9643,3,205307,21
26533,Slam Dunk (Way To Go!),9669,3,205307,21
26534,Slam Dunk (Way To Go!),9689,3,205307,21
26535,Slam Dunk (Way To Go!),9692,3,205307,21
26536,Slam Dunk (Way To Go!),9806,3,205307,21
26538,Slam Dunk (Way To Go!),10372,3,205307,21
26540,Slam Dunk (Way To Go!),10544,3,205307,21
26541,Slam Dunk (Way To Go!),10928,3,205307,21
26542,Slam Dunk (Way To Go!),11131,3,205307,21
26543,Slam Dunk (Way To Go!),11327,3,205307,21
26544,Slam Dunk (Way To Go!),11333,3,205307,21
26545,Slam Dunk (Way To Go!),11339,3,205307,21
26546,Slam Dunk (Way To Go!),11387,3,205307,21
26547,Slam Dunk (Way To Go!),11404,3,205307,21
26548,Slam Dunk (Way To Go!),12845,3,205307,21
26549,Slam Dunk (Way To Go!),12897,3,205307,21
26550,Slam Dunk (Way To Go!),12903,3,205307,21
26552,Slam Dunk (Way To Go!),14029,3,205307,21
26554,Slam Dunk (Way To Go!),15128,3,205307,21
26555,Slam Dunk (Way To Go!),16344,3,205307,21
26556,Slam Dunk (Way To Go!),16536,3,205307,21
26557,Slam Dunk (Way To Go!),16537,3,205307,21
26558,Slam Dunk (Way To Go!),16624,3,205307,21
26559,Slam Dunk (Way To Go!),16641,3,205307,21
26560,Slam Dunk (Way To Go!),16664,3,205307,21
26561,Slam Dunk (Way To Go!),16793,3,205307,21
26583,Welcome To The Jungle,10940,3,271867,0
26587,Motor City Madhouse - Edit,11116,3,271133,0
26638,Smooth Criminal,8807,3,209267,10
26656,The Pretender,9940,3,269373,76
26661,"You're Gonna Go Far, Kid",1642,3,177827,77
26920,Somebody To Love - 2011 Mix,9578,3,295733,69
26934,Love Song,741,3,208000,3
26936,Love Song,2850,3,208000,3
26938,Love Song,5530,3,208000,3
26939,Love Song,5535,3,208000,3
26940,Love Song,5630,3,208000,3
26941,Love Song,5633,3,208000,3
26944,Love Song,6183,3,208000,3
26945,Love Song,6234,3,208000,3
26946,Love Song,6555,3,208000,3
26947,Love Song,6830,3,208000,3
26948,Love Song,6872,3,208000,3
26949,Love Song,8442,3,208000,3
26950,Love Song,8676,3,208000,3
26951,Love Song,8778,3,208000,3
26952,Love Song,9048,3,208000,3
26953,Love Song,9072,3,208000,3
26954,Love Song,9120,3,208000,3
26955,Love Song,9175,3,208000,3
26957,Love Song,9283,3,208000,3
26958,Love Song,9458,3,208000,3
26959,Love Song,9465,3,208000,3
26960,Love Song,9505,3,208000,3
26961,Love Song,9507,3,208000,3
26962,Love Song,9519,3,208000,3
26963,Love Song,9643,3,208000,3
26964,Love Song,9669,3,208000,3
26965,Love Song,9689,3,208000,3
26966,Love Song,9692,3,208000,3
26967,Love Song,9806,3,208000,3
26969,Love Song,10372,3,208000,3
26971,Love Song,10544,3,208000,3
26972,Love Song,10928,3,208000,3
26973,Love Song,11131,3,208000,3
26974,Love Song,11327,3,208000,3
26975,Love Song,11333,3,208000,3
26976,Love Song,11339,3,208000,3
26977,Love Song,11387,3,208000,3
26978,Love Song,11404,3,208000,3
26979,Love Song,12845,3,208000,3
26980,Love Song,12897,3,208000,3
26981,Love Song,12903,3,208000,3
26983,Love Song,14029,3,208000,3
26985,Love Song,15128,3,208000,3
26986,Love Song,16344,3,208000,3
26987,Love Song,16536,3,208000,3
26988,Love Song,16537,3,208000,3
26989,Love Song,16624,3,208000,3
26990,Love Song,16641,3,208000,3
26991,Love Song,16664,3,208000,3
26992,Love Song,16793,3,208000,3
27012,To Be With You,741,3,206973,6
27014,To Be With You,2850,3,206973,6
27016,To Be With You,5530,3,206973,6
27017,To Be With You,5535,3,206973,6
27018,To Be With You,5630,3,206973,6
27019,To Be With You,5633,3,206973,6
27022,To Be With You,6183,3,206973,6
27023,To Be With You,6234,3,206973,6
27024,To Be With You,6555,3,206973,6
27025,To Be With You,6830,3,206973,6
27026,To Be With You,6872,3,206973,6
27027,To Be With You,8442,3,206973,6
27028,To Be With You,8676,3,206973,6
27029,To Be With You,8778,3,206973,6
27030,To Be With You,9048,3,206973,6
27031,To Be With You,9072,3,206973,6
27032,To Be With You,9120,3,206973,6
27033,To Be With You,9175,3,206973,6
27035,To Be With You,9283,3,206973,6
27036,To Be With You,9458,3,206973,6
27037,To Be With You,9465,3,206973,6
27038,To Be With You,9505,3,206973,6
27039,To Be With You,9507,3,206973,6
27040,To Be With You,9519,3,206973,6
27041,To Be With You,9643,3,206973,6
27042,To Be With You,9669,3,206973,6
27043,To Be With You,9689,3,206973,6
27044,To Be With You,9692,3,206973,6
27045,To Be With You,9806,3,206973,6
27047,To Be With You,10372,3,206973,6
27049,To Be With You,10544,3,206973,6
27050,To Be With You,10928,3,206973,6
27051,To Be With You,11131,3,206973,6
27052,To Be With You,11327,3,206973,6
27053,To Be With You,11333,3,206973,6
27054,To Be With You,11339,3,206973,6
27055,To Be With You,11387,3,206973,6
27056,To Be With You,11404,3,206973,6
27057,To Be With You,12845,3,206973,6
27058,To Be With You,12897,3,206973,6
27059,To Be With You,12903,3,206973,6
27061,To Be With You,14029,3,206973,6
27063,To Be With You,15128,3,206973,6
27064,To Be With You,16344,3,206973,6
27065,To Be With You,16536,3,206973,6
27066,To Be With You,16537,3,206973,6
27067,To Be With You,16624,3,206973,6
27068,To Be With You,16641,3,206973,6
27069,To Be With You,16664,3,206973,6
27070,To Be With You,16793,3,206973,6
27085,Without You,741,3,268827,14
27087,Without You,2850,3,268827,14
27089,Without You,5530,3,268827,14
27090,Without You,5535,3,268827,14
27091,Without You,5630,3,268827,14
27092,Without You,5633,3,268827,14
27095,Without You,6183,3,268827,14
27096,Without You,6234,3,268827,14
27097,Without You,6555,3,268827,14
27098,Without You,6830,3,268827,14
27099,Without You,6872,3,268827,14
27100,Without You,8442,3,268827,14
27101,Without You,8676,3,268827,14
27102,Without You,8778,3,268827,14
27103,Without You,9048,3,268827,14
27104,Without You,9072,3,268827,14
27105,Without You,9120,3,268827,14
27106,Without You,9175,3,268827,14
27108,Without You,9283,3,268827,14
27109,Without You,9458,3,268827,14
27110,Without You,9465,3,268827,14
27111,Without You,9505,3,268827,14
27112,Without You,9507,3,268827,14
27113,Without You,9519,3,268827,14
27114,Without You,9643,3,268827,14
27115,Without You,9669,3,268827,14
27116,Without You,9689,3,268827,14
27117,Without You,9692,3,268827,14
27118,Without You,9806,3,268827,14
27120,Without You,10372,3,268827,14
27122,Without You,10544,3,268827,14
27123,Without You,10928,3,268827,14
27124,Without You,11131,3,268827,14
27125,Without You,11327,3,268827,14
27126,Without You,11333,3,268827,14
27127,Without You,11339,3,268827,14
27128,Without You,11387,3,268827,14
27129,Without You,11404,3,268827,14
27130,Without You,12845,3,268827,14
27131,Without You,12897,3,268827,14
27132,Without You,12903,3,268827,14
27134,Without You,14029,3,268827,14
27136,Without You,15128,3,268827,14
27137,Without You,16344,3,268827,14
27138,Without You,16536,3,268827,14
27139,Without You,16537,3,268827,14
27140,Without You,16624,3,268827,14
27141,Without You,16641,3,268827,14
27142,Without You,16664,3,268827,14
27143,Without You,16793,3,268827,14
27154,Alone,8574,3,218733,73
27171,Barracuda,11354,3,262973,0
27227,Sheer Heart Attack - Remastered 2011,8652,3,207600,39
27228,Death On Two Legs (Dedicated To...) - Remastered 2011,8924,3,223920,12
27229,Stone Cold Crazy - Remastered 2011,8713,3,133813,12
27232,Won't Get Fooled Again - Original Album Version,741,3,512000,2
27234,Won't Get Fooled Again - Original Album Version,2850,3,512000,2
27236,Won't Get Fooled Again - Original Album Version,5530,3,512000,2
27237,Won't Get Fooled Again - Original Album Version,5535,3,512000,2
27238,Won't Get Fooled Again - Original Album Version,5630,3,512000,2
27239,Won't Get Fooled Again - Original Album Version,5633,3,512000,2
27242,Won't Get Fooled Again - Original Album Version,6183,3,512000,2
27243,Won't Get Fooled Again - Original Album Version,6234,3,512000,2
27244,Won't Get Fooled Again - Original Album Version,6555,3,512000,2
27245,Won't Get Fooled Again - Original Album Version,6830,3,512000,2
27246,Won't Get Fooled Again - Original Album Version,6872,3,512000,2
27247,Won't Get Fooled Again - Original Album Version,8442,3,512000,2
27248,Won't Get Fooled Again - Original Album Version,8676,3,512000,2
27249,Won't Get Fooled Again - Original Album Version,8778,3,512000,2
27250,Won't Get Fooled Again - Original Album Version,9048,3,512000,2
27251,Won't Get Fooled Again - Original Album Version,9072,3,512000,2
27252,Won't Get Fooled Again - Original Album Version,9120,3,512000,2
27253,Won't Get Fooled Again - Original Album Version,9175,3,512000,2
27255,Won't Get Fooled Again - Original Album Version,9283,3,512000,2
27256,Won't Get Fooled Again - Original Album Version,9458,3,512000,2
27257,Won't Get Fooled Again - Original Album Version,9465,3,512000,2
27258,Won't Get Fooled Again - Original Album Version,9505,3,512000,2
27259,Won't Get Fooled Again - Original Album Version,9507,3,512000,2
27260,Won't Get Fooled Again - Original Album Version,9519,3,512000,2
27261,Won't Get Fooled Again - Original Album Version,9643,3,512000,2
27262,Won't Get Fooled Again - Original Album Version,9669,3,512000,2
27263,Won't Get Fooled Again - Original Album Version,9689,3,512000,2
27264,Won't Get Fooled Again - Original Album Version,9692,3,512000,2
27265,Won't Get Fooled Again - Original Album Version,9806,3,512000,2
27267,Won't Get Fooled Again - Original Album Version,10372,3,512000,2
27269,Won't Get Fooled Again - Original Album Version,10544,3,512000,2
27270,Won't Get Fooled Again - Original Album Version,10928,3,512000,2
27271,Won't Get Fooled Again - Original Album Version,11131,3,512000,2
27272,Won't Get Fooled Again - Original Album Version,11327,3,512000,2
27273,Won't Get Fooled Again - Original Album Version,11333,3,512000,2
27274,Won't Get Fooled Again - Original Album Version,11339,3,512000,2
27275,Won't Get Fooled Again - Original Album Version,11387,3,512000,2
27276,Won't Get Fooled Again - Original Album Version,11404,3,512000,2
27277,Won't Get Fooled Again - Original Album Version,12845,3,512000,2
27278,Won't Get Fooled Again - Original Album Version,12897,3,512000,2
27279,Won't Get Fooled Again - Original Album Version,12903,3,512000,2
27281,Won't Get Fooled Again - Original Album Version,14029,3,512000,2
27283,Won't Get Fooled Again - Original Album Version,15128,3,512000,2
27284,Won't Get Fooled Again - Original Album Version,16344,3,512000,2
27285,Won't Get Fooled Again - Original Album Version,16536,3,512000,2
27286,Won't Get Fooled Again - Original Album Version,16537,3,512000,2
27287,Won't Get Fooled Again - Original Album Version,16624,3,512000,2
27288,Won't Get Fooled Again - Original Album Version,16641,3,512000,2
27289,Won't Get Fooled Again - Original Album Version,16664,3,512000,2
27290,Won't Get Fooled Again - Original Album Version,16793,3,512000,2
27294,Pinball Wizard - Original Album Version,741,3,182653,2
27296,Pinball Wizard - Original Album Version,2850,3,182653,2
27298,Pinball Wizard - Original Album Version,5530,3,182653,2
27299,Pinball Wizard - Original Album Version,5535,3,182653,2
27300,Pinball Wizard - Original Album Version,5630,3,182653,2
27301,Pinball Wizard - Original Album Version,5633,3,182653,2
27304,Pinball Wizard - Original Album Version,6183,3,182653,2
27305,Pinball Wizard - Original Album Version,6234,3,182653,2
27306,Pinball Wizard - Original Album Version,6555,3,182653,2
27307,Pinball Wizard - Original Album Version,6830,3,182653,2
27308,Pinball Wizard - Original Album Version,6872,3,182653,2
27309,Pinball Wizard - Original Album Version,8442,3,182653,2
27310,Pinball Wizard - Original Album Version,8676,3,182653,2
27311,Pinball Wizard - Original Album Version,8778,3,182653,2
27312,Pinball Wizard - Original Album Version,9048,3,182653,2
27313,Pinball Wizard - Original Album Version,9072,3,182653,2
27314,Pinball Wizard - Original Album Version,9120,3,182653,2
27315,Pinball Wizard - Original Album Version,9175,3,182653,2
27317,Pinball Wizard - Original Album Version,9283,3,182653,2
27318,Pinball Wizard - Original Album Version,9458,3,182653,2
27319,Pinball Wizard - Original Album Version,9465,3,182653,2
27320,Pinball Wizard - Original Album Version,9505,3,182653,2
27321,Pinball Wizard - Original Album Version,9507,3,182653,2
27322,Pinball Wizard - Original Album Version,9519,3,182653,2
27323,Pinball Wizard - Original Album Version,9643,3,182653,2
27324,Pinball Wizard - Original Album Version,9669,3,182653,2
27325,Pinball Wizard - Original Album Version,9689,3,182653,2
27326,Pinball Wizard - Original Album Version,9692,3,182653,2
27327,Pinball Wizard - Original Album Version,9806,3,182653,2
27329,Pinball Wizard - Original Album Version,10372,3,182653,2
27331,Pinball Wizard - Original Album Version,10544,3,182653,2
27332,Pinball Wizard - Original Album Version,10928,3,182653,2
27333,Pinball Wizard - Original Album Version,11131,3,182653,2
27334,Pinball Wizard - Original Album Version,11327,3,182653,2
27335,Pinball Wizard - Original Album Version,11333,3,182653,2
27336,Pinball Wizard - Original Album Version,11339,3,182653,2
27337,Pinball Wizard - Original Album Version,11387,3,182653,2
27338,Pinball Wizard - Original Album Version,11404,3,182653,2
27339,Pinball Wizard - Original Album Version,12845,3,182653,2
27340,Pinball Wizard - Original Album Version,12897,3,182653,2
27341,Pinball Wizard - Original Album Version,12903,3,182653,2
27343,Pinball Wizard - Original Album Version,14029,3,182653,2
27345,Pinball Wizard - Original Album Version,15128,3,182653,2
27346,Pinball Wizard - Original Album Version,16344,3,182653,2
27347,Pinball Wizard - Original Album Version,16536,3,182653,2
27348,Pinball Wizard - Original Album Version,16537,3,182653,2
27349,Pinball Wizard - Original Album Version,16624,3,182653,2
27350,Pinball Wizard - Original Album Version,16641,3,182653,2
27351,Pinball Wizard - Original Album Version,16664,3,182653,2
27352,Pinball Wizard - Original Album Version,16793,3,182653,2
27360,Tomorrow's Dream,11377,3,188775,0
27361,After Forever,11378,3,326001,0
27362,Looking for Today,11379,3,300702,0
27363,It's Alright,11380,3,239293,0
27398,Crazy On You,741,3,294027,0
27400,Crazy On You,2850,3,294027,0
27402,Crazy On You,5530,3,294027,0
27403,Crazy On You,5535,3,294027,0
27404,Crazy On You,5630,3,294027,0
27405,Crazy On You,5633,3,294027,0
27408,Crazy On You,6183,3,294027,0
27409,Crazy On You,6234,3,294027,0
27410,Crazy On You,6555,3,294027,0
27411,Crazy On You,6830,3,294027,0
27412,Crazy On You,6872,3,294027,0
27413,Crazy On You,8442,3,294027,0
27414,Crazy On You,8676,3,294027,0
27415,Crazy On You,8778,3,294027,0
27416,Crazy On You,9048,3,294027,0
27417,Crazy On You,9072,3,294027,0
27418,Crazy On You,9120,3,294027,0
27419,Crazy On You,9175,3,294027,0
27421,Crazy On You,9283,3,294027,0
27422,Crazy On You,9458,3,294027,0
27423,Crazy On You,9465,3,294027,0
27424,Crazy On You,9505,3,294027,0
27425,Crazy On You,9507,3,294027,0
27426,Crazy On You,9519,3,294027,0
27427,Crazy On You,9643,3,294027,0
27428,Crazy On You,9669,3,294027,0
27429,Crazy On You,9689,3,294027,0
27430,Crazy On You,9692,3,294027,0
27431,Crazy On You,9806,3,294027,0
27433,Crazy On You,10372,3,294027,0
27435,Crazy On You,10544,3,294027,0
27436,Crazy On You,10928,3,294027,0
27437,Crazy On You,11131,3,294027,0
27438,Crazy On You,11327,3,294027,0
27439,Crazy On You,11333,3,294027,0
27440,Crazy On You,11339,3,294027,0
27441,Crazy On You,11387,3,294027,0
27442,Crazy On You,11404,3,294027,0
27443,Crazy On You,12845,3,294027,0
27444,Crazy On You,12897,3,294027,0
27445,Crazy On You,12903,3,294027,0
27447,Crazy On You,14029,3,294027,0
27449,Crazy On You,15128,3,294027,0
27450,Crazy On You,16344,3,294027,0
27451,Crazy On You,16536,3,294027,0
27452,Crazy On You,16537,3,294027,0
27453,Crazy On You,16624,3,294027,0
27454,Crazy On You,16641,3,294027,0
27455,Crazy On You,16664,3,294027,0
27456,Crazy On You,16793,3,294027,0
27460,Magic Man,741,3,327533,0
27462,Magic Man,2850,3,327533,0
27464,Magic Man,5530,3,327533,0
27465,Magic Man,5535,3,327533,0
27466,Magic Man,5630,3,327533,0
27467,Magic Man,5633,3,327533,0
27470,Magic Man,6183,3,327533,0
27471,Magic Man,6234,3,327533,0
27472,Magic Man,6555,3,327533,0
27473,Magic Man,6830,3,327533,0
27474,Magic Man,6872,3,327533,0
27475,Magic Man,8442,3,327533,0
27476,Magic Man,8676,3,327533,0
27477,Magic Man,8778,3,327533,0
27478,Magic Man,9048,3,327533,0
27479,Magic Man,9072,3,327533,0
27480,Magic Man,9120,3,327533,0
27481,Magic Man,9175,3,327533,0
27483,Magic Man,9283,3,327533,0
27484,Magic Man,9458,3,327533,0
27485,Magic Man,9465,3,327533,0
27486,Magic Man,9505,3,327533,0
27487,Magic Man,9507,3,327533,0
27488,Magic Man,9519,3,327533,0
27489,Magic Man,9643,3,327533,0
27490,Magic Man,9669,3,327533,0
27491,Magic Man,9689,3,327533,0
27492,Magic Man,9692,3,327533,0
27493,Magic Man,9806,3,327533,0
27495,Magic Man,10372,3,327533,0
27497,Magic Man,10544,3,327533,0
27498,Magic Man,10928,3,327533,0
27499,Magic Man,11131,3,327533,0
27500,Magic Man,11327,3,327533,0
27501,Magic Man,11333,3,327533,0
27502,Magic Man,11339,3,327533,0
27503,Magic Man,11387,3,327533,0
27504,Magic Man,11404,3,327533,0
27505,Magic Man,12845,3,327533,0
27506,Magic Man,12897,3,327533,0
27507,Magic Man,12903,3,327533,0
27509,Magic Man,14029,3,327533,0
27511,Magic Man,15128,3,327533,0
27512,Magic Man,16344,3,327533,0
27513,Magic Man,16536,3,327533,0
27514,Magic Man,16537,3,327533,0
27515,Magic Man,16624,3,327533,0
27516,Magic Man,16641,3,327533,0
27517,Magic Man,16664,3,327533,0
27518,Magic Man,16793,3,327533,0
27523,"American Woman - 7"" Version",11388,3,305560,41
27524,No Sugar Tonight,11388,3,290800,44
27528,Sweet Child O' Mine,1709,3,354520,82
27530,Paradise City,1709,3,405640,78
27533,Home Sweet Home,8932,3,239667,2
27539,Dr. Feelgood,8947,3,289920,0
27543,Heaven And Hell,11394,3,417840,1
27545,Barracuda,8949,3,262853,0
27551,Paranoid,9408,3,167933,10
27570,"Motley Crue/Girls, Girls, Girls",9377,3,270533,1
27573,Kickstart My Heart,8947,3,282653,2
27575,Iron Man,741,3,353667,2
27577,Iron Man,2850,3,353667,2
27579,Iron Man,5530,3,353667,2
27580,Iron Man,5535,3,353667,2
27581,Iron Man,5630,3,353667,2
27582,Iron Man,5633,3,353667,2
27585,Iron Man,6183,3,353667,2
27586,Iron Man,6234,3,353667,2
27587,Iron Man,6555,3,353667,2
27588,Iron Man,6830,3,353667,2
27589,Iron Man,6872,3,353667,2
27590,Iron Man,8442,3,353667,2
27591,Iron Man,8676,3,353667,2
27592,Iron Man,8778,3,353667,2
27593,Iron Man,9048,3,353667,2
27594,Iron Man,9072,3,353667,2
27595,Iron Man,9120,3,353667,2
27596,Iron Man,9175,3,353667,2
27598,Iron Man,9283,3,353667,2
27599,Iron Man,9458,3,353667,2
27600,Iron Man,9465,3,353667,2
27601,Iron Man,9505,3,353667,2
27602,Iron Man,9507,3,353667,2
27603,Iron Man,9519,3,353667,2
27604,Iron Man,9643,3,353667,2
27605,Iron Man,9669,3,353667,2
27606,Iron Man,9689,3,353667,2
27607,Iron Man,9692,3,353667,2
27608,Iron Man,9806,3,353667,2
27610,Iron Man,10372,3,353667,2
27612,Iron Man,10544,3,353667,2
27613,Iron Man,10928,3,353667,2
27614,Iron Man,11131,3,353667,2
27615,Iron Man,11327,3,353667,2
27616,Iron Man,11333,3,353667,2
27617,Iron Man,11339,3,353667,2
27618,Iron Man,11387,3,353667,2
27619,Iron Man,11404,3,353667,2
27620,Iron Man,12845,3,353667,2
27621,Iron Man,12897,3,353667,2
27622,Iron Man,12903,3,353667,2
27624,Iron Man,14029,3,353667,2
27626,Iron Man,15128,3,353667,2
27627,Iron Man,16344,3,353667,2
27628,Iron Man,16536,3,353667,2
27629,Iron Man,16537,3,353667,2
27630,Iron Man,16624,3,353667,2
27631,Iron Man,16641,3,353667,2
27632,Iron Man,16664,3,353667,2
27633,Iron Man,16793,3,353667,2
27652,Bedside Radio - Remastered,16420,3,199467,22
27668,Since You Been Gone,8807,3,198813,0
27686,Welcome To The Jungle,1709,3,272027,78
27696,Poem,18700,3,189200,57
27707,Rope,10196,3,259027,60
27708,Outside,10195,3,314573,54
28269,Gold,16406,4,181899,52
28272,Gold,16448,4,181899,52
28425,Family,72,4,194827,85
28426,Family,521,4,194827,85
28486,These Are The Times (feat. JRM),233,4,188656,71
28538,Summer Days (feat. Macklemore & Patrick Stump of Fall Out Boy),292,4,163805,83
28793,Pizza,18620,4,212079,61
28856,All We Know - Oliver Heldens Remix,12133,4,184253,43
28896,Daydream,16378,4,236853,2
29356,Roses,152,4,226739,73
29444,Somebody,12419,4,223147,0
29446,Ocean (feat. Khalid),2297,4,216420,76
29477,Don't Let Me Down,1187,4,208373,81
29558,Closer (feat. Halsey),135,4,244960,85
29662,Como Me Duele Perderte,12545,4,267973,53
29679,Con los Años Que Me Quedan,12555,4,276600,60
30133,Besame (Remix) [feat. Rakim Y Ken Y & Nova La Amenaza],741,4,247015,49
30135,Besame (Remix) [feat. Rakim Y Ken Y & Nova La Amenaza],2850,4,247015,49
30137,Besame (Remix) [feat. Rakim Y Ken Y & Nova La Amenaza],5530,4,247015,49
30138,Besame (Remix) [feat. Rakim Y Ken Y & Nova La Amenaza],5535,4,247015,49
30139,Besame (Remix) [feat. Rakim Y Ken Y & Nova La Amenaza],5630,4,247015,49
30140,Besame (Remix) [feat. Rakim Y Ken Y & Nova La Amenaza],5633,4,247015,49
30143,Besame (Remix) [feat. Rakim Y Ken Y & Nova La Amenaza],6183,4,247015,49
30144,Besame (Remix) [feat. Rakim Y Ken Y & Nova La Amenaza],6234,4,247015,49
30145,Besame (Remix) [feat. Rakim Y Ken Y & Nova La Amenaza],6555,4,247015,49
30146,Besame (Remix) [feat. Rakim Y Ken Y & Nova La Amenaza],6830,4,247015,49
30147,Besame (Remix) [feat. Rakim Y Ken Y & Nova La Amenaza],6872,4,247015,49
30148,Besame (Remix) [feat. Rakim Y Ken Y & Nova La Amenaza],8442,4,247015,49
30149,Besame (Remix) [feat. Rakim Y Ken Y & Nova La Amenaza],8676,4,247015,49
30150,Besame (Remix) [feat. Rakim Y Ken Y & Nova La Amenaza],8778,4,247015,49
30151,Besame (Remix) [feat. Rakim Y Ken Y & Nova La Amenaza],9048,4,247015,49
30152,Besame (Remix) [feat. Rakim Y Ken Y & Nova La Amenaza],9072,4,247015,49
30153,Besame (Remix) [feat. Rakim Y Ken Y & Nova La Amenaza],9120,4,247015,49
30154,Besame (Remix) [feat. Rakim Y Ken Y & Nova La Amenaza],9175,4,247015,49
30156,Besame (Remix) [feat. Rakim Y Ken Y & Nova La Amenaza],9283,4,247015,49
30157,Besame (Remix) [feat. Rakim Y Ken Y & Nova La Amenaza],9458,4,247015,49
30158,Besame (Remix) [feat. Rakim Y Ken Y & Nova La Amenaza],9465,4,247015,49
30159,Besame (Remix) [feat. Rakim Y Ken Y & Nova La Amenaza],9505,4,247015,49
30160,Besame (Remix) [feat. Rakim Y Ken Y & Nova La Amenaza],9507,4,247015,49
30161,Besame (Remix) [feat. Rakim Y Ken Y & Nova La Amenaza],9519,4,247015,49
30162,Besame (Remix) [feat. Rakim Y Ken Y & Nova La Amenaza],9643,4,247015,49
30163,Besame (Remix) [feat. Rakim Y Ken Y & Nova La Amenaza],9669,4,247015,49
30164,Besame (Remix) [feat. Rakim Y Ken Y & Nova La Amenaza],9689,4,247015,49
30165,Besame (Remix) [feat. Rakim Y Ken Y & Nova La Amenaza],9692,4,247015,49
30166,Besame (Remix) [feat. Rakim Y Ken Y & Nova La Amenaza],9806,4,247015,49
30168,Besame (Remix) [feat. Rakim Y Ken Y & Nova La Amenaza],10372,4,247015,49
30170,Besame (Remix) [feat. Rakim Y Ken Y & Nova La Amenaza],10544,4,247015,49
30171,Besame (Remix) [feat. Rakim Y Ken Y & Nova La Amenaza],10928,4,247015,49
30172,Besame (Remix) [feat. Rakim Y Ken Y & Nova La Amenaza],11131,4,247015,49
30173,Besame (Remix) [feat. Rakim Y Ken Y & Nova La Amenaza],11327,4,247015,49
30174,Besame (Remix) [feat. Rakim Y Ken Y & Nova La Amenaza],11333,4,247015,49
30175,Besame (Remix) [feat. Rakim Y Ken Y & Nova La Amenaza],11339,4,247015,49
30176,Besame (Remix) [feat. Rakim Y Ken Y & Nova La Amenaza],11387,4,247015,49
30177,Besame (Remix) [feat. Rakim Y Ken Y & Nova La Amenaza],11404,4,247015,49
30178,Besame (Remix) [feat. Rakim Y Ken Y & Nova La Amenaza],12845,4,247015,49
30179,Besame (Remix) [feat. Rakim Y Ken Y & Nova La Amenaza],12897,4,247015,49
30180,Besame (Remix) [feat. Rakim Y Ken Y & Nova La Amenaza],12903,4,247015,49
30182,Besame (Remix) [feat. Rakim Y Ken Y & Nova La Amenaza],14029,4,247015,49
30184,Besame (Remix) [feat. Rakim Y Ken Y & Nova La Amenaza],15128,4,247015,49
30185,Besame (Remix) [feat. Rakim Y Ken Y & Nova La Amenaza],16344,4,247015,49
30186,Besame (Remix) [feat. Rakim Y Ken Y & Nova La Amenaza],16536,4,247015,49
30187,Besame (Remix) [feat. Rakim Y Ken Y & Nova La Amenaza],16537,4,247015,49
30188,Besame (Remix) [feat. Rakim Y Ken Y & Nova La Amenaza],16624,4,247015,49
30189,Besame (Remix) [feat. Rakim Y Ken Y & Nova La Amenaza],16641,4,247015,49
30190,Besame (Remix) [feat. Rakim Y Ken Y & Nova La Amenaza],16664,4,247015,49
30191,Besame (Remix) [feat. Rakim Y Ken Y & Nova La Amenaza],16793,4,247015,49
30245,Conga,12890,4,255107,60
30246,Conga,12896,4,255107,60
30247,Get on Your Feet,12891,4,218133,44
30248,Get on Your Feet,12894,4,218133,44
30249,Mi Tierra,12555,4,278333,55
30250,Hoy - Spanish Version,12892,4,207267,51
30251,Can't Stay Away from You,12893,4,238293,47
30252,Don't Wanna Lose You,12891,4,249568,52
30253,Don't Wanna Lose You,12894,4,249568,52
30254,Oye,12895,4,279627,45
30255,Si Voy a Perderte,12890,4,246840,40
30256,Si Voy a Perderte,12896,4,246840,40
30258,Words Get in the Way,741,4,205640,45
30260,Words Get in the Way,2850,4,205640,45
30262,Words Get in the Way,5530,4,205640,45
30263,Words Get in the Way,5535,4,205640,45
30264,Words Get in the Way,5630,4,205640,45
30265,Words Get in the Way,5633,4,205640,45
30268,Words Get in the Way,6183,4,205640,45
30269,Words Get in the Way,6234,4,205640,45
30270,Words Get in the Way,6555,4,205640,45
30271,Words Get in the Way,6830,4,205640,45
30272,Words Get in the Way,6872,4,205640,45
30273,Words Get in the Way,8442,4,205640,45
30274,Words Get in the Way,8676,4,205640,45
30275,Words Get in the Way,8778,4,205640,45
30276,Words Get in the Way,9048,4,205640,45
30277,Words Get in the Way,9072,4,205640,45
30278,Words Get in the Way,9120,4,205640,45
30279,Words Get in the Way,9175,4,205640,45
30281,Words Get in the Way,9283,4,205640,45
30282,Words Get in the Way,9458,4,205640,45
30283,Words Get in the Way,9465,4,205640,45
30284,Words Get in the Way,9505,4,205640,45
30285,Words Get in the Way,9507,4,205640,45
30286,Words Get in the Way,9519,4,205640,45
30287,Words Get in the Way,9643,4,205640,45
30288,Words Get in the Way,9669,4,205640,45
30289,Words Get in the Way,9689,4,205640,45
30290,Words Get in the Way,9692,4,205640,45
30291,Words Get in the Way,9806,4,205640,45
30293,Words Get in the Way,10372,4,205640,45
30295,Words Get in the Way,10544,4,205640,45
30296,Words Get in the Way,10928,4,205640,45
30297,Words Get in the Way,11131,4,205640,45
30298,Words Get in the Way,11327,4,205640,45
30299,Words Get in the Way,11333,4,205640,45
30300,Words Get in the Way,11339,4,205640,45
30301,Words Get in the Way,11387,4,205640,45
30302,Words Get in the Way,11404,4,205640,45
30303,Words Get in the Way,12845,4,205640,45
30304,Words Get in the Way,12897,4,205640,45
30305,Words Get in the Way,12903,4,205640,45
30307,Words Get in the Way,14029,4,205640,45
30309,Words Get in the Way,15128,4,205640,45
30310,Words Get in the Way,16344,4,205640,45
30311,Words Get in the Way,16536,4,205640,45
30312,Words Get in the Way,16537,4,205640,45
30313,Words Get in the Way,16624,4,205640,45
30314,Words Get in the Way,16641,4,205640,45
30315,Words Get in the Way,16664,4,205640,45
30316,Words Get in the Way,16793,4,205640,45
30319,Ayer,12555,4,314867,45
30321,Coming Out of the Dark,12898,4,243227,33
30322,No Te Olvidaré,12890,4,242467,39
30323,No Te Olvidaré,12896,4,242467,39
30325,Anything for You,741,4,241627,40
30327,Anything for You,2850,4,241627,40
30329,Anything for You,5530,4,241627,40
30330,Anything for You,5535,4,241627,40
30331,Anything for You,5630,4,241627,40
30332,Anything for You,5633,4,241627,40
30335,Anything for You,6183,4,241627,40
30336,Anything for You,6234,4,241627,40
30337,Anything for You,6555,4,241627,40
30338,Anything for You,6830,4,241627,40
30339,Anything for You,6872,4,241627,40
30340,Anything for You,8442,4,241627,40
30341,Anything for You,8676,4,241627,40
30342,Anything for You,8778,4,241627,40
30343,Anything for You,9048,4,241627,40
30344,Anything for You,9072,4,241627,40
30345,Anything for You,9120,4,241627,40
30346,Anything for You,9175,4,241627,40
30348,Anything for You,9283,4,241627,40
30349,Anything for You,9458,4,241627,40
30350,Anything for You,9465,4,241627,40
30351,Anything for You,9505,4,241627,40
30352,Anything for You,9507,4,241627,40
30353,Anything for You,9519,4,241627,40
30354,Anything for You,9643,4,241627,40
30355,Anything for You,9669,4,241627,40
30356,Anything for You,9689,4,241627,40
30357,Anything for You,9692,4,241627,40
30358,Anything for You,9806,4,241627,40
30360,Anything for You,10372,4,241627,40
30362,Anything for You,10544,4,241627,40
30363,Anything for You,10928,4,241627,40
30364,Anything for You,11131,4,241627,40
30365,Anything for You,11327,4,241627,40
30366,Anything for You,11333,4,241627,40
30367,Anything for You,11339,4,241627,40
30368,Anything for You,11387,4,241627,40
30369,Anything for You,11404,4,241627,40
30370,Anything for You,12845,4,241627,40
30371,Anything for You,12897,4,241627,40
30372,Anything for You,12903,4,241627,40
30374,Anything for You,14029,4,241627,40
30376,Anything for You,15128,4,241627,40
30377,Anything for You,16344,4,241627,40
30378,Anything for You,16536,4,241627,40
30379,Anything for You,16537,4,241627,40
30380,Anything for You,16624,4,241627,40
30381,Anything for You,16641,4,241627,40
30382,Anything for You,16664,4,241627,40
30383,Anything for You,16793,4,241627,40
30386,Abriendo Puertas,12899,4,232893,44
30388,Mi Buen Amor,12555,4,227600,48
30389,Wepa,12900,4,242000,51
30390,Rhythm Is Gonna Get You,12901,4,237267,1
30391,Everlasting Love,12902,4,240720,36
30393,Music of My Heart,741,4,271160,43
30395,Music of My Heart,2850,4,271160,43
30397,Music of My Heart,5530,4,271160,43
30398,Music of My Heart,5535,4,271160,43
30399,Music of My Heart,5630,4,271160,43
30400,Music of My Heart,5633,4,271160,43
30403,Music of My Heart,6183,4,271160,43
30404,Music of My Heart,6234,4,271160,43
30405,Music of My Heart,6555,4,271160,43
30406,Music of My Heart,6830,4,271160,43
30407,Music of My Heart,6872,4,271160,43
30408,Music of My Heart,8442,4,271160,43
30409,Music of My Heart,8676,4,271160,43
30410,Music of My Heart,8778,4,271160,43
30411,Music of My Heart,9048,4,271160,43
30412,Music of My Heart,9072,4,271160,43
30413,Music of My Heart,9120,4,271160,43
30414,Music of My Heart,9175,4,271160,43
30416,Music of My Heart,9283,4,271160,43
30417,Music of My Heart,9458,4,271160,43
30418,Music of My Heart,9465,4,271160,43
30419,Music of My Heart,9505,4,271160,43
30420,Music of My Heart,9507,4,271160,43
30421,Music of My Heart,9519,4,271160,43
30422,Music of My Heart,9643,4,271160,43
30423,Music of My Heart,9669,4,271160,43
30424,Music of My Heart,9689,4,271160,43
30425,Music of My Heart,9692,4,271160,43
30426,Music of My Heart,9806,4,271160,43
30428,Music of My Heart,10372,4,271160,43
30430,Music of My Heart,10544,4,271160,43
30431,Music of My Heart,10928,4,271160,43
30432,Music of My Heart,11131,4,271160,43
30433,Music of My Heart,11327,4,271160,43
30434,Music of My Heart,11333,4,271160,43
30435,Music of My Heart,11339,4,271160,43
30436,Music of My Heart,11387,4,271160,43
30437,Music of My Heart,11404,4,271160,43
30438,Music of My Heart,12845,4,271160,43
30439,Music of My Heart,12897,4,271160,43
30440,Music of My Heart,12903,4,271160,43
30442,Music of My Heart,14029,4,271160,43
30444,Music of My Heart,15128,4,271160,43
30445,Music of My Heart,16344,4,271160,43
30446,Music of My Heart,16536,4,271160,43
30447,Music of My Heart,16537,4,271160,43
30448,Music of My Heart,16624,4,271160,43
30449,Music of My Heart,16641,4,271160,43
30450,Music of My Heart,16664,4,271160,43
30451,Music of My Heart,16793,4,271160,43
30454,Tus Ojos,12555,4,250867,40
30455,Turn the Beat Around,12904,4,233200,42
30456,Turn the Beat Around,12913,4,233200,42
30457,Tres Gotas De Agua Bendita,12905,4,255747,39
30458,1-2-3 - Single Version,12902,4,215880,37
30459,Here We Are,12891,4,288763,43
30460,Here We Are,12894,4,288763,43
30461,Hablemos el Mismo Idioma,12555,4,283707,37
30462,No Me Dejes de Querer,12545,4,208427,36
30463,Reach (NBC Olympic Version),12906,4,230133,45
30465,No Llores,12908,4,249827,31
30466,One Day at a Time,12909,4,66839,0
30467,Cuts Both Ways,12891,4,193608,41
30468,Cuts Both Ways,12894,4,193608,41
30470,I See Your Smile,741,4,274133,34
30472,I See Your Smile,2850,4,274133,34
30474,I See Your Smile,5530,4,274133,34
30475,I See Your Smile,5535,4,274133,34
30476,I See Your Smile,5630,4,274133,34
30477,I See Your Smile,5633,4,274133,34
30480,I See Your Smile,6183,4,274133,34
30481,I See Your Smile,6234,4,274133,34
30482,I See Your Smile,6555,4,274133,34
30483,I See Your Smile,6830,4,274133,34
30484,I See Your Smile,6872,4,274133,34
30485,I See Your Smile,8442,4,274133,34
30486,I See Your Smile,8676,4,274133,34
30487,I See Your Smile,8778,4,274133,34
30488,I See Your Smile,9048,4,274133,34
30489,I See Your Smile,9072,4,274133,34
30490,I See Your Smile,9120,4,274133,34
30491,I See Your Smile,9175,4,274133,34
30493,I See Your Smile,9283,4,274133,34
30494,I See Your Smile,9458,4,274133,34
30495,I See Your Smile,9465,4,274133,34
30496,I See Your Smile,9505,4,274133,34
30497,I See Your Smile,9507,4,274133,34
30498,I See Your Smile,9519,4,274133,34
30499,I See Your Smile,9643,4,274133,34
30500,I See Your Smile,9669,4,274133,34
30501,I See Your Smile,9689,4,274133,34
30502,I See Your Smile,9692,4,274133,34
30503,I See Your Smile,9806,4,274133,34
30505,I See Your Smile,10372,4,274133,34
30507,I See Your Smile,10544,4,274133,34
30508,I See Your Smile,10928,4,274133,34
30509,I See Your Smile,11131,4,274133,34
30510,I See Your Smile,11327,4,274133,34
30511,I See Your Smile,11333,4,274133,34
30512,I See Your Smile,11339,4,274133,34
30513,I See Your Smile,11387,4,274133,34
30514,I See Your Smile,11404,4,274133,34
30515,I See Your Smile,12845,4,274133,34
30516,I See Your Smile,12897,4,274133,34
30517,I See Your Smile,12903,4,274133,34
30519,I See Your Smile,14029,4,274133,34
30521,I See Your Smile,15128,4,274133,34
30522,I See Your Smile,16344,4,274133,34
30523,I See Your Smile,16536,4,274133,34
30524,I See Your Smile,16537,4,274133,34
30525,I See Your Smile,16624,4,274133,34
30526,I See Your Smile,16641,4,274133,34
30527,I See Your Smile,16664,4,274133,34
30528,I See Your Smile,16793,4,274133,34
30531,Píntame De Colores,12908,4,212373,31
30532,No Será Fácil,12890,4,278400,33
30533,No Será Fácil,12896,4,278400,33
30534,Tres Deseos (Three Wishes),12899,4,212373,37
30536,Oye Mi Canto - Single Version,12911,4,247707,38
30537,A Bailar,12908,4,222307,29
30538,Por un Beso,12545,4,301693,31
30539,Tu Fotografia,12912,4,228307,34
30540,It's Too Late,12904,4,237627,34
30541,It's Too Late,12913,4,237627,34
30542,Lo Nuestro,12908,4,254360,29
30543,Dr. Beat,12890,4,262093,35
30544,Dr. Beat,12896,4,262093,35
30545,"Hold Me, Thrill Me, Kiss Me",12904,4,202333,33
30546,"Hold Me, Thrill Me, Kiss Me",12913,4,202333,33
30547,Un día a la vez,12909,4,66837,0
30670,Everlong - Acoustic Version,741,4,250907,69
30672,Everlong - Acoustic Version,2850,4,250907,69
30674,Everlong - Acoustic Version,5530,4,250907,69
30675,Everlong - Acoustic Version,5535,4,250907,69
30676,Everlong - Acoustic Version,5630,4,250907,69
30677,Everlong - Acoustic Version,5633,4,250907,69
30680,Everlong - Acoustic Version,6183,4,250907,69
30681,Everlong - Acoustic Version,6234,4,250907,69
30682,Everlong - Acoustic Version,6555,4,250907,69
30683,Everlong - Acoustic Version,6830,4,250907,69
30684,Everlong - Acoustic Version,6872,4,250907,69
30685,Everlong - Acoustic Version,8442,4,250907,69
30686,Everlong - Acoustic Version,8676,4,250907,69
30687,Everlong - Acoustic Version,8778,4,250907,69
30688,Everlong - Acoustic Version,9048,4,250907,69
30689,Everlong - Acoustic Version,9072,4,250907,69
30690,Everlong - Acoustic Version,9120,4,250907,69
30691,Everlong - Acoustic Version,9175,4,250907,69
30693,Everlong - Acoustic Version,9283,4,250907,69
30694,Everlong - Acoustic Version,9458,4,250907,69
30695,Everlong - Acoustic Version,9465,4,250907,69
30696,Everlong - Acoustic Version,9505,4,250907,69
30697,Everlong - Acoustic Version,9507,4,250907,69
30698,Everlong - Acoustic Version,9519,4,250907,69
30699,Everlong - Acoustic Version,9643,4,250907,69
30700,Everlong - Acoustic Version,9669,4,250907,69
30701,Everlong - Acoustic Version,9689,4,250907,69
30702,Everlong - Acoustic Version,9692,4,250907,69
30703,Everlong - Acoustic Version,9806,4,250907,69
30705,Everlong - Acoustic Version,10372,4,250907,69
30707,Everlong - Acoustic Version,10544,4,250907,69
30708,Everlong - Acoustic Version,10928,4,250907,69
30709,Everlong - Acoustic Version,11131,4,250907,69
30710,Everlong - Acoustic Version,11327,4,250907,69
30711,Everlong - Acoustic Version,11333,4,250907,69
30712,Everlong - Acoustic Version,11339,4,250907,69
30713,Everlong - Acoustic Version,11387,4,250907,69
30714,Everlong - Acoustic Version,11404,4,250907,69
30715,Everlong - Acoustic Version,12845,4,250907,69
30716,Everlong - Acoustic Version,12897,4,250907,69
30717,Everlong - Acoustic Version,12903,4,250907,69
30719,Everlong - Acoustic Version,14029,4,250907,69
30721,Everlong - Acoustic Version,15128,4,250907,69
30722,Everlong - Acoustic Version,16344,4,250907,69
30723,Everlong - Acoustic Version,16536,4,250907,69
30724,Everlong - Acoustic Version,16537,4,250907,69
30725,Everlong - Acoustic Version,16624,4,250907,69
30726,Everlong - Acoustic Version,16641,4,250907,69
30727,Everlong - Acoustic Version,16664,4,250907,69
30728,Everlong - Acoustic Version,16793,4,250907,69
30775,Livin' On The Edge - Acoustic Version,16406,4,337667,25
30778,Livin' On The Edge - Acoustic Version,16448,4,337667,25
31064,Call You Mine,81,4,217653,62
31078,Takeaway (feat. Lennon Stella),81,4,209893,67
31095,Closer (feat. Halsey),135,4,244960,85
31105,Money In The Grave (Drake ft. Rick Ross),4887,4,205427,88
31596,Nonstop,2359,4,238614,82
32575,Mala Suerte - Remix,13844,4,266867,54
32866,Call You Mine,81,4,217653,62
32881,Takeaway (feat. Lennon Stella),81,4,209893,67
32899,Closer (feat. Halsey),135,4,244960,85
32909,Money In The Grave (Drake ft. Rick Ross),4887,4,205427,88
33175,A Day In My Life (Without You),741,4,235040,0
33177,A Day In My Life (Without You),2850,4,235040,0
33179,A Day In My Life (Without You),5530,4,235040,0
33180,A Day In My Life (Without You),5535,4,235040,0
33181,A Day In My Life (Without You),5630,4,235040,0
33182,A Day In My Life (Without You),5633,4,235040,0
33185,A Day In My Life (Without You),6183,4,235040,0
33186,A Day In My Life (Without You),6234,4,235040,0
33187,A Day In My Life (Without You),6555,4,235040,0
33188,A Day In My Life (Without You),6830,4,235040,0
33189,A Day In My Life (Without You),6872,4,235040,0
33190,A Day In My Life (Without You),8442,4,235040,0
33191,A Day In My Life (Without You),8676,4,235040,0
33192,A Day In My Life (Without You),8778,4,235040,0
33193,A Day In My Life (Without You),9048,4,235040,0
33194,A Day In My Life (Without You),9072,4,235040,0
33195,A Day In My Life (Without You),9120,4,235040,0
33196,A Day In My Life (Without You),9175,4,235040,0
33198,A Day In My Life (Without You),9283,4,235040,0
33199,A Day In My Life (Without You),9458,4,235040,0
33200,A Day In My Life (Without You),9465,4,235040,0
33201,A Day In My Life (Without You),9505,4,235040,0
33202,A Day In My Life (Without You),9507,4,235040,0
33203,A Day In My Life (Without You),9519,4,235040,0
33204,A Day In My Life (Without You),9643,4,235040,0
33205,A Day In My Life (Without You),9669,4,235040,0
33206,A Day In My Life (Without You),9689,4,235040,0
33207,A Day In My Life (Without You),9692,4,235040,0
33208,A Day In My Life (Without You),9806,4,235040,0
33210,A Day In My Life (Without You),10372,4,235040,0
33212,A Day In My Life (Without You),10544,4,235040,0
33213,A Day In My Life (Without You),10928,4,235040,0
33214,A Day In My Life (Without You),11131,4,235040,0
33215,A Day In My Life (Without You),11327,4,235040,0
33216,A Day In My Life (Without You),11333,4,235040,0
33217,A Day In My Life (Without You),11339,4,235040,0
33218,A Day In My Life (Without You),11387,4,235040,0
33219,A Day In My Life (Without You),11404,4,235040,0
33220,A Day In My Life (Without You),12845,4,235040,0
33221,A Day In My Life (Without You),12897,4,235040,0
33222,A Day In My Life (Without You),12903,4,235040,0
33224,A Day In My Life (Without You),14029,4,235040,0
33226,A Day In My Life (Without You),15128,4,235040,0
33227,A Day In My Life (Without You),16344,4,235040,0
33228,A Day In My Life (Without You),16536,4,235040,0
33229,A Day In My Life (Without You),16537,4,235040,0
33230,A Day In My Life (Without You),16624,4,235040,0
33231,A Day In My Life (Without You),16641,4,235040,0
33232,A Day In My Life (Without You),16664,4,235040,0
33233,A Day In My Life (Without You),16793,4,235040,0
33237,Together Forever,741,4,345800,0
33239,Together Forever,2850,4,345800,0
33241,Together Forever,5530,4,345800,0
33242,Together Forever,5535,4,345800,0
33243,Together Forever,5630,4,345800,0
33244,Together Forever,5633,4,345800,0
33247,Together Forever,6183,4,345800,0
33248,Together Forever,6234,4,345800,0
33249,Together Forever,6555,4,345800,0
33250,Together Forever,6830,4,345800,0
33251,Together Forever,6872,4,345800,0
33252,Together Forever,8442,4,345800,0
33253,Together Forever,8676,4,345800,0
33254,Together Forever,8778,4,345800,0
33255,Together Forever,9048,4,345800,0
33256,Together Forever,9072,4,345800,0
33257,Together Forever,9120,4,345800,0
33258,Together Forever,9175,4,345800,0
33260,Together Forever,9283,4,345800,0
33261,Together Forever,9458,4,345800,0
33262,Together Forever,9465,4,345800,0
33263,Together Forever,9505,4,345800,0
33264,Together Forever,9507,4,345800,0
33265,Together Forever,9519,4,345800,0
33266,Together Forever,9643,4,345800,0
33267,Together Forever,9669,4,345800,0
33268,Together Forever,9689,4,345800,0
33269,Together Forever,9692,4,345800,0
33270,Together Forever,9806,4,345800,0
33272,Together Forever,10372,4,345800,0
33274,Together Forever,10544,4,345800,0
33275,Together Forever,10928,4,345800,0
33276,Together Forever,11131,4,345800,0
33277,Together Forever,11327,4,345800,0
33278,Together Forever,11333,4,345800,0
33279,Together Forever,11339,4,345800,0
33280,Together Forever,11387,4,345800,0
33281,Together Forever,11404,4,345800,0
33282,Together Forever,12845,4,345800,0
33283,Together Forever,12897,4,345800,0
33284,Together Forever,12903,4,345800,0
33286,Together Forever,14029,4,345800,0
33288,Together Forever,15128,4,345800,0
33289,Together Forever,16344,4,345800,0
33290,Together Forever,16536,4,345800,0
33291,Together Forever,16537,4,345800,0
33292,Together Forever,16624,4,345800,0
33293,Together Forever,16641,4,345800,0
33294,Together Forever,16664,4,345800,0
33295,Together Forever,16793,4,345800,0
33463,Coastin',16777,4,408480,45
33471,Firme Hina,741,4,243280,20
33473,Firme Hina,2850,4,243280,20
33475,Firme Hina,5530,4,243280,20
33476,Firme Hina,5535,4,243280,20
33477,Firme Hina,5630,4,243280,20
33478,Firme Hina,5633,4,243280,20
33481,Firme Hina,6183,4,243280,20
33482,Firme Hina,6234,4,243280,20
33483,Firme Hina,6555,4,243280,20
33484,Firme Hina,6830,4,243280,20
33485,Firme Hina,6872,4,243280,20
33486,Firme Hina,8442,4,243280,20
33487,Firme Hina,8676,4,243280,20
33488,Firme Hina,8778,4,243280,20
33489,Firme Hina,9048,4,243280,20
33490,Firme Hina,9072,4,243280,20
33491,Firme Hina,9120,4,243280,20
33492,Firme Hina,9175,4,243280,20
33494,Firme Hina,9283,4,243280,20
33495,Firme Hina,9458,4,243280,20
33496,Firme Hina,9465,4,243280,20
33497,Firme Hina,9505,4,243280,20
33498,Firme Hina,9507,4,243280,20
33499,Firme Hina,9519,4,243280,20
33500,Firme Hina,9643,4,243280,20
33501,Firme Hina,9669,4,243280,20
33502,Firme Hina,9689,4,243280,20
33503,Firme Hina,9692,4,243280,20
33504,Firme Hina,9806,4,243280,20
33506,Firme Hina,10372,4,243280,20
33508,Firme Hina,10544,4,243280,20
33509,Firme Hina,10928,4,243280,20
33510,Firme Hina,11131,4,243280,20
33511,Firme Hina,11327,4,243280,20
33512,Firme Hina,11333,4,243280,20
33513,Firme Hina,11339,4,243280,20
33514,Firme Hina,11387,4,243280,20
33515,Firme Hina,11404,4,243280,20
33516,Firme Hina,12845,4,243280,20
33517,Firme Hina,12897,4,243280,20
33518,Firme Hina,12903,4,243280,20
33520,Firme Hina,14029,4,243280,20
33522,Firme Hina,15128,4,243280,20
33523,Firme Hina,16344,4,243280,20
33524,Firme Hina,16536,4,243280,20
33525,Firme Hina,16537,4,243280,20
33526,Firme Hina,16624,4,243280,20
33527,Firme Hina,16641,4,243280,20
33528,Firme Hina,16664,4,243280,20
33529,Firme Hina,16793,4,243280,20
33548,Armageddon,18757,4,197427,7
33608,To Dago From LA,14076,4,232280,11
34120,One Dance,1865,4,173987,68
34121,One Dance,2386,4,173987,68
34122,Too Good,1865,4,263373,59
34123,Too Good,2386,4,263373,59
34124,Controlla,1865,4,245227,62
34125,Controlla,2386,4,245227,62
34126,Jumpman,4963,4,205879,75
34128,Pop Style,1865,4,212947,51
34129,Pop Style,2386,4,212947,51
34170,Pedro Navaja,8807,4,443480,9
34186,Calle Luna Calle Sol,8807,4,225493,2
34234,Fake Love,14288,4,207813,6
34324,I'll Be Loving You,9312,4,250093,33
34350,Crush On You,4959,4,272493,43
34387,Danger,741,4,371267,48
34389,Danger,2850,4,371267,48
34391,Danger,5530,4,371267,48
34392,Danger,5535,4,371267,48
34393,Danger,5630,4,371267,48
34394,Danger,5633,4,371267,48
34397,Danger,6183,4,371267,48
34398,Danger,6234,4,371267,48
34399,Danger,6555,4,371267,48
34400,Danger,6830,4,371267,48
34401,Danger,6872,4,371267,48
34402,Danger,8442,4,371267,48
34403,Danger,8676,4,371267,48
34404,Danger,8778,4,371267,48
34405,Danger,9048,4,371267,48
34406,Danger,9072,4,371267,48
34407,Danger,9120,4,371267,48
34408,Danger,9175,4,371267,48
34410,Danger,9283,4,371267,48
34411,Danger,9458,4,371267,48
34412,Danger,9465,4,371267,48
34413,Danger,9505,4,371267,48
34414,Danger,9507,4,371267,48
34415,Danger,9519,4,371267,48
34416,Danger,9643,4,371267,48
34417,Danger,9669,4,371267,48
34418,Danger,9689,4,371267,48
34419,Danger,9692,4,371267,48
34420,Danger,9806,4,371267,48
34422,Danger,10372,4,371267,48
34424,Danger,10544,4,371267,48
34425,Danger,10928,4,371267,48
34426,Danger,11131,4,371267,48
34427,Danger,11327,4,371267,48
34428,Danger,11333,4,371267,48
34429,Danger,11339,4,371267,48
34430,Danger,11387,4,371267,48
34431,Danger,11404,4,371267,48
34432,Danger,12845,4,371267,48
34433,Danger,12897,4,371267,48
34434,Danger,12903,4,371267,48
34436,Danger,14029,4,371267,48
34438,Danger,15128,4,371267,48
34439,Danger,16344,4,371267,48
34440,Danger,16536,4,371267,48
34441,Danger,16537,4,371267,48
34442,Danger,16624,4,371267,48
34443,Danger,16641,4,371267,48
34444,Danger,16664,4,371267,48
34445,Danger,16793,4,371267,48
34917,One Dance,1865,4,173987,20
34918,One Dance,2386,4,173987,20
34919,Too Good,1865,4,263373,12
34920,Too Good,2386,4,263373,12
34921,Hotline Bling,2247,4,267024,10
35148,You're The One That I Want - From “Grease”,16406,4,167613,10
35151,You're The One That I Want - From “Grease”,16448,4,167613,10
35296,No Te Hagas,8345,4,233251,67
35307,Matador (feat. Ñengo Flow),741,4,248530,39
35309,Matador (feat. Ñengo Flow),2850,4,248530,39
35311,Matador (feat. Ñengo Flow),5530,4,248530,39
35312,Matador (feat. Ñengo Flow),5535,4,248530,39
35313,Matador (feat. Ñengo Flow),5630,4,248530,39
35314,Matador (feat. Ñengo Flow),5633,4,248530,39
35317,Matador (feat. Ñengo Flow),6183,4,248530,39
35318,Matador (feat. Ñengo Flow),6234,4,248530,39
35319,Matador (feat. Ñengo Flow),6555,4,248530,39
35320,Matador (feat. Ñengo Flow),6830,4,248530,39
35321,Matador (feat. Ñengo Flow),6872,4,248530,39
35322,Matador (feat. Ñengo Flow),8442,4,248530,39
35323,Matador (feat. Ñengo Flow),8676,4,248530,39
35324,Matador (feat. Ñengo Flow),8778,4,248530,39
35325,Matador (feat. Ñengo Flow),9048,4,248530,39
35326,Matador (feat. Ñengo Flow),9072,4,248530,39
35327,Matador (feat. Ñengo Flow),9120,4,248530,39
35328,Matador (feat. Ñengo Flow),9175,4,248530,39
35330,Matador (feat. Ñengo Flow),9283,4,248530,39
35331,Matador (feat. Ñengo Flow),9458,4,248530,39
35332,Matador (feat. Ñengo Flow),9465,4,248530,39
35333,Matador (feat. Ñengo Flow),9505,4,248530,39
35334,Matador (feat. Ñengo Flow),9507,4,248530,39
35335,Matador (feat. Ñengo Flow),9519,4,248530,39
35336,Matador (feat. Ñengo Flow),9643,4,248530,39
35337,Matador (feat. Ñengo Flow),9669,4,248530,39
35338,Matador (feat. Ñengo Flow),9689,4,248530,39
35339,Matador (feat. Ñengo Flow),9692,4,248530,39
35340,Matador (feat. Ñengo Flow),9806,4,248530,39
35342,Matador (feat. Ñengo Flow),10372,4,248530,39
35344,Matador (feat. Ñengo Flow),10544,4,248530,39
35345,Matador (feat. Ñengo Flow),10928,4,248530,39
35346,Matador (feat. Ñengo Flow),11131,4,248530,39
35347,Matador (feat. Ñengo Flow),11327,4,248530,39
35348,Matador (feat. Ñengo Flow),11333,4,248530,39
35349,Matador (feat. Ñengo Flow),11339,4,248530,39
35350,Matador (feat. Ñengo Flow),11387,4,248530,39
35351,Matador (feat. Ñengo Flow),11404,4,248530,39
35352,Matador (feat. Ñengo Flow),12845,4,248530,39
35353,Matador (feat. Ñengo Flow),12897,4,248530,39
35354,Matador (feat. Ñengo Flow),12903,4,248530,39
35356,Matador (feat. Ñengo Flow),14029,4,248530,39
35358,Matador (feat. Ñengo Flow),15128,4,248530,39
35359,Matador (feat. Ñengo Flow),16344,4,248530,39
35360,Matador (feat. Ñengo Flow),16536,4,248530,39
35361,Matador (feat. Ñengo Flow),16537,4,248530,39
35362,Matador (feat. Ñengo Flow),16624,4,248530,39
35363,Matador (feat. Ñengo Flow),16641,4,248530,39
35364,Matador (feat. Ñengo Flow),16664,4,248530,39
35365,Matador (feat. Ñengo Flow),16793,4,248530,39
35378,De Ti Depende (feat. Plan B),741,4,235652,41
35380,De Ti Depende (feat. Plan B),2850,4,235652,41
35382,De Ti Depende (feat. Plan B),5530,4,235652,41
35383,De Ti Depende (feat. Plan B),5535,4,235652,41
35384,De Ti Depende (feat. Plan B),5630,4,235652,41
35385,De Ti Depende (feat. Plan B),5633,4,235652,41
35388,De Ti Depende (feat. Plan B),6183,4,235652,41
35389,De Ti Depende (feat. Plan B),6234,4,235652,41
35390,De Ti Depende (feat. Plan B),6555,4,235652,41
35391,De Ti Depende (feat. Plan B),6830,4,235652,41
35392,De Ti Depende (feat. Plan B),6872,4,235652,41
35393,De Ti Depende (feat. Plan B),8442,4,235652,41
35394,De Ti Depende (feat. Plan B),8676,4,235652,41
35395,De Ti Depende (feat. Plan B),8778,4,235652,41
35396,De Ti Depende (feat. Plan B),9048,4,235652,41
35397,De Ti Depende (feat. Plan B),9072,4,235652,41
35398,De Ti Depende (feat. Plan B),9120,4,235652,41
35399,De Ti Depende (feat. Plan B),9175,4,235652,41
35401,De Ti Depende (feat. Plan B),9283,4,235652,41
35402,De Ti Depende (feat. Plan B),9458,4,235652,41
35403,De Ti Depende (feat. Plan B),9465,4,235652,41
35404,De Ti Depende (feat. Plan B),9505,4,235652,41
35405,De Ti Depende (feat. Plan B),9507,4,235652,41
35406,De Ti Depende (feat. Plan B),9519,4,235652,41
35407,De Ti Depende (feat. Plan B),9643,4,235652,41
35408,De Ti Depende (feat. Plan B),9669,4,235652,41
35409,De Ti Depende (feat. Plan B),9689,4,235652,41
35410,De Ti Depende (feat. Plan B),9692,4,235652,41
35411,De Ti Depende (feat. Plan B),9806,4,235652,41
35413,De Ti Depende (feat. Plan B),10372,4,235652,41
35415,De Ti Depende (feat. Plan B),10544,4,235652,41
35416,De Ti Depende (feat. Plan B),10928,4,235652,41
35417,De Ti Depende (feat. Plan B),11131,4,235652,41
35418,De Ti Depende (feat. Plan B),11327,4,235652,41
35419,De Ti Depende (feat. Plan B),11333,4,235652,41
35420,De Ti Depende (feat. Plan B),11339,4,235652,41
35421,De Ti Depende (feat. Plan B),11387,4,235652,41
35422,De Ti Depende (feat. Plan B),11404,4,235652,41
35423,De Ti Depende (feat. Plan B),12845,4,235652,41
35424,De Ti Depende (feat. Plan B),12897,4,235652,41
35425,De Ti Depende (feat. Plan B),12903,4,235652,41
35427,De Ti Depende (feat. Plan B),14029,4,235652,41
35429,De Ti Depende (feat. Plan B),15128,4,235652,41
35430,De Ti Depende (feat. Plan B),16344,4,235652,41
35431,De Ti Depende (feat. Plan B),16536,4,235652,41
35432,De Ti Depende (feat. Plan B),16537,4,235652,41
35433,De Ti Depende (feat. Plan B),16624,4,235652,41
35434,De Ti Depende (feat. Plan B),16641,4,235652,41
35435,De Ti Depende (feat. Plan B),16664,4,235652,41
35436,De Ti Depende (feat. Plan B),16793,4,235652,41
35525,Forever,498,5,202667,71
35527,Forever,6257,5,202667,71
35531,Forever,16604,5,202667,71
35591,Behind Barz - Bonus,4733,5,163121,77
35687,Do You Mean (feat. Ty Dolla $ign & bülow),81,5,193176,48
35713,Takeaway (feat. Lennon Stella),81,5,209893,67
35974,Crew Love,6324,5,208813,51
35997,Get It Together,2387,5,250337,69
35998,Summers Over Interlude,1865,5,106333,57
35999,Summers Over Interlude,2386,5,106333,57
36008,Jaded,2359,5,262453,68
36014,Poison,18660,5,212992,68
36067,Pony,15051,5,251733,72
36109,I Wanna Know,15078,5,296693,64
36110,I Wanna Know,16847,5,296693,64
36153,Lovergirl,15051,5,259560,46
36173,I Like The Way,741,5,350267,54
36175,I Like The Way,2850,5,350267,54
36177,I Like The Way,5530,5,350267,54
36178,I Like The Way,5535,5,350267,54
36179,I Like The Way,5630,5,350267,54
36180,I Like The Way,5633,5,350267,54
36183,I Like The Way,6183,5,350267,54
36184,I Like The Way,6234,5,350267,54
36185,I Like The Way,6555,5,350267,54
36186,I Like The Way,6830,5,350267,54
36187,I Like The Way,6872,5,350267,54
36188,I Like The Way,8442,5,350267,54
36189,I Like The Way,8676,5,350267,54
36190,I Like The Way,8778,5,350267,54
36191,I Like The Way,9048,5,350267,54
36192,I Like The Way,9072,5,350267,54
36193,I Like The Way,9120,5,350267,54
36194,I Like The Way,9175,5,350267,54
36196,I Like The Way,9283,5,350267,54
36197,I Like The Way,9458,5,350267,54
36198,I Like The Way,9465,5,350267,54
36199,I Like The Way,9505,5,350267,54
36200,I Like The Way,9507,5,350267,54
36201,I Like The Way,9519,5,350267,54
36202,I Like The Way,9643,5,350267,54
36203,I Like The Way,9669,5,350267,54
36204,I Like The Way,9689,5,350267,54
36205,I Like The Way,9692,5,350267,54
36206,I Like The Way,9806,5,350267,54
36208,I Like The Way,10372,5,350267,54
36210,I Like The Way,10544,5,350267,54
36211,I Like The Way,10928,5,350267,54
36212,I Like The Way,11131,5,350267,54
36213,I Like The Way,11327,5,350267,54
36214,I Like The Way,11333,5,350267,54
36215,I Like The Way,11339,5,350267,54
36216,I Like The Way,11387,5,350267,54
36217,I Like The Way,11404,5,350267,54
36218,I Like The Way,12845,5,350267,54
36219,I Like The Way,12897,5,350267,54
36220,I Like The Way,12903,5,350267,54
36222,I Like The Way,14029,5,350267,54
36224,I Like The Way,15128,5,350267,54
36225,I Like The Way,16344,5,350267,54
36226,I Like The Way,16536,5,350267,54
36227,I Like The Way,16537,5,350267,54
36228,I Like The Way,16624,5,350267,54
36229,I Like The Way,16641,5,350267,54
36230,I Like The Way,16664,5,350267,54
36231,I Like The Way,16793,5,350267,54
36241,"Bump, Bump, Bump",15133,5,278573,53
36250,My Prerogative,6180,5,291560,56
36251,My Prerogative,16341,5,291560,56
36259,Dreams Money Can Buy,15146,5,253803,61
36302,Money In The Grave (Drake ft. Rick Ross),4887,5,205427,88
36309,Forever,498,5,172245,72
36311,Forever,6257,5,172245,72
36315,Forever,16604,5,172245,72
36321,How Bout Now,15146,5,235566,66
36323,Jodeci Freestyle (feat. J. Cole),15146,5,254022,57
36397,Good Girls,15198,5,297040,46
36398,All The Things (Your Man Won't Do),15198,5,380533,59
36399,All That I Am,15198,5,252120,39
36563,Jaded,2359,5,262453,4
36565,Summer Games,2359,5,247893,4
36568,Fake Love,2387,5,210937,75
36569,One Dance,1865,5,173987,83
36570,One Dance,2386,5,173987,83
36571,Jungle,15302,5,320400,70
36572,Crew Love,6324,5,208813,69
36573,Take Care,6324,5,277387,71
36574,Marvins Room,6324,5,347227,74
36680,0 To 100 / The Catch Up,15343,5,275227,5
36701,The Language,15358,5,224040,53
36732,6 Man,15302,5,167653,1
36733,Used To,15302,5,268480,0
36734,No Tellin',15302,5,310933,1
36844,If I Ever Fall In Love,16566,5,189885,38
37261,Tradición,12555,5,320027,32
37329,"Through the Eyes of Love (Theme from the Motion Picture ""Ice Castles"")",9107,5,254493,6
37372,American Girl,8987,5,214733,73
37421,Thank You (Falettinme Be Mice Elf Agin) - single master,741,5,291320,54
37423,Thank You (Falettinme Be Mice Elf Agin) - single master,2850,5,291320,54
37425,Thank You (Falettinme Be Mice Elf Agin) - single master,5530,5,291320,54
37426,Thank You (Falettinme Be Mice Elf Agin) - single master,5535,5,291320,54
37427,Thank You (Falettinme Be Mice Elf Agin) - single master,5630,5,291320,54
37428,Thank You (Falettinme Be Mice Elf Agin) - single master,5633,5,291320,54
37431,Thank You (Falettinme Be Mice Elf Agin) - single master,6183,5,291320,54
37432,Thank You (Falettinme Be Mice Elf Agin) - single master,6234,5,291320,54
37433,Thank You (Falettinme Be Mice Elf Agin) - single master,6555,5,291320,54
37434,Thank You (Falettinme Be Mice Elf Agin) - single master,6830,5,291320,54
37435,Thank You (Falettinme Be Mice Elf Agin) - single master,6872,5,291320,54
37436,Thank You (Falettinme Be Mice Elf Agin) - single master,8442,5,291320,54
37437,Thank You (Falettinme Be Mice Elf Agin) - single master,8676,5,291320,54
37438,Thank You (Falettinme Be Mice Elf Agin) - single master,8778,5,291320,54
37439,Thank You (Falettinme Be Mice Elf Agin) - single master,9048,5,291320,54
37440,Thank You (Falettinme Be Mice Elf Agin) - single master,9072,5,291320,54
37441,Thank You (Falettinme Be Mice Elf Agin) - single master,9120,5,291320,54
37442,Thank You (Falettinme Be Mice Elf Agin) - single master,9175,5,291320,54
37444,Thank You (Falettinme Be Mice Elf Agin) - single master,9283,5,291320,54
37445,Thank You (Falettinme Be Mice Elf Agin) - single master,9458,5,291320,54
37446,Thank You (Falettinme Be Mice Elf Agin) - single master,9465,5,291320,54
37447,Thank You (Falettinme Be Mice Elf Agin) - single master,9505,5,291320,54
37448,Thank You (Falettinme Be Mice Elf Agin) - single master,9507,5,291320,54
37449,Thank You (Falettinme Be Mice Elf Agin) - single master,9519,5,291320,54
37450,Thank You (Falettinme Be Mice Elf Agin) - single master,9643,5,291320,54
37451,Thank You (Falettinme Be Mice Elf Agin) - single master,9669,5,291320,54
37452,Thank You (Falettinme Be Mice Elf Agin) - single master,9689,5,291320,54
37453,Thank You (Falettinme Be Mice Elf Agin) - single master,9692,5,291320,54
37454,Thank You (Falettinme Be Mice Elf Agin) - single master,9806,5,291320,54
37456,Thank You (Falettinme Be Mice Elf Agin) - single master,10372,5,291320,54
37458,Thank You (Falettinme Be Mice Elf Agin) - single master,10544,5,291320,54
37459,Thank You (Falettinme Be Mice Elf Agin) - single master,10928,5,291320,54
37460,Thank You (Falettinme Be Mice Elf Agin) - single master,11131,5,291320,54
37461,Thank You (Falettinme Be Mice Elf Agin) - single master,11327,5,291320,54
37462,Thank You (Falettinme Be Mice Elf Agin) - single master,11333,5,291320,54
37463,Thank You (Falettinme Be Mice Elf Agin) - single master,11339,5,291320,54
37464,Thank You (Falettinme Be Mice Elf Agin) - single master,11387,5,291320,54
37465,Thank You (Falettinme Be Mice Elf Agin) - single master,11404,5,291320,54
37466,Thank You (Falettinme Be Mice Elf Agin) - single master,12845,5,291320,54
37467,Thank You (Falettinme Be Mice Elf Agin) - single master,12897,5,291320,54
37468,Thank You (Falettinme Be Mice Elf Agin) - single master,12903,5,291320,54
37470,Thank You (Falettinme Be Mice Elf Agin) - single master,14029,5,291320,54
37472,Thank You (Falettinme Be Mice Elf Agin) - single master,15128,5,291320,54
37473,Thank You (Falettinme Be Mice Elf Agin) - single master,16344,5,291320,54
37474,Thank You (Falettinme Be Mice Elf Agin) - single master,16536,5,291320,54
37475,Thank You (Falettinme Be Mice Elf Agin) - single master,16537,5,291320,54
37476,Thank You (Falettinme Be Mice Elf Agin) - single master,16624,5,291320,54
37477,Thank You (Falettinme Be Mice Elf Agin) - single master,16641,5,291320,54
37478,Thank You (Falettinme Be Mice Elf Agin) - single master,16664,5,291320,54
37479,Thank You (Falettinme Be Mice Elf Agin) - single master,16793,5,291320,54
37494,Superstition - Single Version,16420,5,245493,6
37840,Obsessed,15806,5,242200,67
37881,One Dance,2235,5,173975,12
38037,Family,72,5,194827,85
38038,Family,521,5,194827,85
38044,Poison,18660,5,151778,47
38114,Nonstop,2359,5,238614,82
38117,Plug Walk,5688,5,175230,77
38136,God's Plan,2359,5,198973,86
38195,In My Feelings,2359,5,217925,83
38205,Nonstop,2359,5,238613,13
38208,In My Feelings,2359,5,217933,18
38211,Emotionless,2359,5,302173,6
38214,God's Plan,4929,5,198960,17
38253,Let Me Blow Ya Mind,2359,5,230133,71
38269,It Was A Good Day,5553,5,260000,74
38270,"Bump, Bump, Bump",15133,5,278573,53
38285,Mo Money Mo Problems (feat. Puff Daddy & Mase) - 2014 Remaster,6797,5,257400,72
38295,Pony,15051,5,251733,72
38312,"I Need a Girl, Pt. 2 (feat. Loon, Ginuwine & Mario Winans)",7139,5,285587,67
38317,Who's That Girl?,2359,5,281907,62
38326,Slow Motion,5729,5,248200,62
38343,In Those Jeans,15949,5,243307,61
38359,I Wanna Know,15078,5,296693,64
38360,I Wanna Know,16847,5,296693,64
38398,Somebody,488,5,221987,69
38399,Somebody,2164,5,221987,69
38400,Somebody,16193,5,221987,69
38403,Who Do You Love,15968,5,225360,11
38415,Call You Mine,81,5,217653,62
38434,Takeaway (feat. Lennon Stella),81,5,209893,67
38844,Closer (feat. Halsey),135,5,244960,85
38851,Money In The Grave (Drake ft. Rick Ross),4887,5,205427,88
38871,Sick Boy,488,5,193893,11
38872,Sick Boy,2164,5,193893,11
38873,Sick Boy,16193,5,193893,11
38897,So Far Away (feat. Jamie Scott & Romy Dya),2296,5,183637,72
38935,Signs,16217,5,234373,70
39014,Roses,152,5,226739,73
39064,The World Is Yours,6823,5,290573,60
39099,Juicy,16302,5,302667,0
39100,It Was A Good Day,6665,5,260307,60
39143,Forever,498,5,174857,35
39145,Forever,6257,5,174857,35
39149,Forever,16604,5,174857,35
39181,I Like the Way (The Kissing Game),16339,5,350267,0
39186,My Prerogative,6180,5,288800,47
39187,My Prerogative,16341,5,288800,47
39195,Here We Go Again! - Radio Edit,741,5,235200,39
39197,Here We Go Again! - Radio Edit,2850,5,235200,39
39199,Here We Go Again! - Radio Edit,5530,5,235200,39
39200,Here We Go Again! - Radio Edit,5535,5,235200,39
39201,Here We Go Again! - Radio Edit,5630,5,235200,39
39202,Here We Go Again! - Radio Edit,5633,5,235200,39
39205,Here We Go Again! - Radio Edit,6183,5,235200,39
39206,Here We Go Again! - Radio Edit,6234,5,235200,39
39207,Here We Go Again! - Radio Edit,6555,5,235200,39
39208,Here We Go Again! - Radio Edit,6830,5,235200,39
39209,Here We Go Again! - Radio Edit,6872,5,235200,39
39210,Here We Go Again! - Radio Edit,8442,5,235200,39
39211,Here We Go Again! - Radio Edit,8676,5,235200,39
39212,Here We Go Again! - Radio Edit,8778,5,235200,39
39213,Here We Go Again! - Radio Edit,9048,5,235200,39
39214,Here We Go Again! - Radio Edit,9072,5,235200,39
39215,Here We Go Again! - Radio Edit,9120,5,235200,39
39216,Here We Go Again! - Radio Edit,9175,5,235200,39
39218,Here We Go Again! - Radio Edit,9283,5,235200,39
39219,Here We Go Again! - Radio Edit,9458,5,235200,39
39220,Here We Go Again! - Radio Edit,9465,5,235200,39
39221,Here We Go Again! - Radio Edit,9505,5,235200,39
39222,Here We Go Again! - Radio Edit,9507,5,235200,39
39223,Here We Go Again! - Radio Edit,9519,5,235200,39
39224,Here We Go Again! - Radio Edit,9643,5,235200,39
39225,Here We Go Again! - Radio Edit,9669,5,235200,39
39226,Here We Go Again! - Radio Edit,9689,5,235200,39
39227,Here We Go Again! - Radio Edit,9692,5,235200,39
39228,Here We Go Again! - Radio Edit,9806,5,235200,39
39230,Here We Go Again! - Radio Edit,10372,5,235200,39
39232,Here We Go Again! - Radio Edit,10544,5,235200,39
39233,Here We Go Again! - Radio Edit,10928,5,235200,39
39234,Here We Go Again! - Radio Edit,11131,5,235200,39
39235,Here We Go Again! - Radio Edit,11327,5,235200,39
39236,Here We Go Again! - Radio Edit,11333,5,235200,39
39237,Here We Go Again! - Radio Edit,11339,5,235200,39
39238,Here We Go Again! - Radio Edit,11387,5,235200,39
39239,Here We Go Again! - Radio Edit,11404,5,235200,39
39240,Here We Go Again! - Radio Edit,12845,5,235200,39
39241,Here We Go Again! - Radio Edit,12897,5,235200,39
39242,Here We Go Again! - Radio Edit,12903,5,235200,39
39244,Here We Go Again! - Radio Edit,14029,5,235200,39
39246,Here We Go Again! - Radio Edit,15128,5,235200,39
39247,Here We Go Again! - Radio Edit,16344,5,235200,39
39248,Here We Go Again! - Radio Edit,16536,5,235200,39
39249,Here We Go Again! - Radio Edit,16537,5,235200,39
39250,Here We Go Again! - Radio Edit,16624,5,235200,39
39251,Here We Go Again! - Radio Edit,16641,5,235200,39
39252,Here We Go Again! - Radio Edit,16664,5,235200,39
39253,Here We Go Again! - Radio Edit,16793,5,235200,39
39268,If It Isn't Love - Single Version,16406,5,225573,0
39271,If It Isn't Love - Single Version,16448,5,225573,0
39287,Don't Be Cruel,6180,5,445573,35
39288,Don't Be Cruel,16341,5,445573,35
39293,Every Little Step,6180,5,236240,50
39294,Every Little Step,16341,5,236240,50
39320,Roni,6180,5,355200,40
39321,Roni,16341,5,355200,40
39362,Cool It Now - Single Version,16406,5,249600,0
39365,Cool It Now - Single Version,16448,5,249600,0
39381,One Sweet Day,16378,5,281067,68
39385,Rock Wit'cha,6180,5,286027,40
39386,Rock Wit'cha,16341,5,286027,40
39393,She's Playing Hard To Get,16381,5,275160,31
39394,She's Playing Hard To Get,16642,5,275160,31
39414,I Like The Way,741,5,350267,54
39416,I Like The Way,2850,5,350267,54
39418,I Like The Way,5530,5,350267,54
39419,I Like The Way,5535,5,350267,54
39420,I Like The Way,5630,5,350267,54
39421,I Like The Way,5633,5,350267,54
39424,I Like The Way,6183,5,350267,54
39425,I Like The Way,6234,5,350267,54
39426,I Like The Way,6555,5,350267,54
39427,I Like The Way,6830,5,350267,54
39428,I Like The Way,6872,5,350267,54
39429,I Like The Way,8442,5,350267,54
39430,I Like The Way,8676,5,350267,54
39431,I Like The Way,8778,5,350267,54
39432,I Like The Way,9048,5,350267,54
39433,I Like The Way,9072,5,350267,54
39434,I Like The Way,9120,5,350267,54
39435,I Like The Way,9175,5,350267,54
39437,I Like The Way,9283,5,350267,54
39438,I Like The Way,9458,5,350267,54
39439,I Like The Way,9465,5,350267,54
39440,I Like The Way,9505,5,350267,54
39441,I Like The Way,9507,5,350267,54
39442,I Like The Way,9519,5,350267,54
39443,I Like The Way,9643,5,350267,54
39444,I Like The Way,9669,5,350267,54
39445,I Like The Way,9689,5,350267,54
39446,I Like The Way,9692,5,350267,54
39447,I Like The Way,9806,5,350267,54
39449,I Like The Way,10372,5,350267,54
39451,I Like The Way,10544,5,350267,54
39452,I Like The Way,10928,5,350267,54
39453,I Like The Way,11131,5,350267,54
39454,I Like The Way,11327,5,350267,54
39455,I Like The Way,11333,5,350267,54
39456,I Like The Way,11339,5,350267,54
39457,I Like The Way,11387,5,350267,54
39458,I Like The Way,11404,5,350267,54
39459,I Like The Way,12845,5,350267,54
39460,I Like The Way,12897,5,350267,54
39461,I Like The Way,12903,5,350267,54
39463,I Like The Way,14029,5,350267,54
39465,I Like The Way,15128,5,350267,54
39466,I Like The Way,16344,5,350267,54
39467,I Like The Way,16536,5,350267,54
39468,I Like The Way,16537,5,350267,54
39469,I Like The Way,16624,5,350267,54
39470,I Like The Way,16641,5,350267,54
39471,I Like The Way,16664,5,350267,54
39472,I Like The Way,16793,5,350267,54
39477,Candy Rain,16706,5,271093,38
39528,My Prerogative,16406,5,295653,26
39531,My Prerogative,16448,5,295653,26
39554,Every Little Step,6180,5,237240,56
39555,Every Little Step,16341,5,237240,56
39556,My Prerogative,6180,5,291560,56
39557,My Prerogative,16341,5,291560,56
39558,Roni,6180,5,358333,53
39559,Roni,16341,5,358333,53
39560,Rock Wit'cha,6180,5,289533,52
39561,Rock Wit'cha,16341,5,289533,52
39566,Don't Be Cruel - Radio Edit,16420,5,294467,32
39568,Good Enough,16421,5,302093,0
39589,Do What I Gotta Do - Radio Edit,16406,5,279227,0
39592,Do What I Gotta Do - Radio Edit,16448,5,279227,0
39614,She's Playing Hard To Get,741,5,276573,55
39616,She's Playing Hard To Get,2850,5,276573,55
39618,She's Playing Hard To Get,5530,5,276573,55
39619,She's Playing Hard To Get,5535,5,276573,55
39620,She's Playing Hard To Get,5630,5,276573,55
39621,She's Playing Hard To Get,5633,5,276573,55
39624,She's Playing Hard To Get,6183,5,276573,55
39625,She's Playing Hard To Get,6234,5,276573,55
39626,She's Playing Hard To Get,6555,5,276573,55
39627,She's Playing Hard To Get,6830,5,276573,55
39628,She's Playing Hard To Get,6872,5,276573,55
39629,She's Playing Hard To Get,8442,5,276573,55
39630,She's Playing Hard To Get,8676,5,276573,55
39631,She's Playing Hard To Get,8778,5,276573,55
39632,She's Playing Hard To Get,9048,5,276573,55
39633,She's Playing Hard To Get,9072,5,276573,55
39634,She's Playing Hard To Get,9120,5,276573,55
39635,She's Playing Hard To Get,9175,5,276573,55
39637,She's Playing Hard To Get,9283,5,276573,55
39638,She's Playing Hard To Get,9458,5,276573,55
39639,She's Playing Hard To Get,9465,5,276573,55
39640,She's Playing Hard To Get,9505,5,276573,55
39641,She's Playing Hard To Get,9507,5,276573,55
39642,She's Playing Hard To Get,9519,5,276573,55
39643,She's Playing Hard To Get,9643,5,276573,55
39644,She's Playing Hard To Get,9669,5,276573,55
39645,She's Playing Hard To Get,9689,5,276573,55
39646,She's Playing Hard To Get,9692,5,276573,55
39647,She's Playing Hard To Get,9806,5,276573,55
39649,She's Playing Hard To Get,10372,5,276573,55
39651,She's Playing Hard To Get,10544,5,276573,55
39652,She's Playing Hard To Get,10928,5,276573,55
39653,She's Playing Hard To Get,11131,5,276573,55
39654,She's Playing Hard To Get,11327,5,276573,55
39655,She's Playing Hard To Get,11333,5,276573,55
39656,She's Playing Hard To Get,11339,5,276573,55
39657,She's Playing Hard To Get,11387,5,276573,55
39658,She's Playing Hard To Get,11404,5,276573,55
39659,She's Playing Hard To Get,12845,5,276573,55
39660,She's Playing Hard To Get,12897,5,276573,55
39661,She's Playing Hard To Get,12903,5,276573,55
39663,She's Playing Hard To Get,14029,5,276573,55
39665,She's Playing Hard To Get,15128,5,276573,55
39666,She's Playing Hard To Get,16344,5,276573,55
39667,She's Playing Hard To Get,16536,5,276573,55
39668,She's Playing Hard To Get,16537,5,276573,55
39669,She's Playing Hard To Get,16624,5,276573,55
39670,She's Playing Hard To Get,16641,5,276573,55
39671,She's Playing Hard To Get,16664,5,276573,55
39672,She's Playing Hard To Get,16793,5,276573,55
39676,Quality Time,741,5,283067,32
39678,Quality Time,2850,5,283067,32
39680,Quality Time,5530,5,283067,32
39681,Quality Time,5535,5,283067,32
39682,Quality Time,5630,5,283067,32
39683,Quality Time,5633,5,283067,32
39686,Quality Time,6183,5,283067,32
39687,Quality Time,6234,5,283067,32
39688,Quality Time,6555,5,283067,32
39689,Quality Time,6830,5,283067,32
39690,Quality Time,6872,5,283067,32
39691,Quality Time,8442,5,283067,32
39692,Quality Time,8676,5,283067,32
39693,Quality Time,8778,5,283067,32
39694,Quality Time,9048,5,283067,32
39695,Quality Time,9072,5,283067,32
39696,Quality Time,9120,5,283067,32
39697,Quality Time,9175,5,283067,32
39699,Quality Time,9283,5,283067,32
39700,Quality Time,9458,5,283067,32
39701,Quality Time,9465,5,283067,32
39702,Quality Time,9505,5,283067,32
39703,Quality Time,9507,5,283067,32
39704,Quality Time,9519,5,283067,32
39705,Quality Time,9643,5,283067,32
39706,Quality Time,9669,5,283067,32
39707,Quality Time,9689,5,283067,32
39708,Quality Time,9692,5,283067,32
39709,Quality Time,9806,5,283067,32
39711,Quality Time,10372,5,283067,32
39713,Quality Time,10544,5,283067,32
39714,Quality Time,10928,5,283067,32
39715,Quality Time,11131,5,283067,32
39716,Quality Time,11327,5,283067,32
39717,Quality Time,11333,5,283067,32
39718,Quality Time,11339,5,283067,32
39719,Quality Time,11387,5,283067,32
39720,Quality Time,11404,5,283067,32
39721,Quality Time,12845,5,283067,32
39722,Quality Time,12897,5,283067,32
39723,Quality Time,12903,5,283067,32
39725,Quality Time,14029,5,283067,32
39727,Quality Time,15128,5,283067,32
39728,Quality Time,16344,5,283067,32
39729,Quality Time,16536,5,283067,32
39730,Quality Time,16537,5,283067,32
39731,Quality Time,16624,5,283067,32
39732,Quality Time,16641,5,283067,32
39733,Quality Time,16664,5,283067,32
39734,Quality Time,16793,5,283067,32
39738,Unconditional Love,741,5,302507,26
39740,Unconditional Love,2850,5,302507,26
39742,Unconditional Love,5530,5,302507,26
39743,Unconditional Love,5535,5,302507,26
39744,Unconditional Love,5630,5,302507,26
39745,Unconditional Love,5633,5,302507,26
39748,Unconditional Love,6183,5,302507,26
39749,Unconditional Love,6234,5,302507,26
39750,Unconditional Love,6555,5,302507,26
39751,Unconditional Love,6830,5,302507,26
39752,Unconditional Love,6872,5,302507,26
39753,Unconditional Love,8442,5,302507,26
39754,Unconditional Love,8676,5,302507,26
39755,Unconditional Love,8778,5,302507,26
39756,Unconditional Love,9048,5,302507,26
39757,Unconditional Love,9072,5,302507,26
39758,Unconditional Love,9120,5,302507,26
39759,Unconditional Love,9175,5,302507,26
39761,Unconditional Love,9283,5,302507,26
39762,Unconditional Love,9458,5,302507,26
39763,Unconditional Love,9465,5,302507,26
39764,Unconditional Love,9505,5,302507,26
39765,Unconditional Love,9507,5,302507,26
39766,Unconditional Love,9519,5,302507,26
39767,Unconditional Love,9643,5,302507,26
39768,Unconditional Love,9669,5,302507,26
39769,Unconditional Love,9689,5,302507,26
39770,Unconditional Love,9692,5,302507,26
39771,Unconditional Love,9806,5,302507,26
39773,Unconditional Love,10372,5,302507,26
39775,Unconditional Love,10544,5,302507,26
39776,Unconditional Love,10928,5,302507,26
39777,Unconditional Love,11131,5,302507,26
39778,Unconditional Love,11327,5,302507,26
39779,Unconditional Love,11333,5,302507,26
39780,Unconditional Love,11339,5,302507,26
39781,Unconditional Love,11387,5,302507,26
39782,Unconditional Love,11404,5,302507,26
39783,Unconditional Love,12845,5,302507,26
39784,Unconditional Love,12897,5,302507,26
39785,Unconditional Love,12903,5,302507,26
39787,Unconditional Love,14029,5,302507,26
39789,Unconditional Love,15128,5,302507,26
39790,Unconditional Love,16344,5,302507,26
39791,Unconditional Love,16536,5,302507,26
39792,Unconditional Love,16537,5,302507,26
39793,Unconditional Love,16624,5,302507,26
39794,Unconditional Love,16641,5,302507,26
39795,Unconditional Love,16664,5,302507,26
39796,Unconditional Love,16793,5,302507,26
39811,Can You Stand The Rain,16406,5,286533,2
39814,Can You Stand The Rain,16448,5,286533,2
39878,"Rub You The Right Way - 7"" Version",16406,5,242427,0
39881,"Rub You The Right Way - 7"" Version",16448,5,242427,0
39897,Girlfriend - Single Version,16406,5,249133,0
39900,Girlfriend - Single Version,16448,5,249133,0
39904,I'll Be Good To You,6180,5,265760,30
39905,I'll Be Good To You,16341,5,265760,30
39906,All Day All Night,6180,5,280293,25
39907,All Day All Night,16341,5,280293,25
39938,Day By Day - LP Edit,741,5,238293,9
39940,Day By Day - LP Edit,2850,5,238293,9
39942,Day By Day - LP Edit,5530,5,238293,9
39943,Day By Day - LP Edit,5535,5,238293,9
39944,Day By Day - LP Edit,5630,5,238293,9
39945,Day By Day - LP Edit,5633,5,238293,9
39948,Day By Day - LP Edit,6183,5,238293,9
39949,Day By Day - LP Edit,6234,5,238293,9
39950,Day By Day - LP Edit,6555,5,238293,9
39951,Day By Day - LP Edit,6830,5,238293,9
39952,Day By Day - LP Edit,6872,5,238293,9
39953,Day By Day - LP Edit,8442,5,238293,9
39954,Day By Day - LP Edit,8676,5,238293,9
39955,Day By Day - LP Edit,8778,5,238293,9
39956,Day By Day - LP Edit,9048,5,238293,9
39957,Day By Day - LP Edit,9072,5,238293,9
39958,Day By Day - LP Edit,9120,5,238293,9
39959,Day By Day - LP Edit,9175,5,238293,9
39961,Day By Day - LP Edit,9283,5,238293,9
39962,Day By Day - LP Edit,9458,5,238293,9
39963,Day By Day - LP Edit,9465,5,238293,9
39964,Day By Day - LP Edit,9505,5,238293,9
39965,Day By Day - LP Edit,9507,5,238293,9
39966,Day By Day - LP Edit,9519,5,238293,9
39967,Day By Day - LP Edit,9643,5,238293,9
39968,Day By Day - LP Edit,9669,5,238293,9
39969,Day By Day - LP Edit,9689,5,238293,9
39970,Day By Day - LP Edit,9692,5,238293,9
39971,Day By Day - LP Edit,9806,5,238293,9
39973,Day By Day - LP Edit,10372,5,238293,9
39975,Day By Day - LP Edit,10544,5,238293,9
39976,Day By Day - LP Edit,10928,5,238293,9
39977,Day By Day - LP Edit,11131,5,238293,9
39978,Day By Day - LP Edit,11327,5,238293,9
39979,Day By Day - LP Edit,11333,5,238293,9
39980,Day By Day - LP Edit,11339,5,238293,9
39981,Day By Day - LP Edit,11387,5,238293,9
39982,Day By Day - LP Edit,11404,5,238293,9
39983,Day By Day - LP Edit,12845,5,238293,9
39984,Day By Day - LP Edit,12897,5,238293,9
39985,Day By Day - LP Edit,12903,5,238293,9
39987,Day By Day - LP Edit,14029,5,238293,9
39989,Day By Day - LP Edit,15128,5,238293,9
39990,Day By Day - LP Edit,16344,5,238293,9
39991,Day By Day - LP Edit,16536,5,238293,9
39992,Day By Day - LP Edit,16537,5,238293,9
39993,Day By Day - LP Edit,16624,5,238293,9
39994,Day By Day - LP Edit,16641,5,238293,9
39995,Day By Day - LP Edit,16664,5,238293,9
39996,Day By Day - LP Edit,16793,5,238293,9
40000,On And On,741,5,332400,11
40002,On And On,2850,5,332400,11
40004,On And On,5530,5,332400,11
40005,On And On,5535,5,332400,11
40006,On And On,5630,5,332400,11
40007,On And On,5633,5,332400,11
40010,On And On,6183,5,332400,11
40011,On And On,6234,5,332400,11
40012,On And On,6555,5,332400,11
40013,On And On,6830,5,332400,11
40014,On And On,6872,5,332400,11
40015,On And On,8442,5,332400,11
40016,On And On,8676,5,332400,11
40017,On And On,8778,5,332400,11
40018,On And On,9048,5,332400,11
40019,On And On,9072,5,332400,11
40020,On And On,9120,5,332400,11
40021,On And On,9175,5,332400,11
40023,On And On,9283,5,332400,11
40024,On And On,9458,5,332400,11
40025,On And On,9465,5,332400,11
40026,On And On,9505,5,332400,11
40027,On And On,9507,5,332400,11
40028,On And On,9519,5,332400,11
40029,On And On,9643,5,332400,11
40030,On And On,9669,5,332400,11
40031,On And On,9689,5,332400,11
40032,On And On,9692,5,332400,11
40033,On And On,9806,5,332400,11
40035,On And On,10372,5,332400,11
40037,On And On,10544,5,332400,11
40038,On And On,10928,5,332400,11
40039,On And On,11131,5,332400,11
40040,On And On,11327,5,332400,11
40041,On And On,11333,5,332400,11
40042,On And On,11339,5,332400,11
40043,On And On,11387,5,332400,11
40044,On And On,11404,5,332400,11
40045,On And On,12845,5,332400,11
40046,On And On,12897,5,332400,11
40047,On And On,12903,5,332400,11
40049,On And On,14029,5,332400,11
40051,On And On,15128,5,332400,11
40052,On And On,16344,5,332400,11
40053,On And On,16536,5,332400,11
40054,On And On,16537,5,332400,11
40055,On And On,16624,5,332400,11
40056,On And On,16641,5,332400,11
40057,On And On,16664,5,332400,11
40058,On And On,16793,5,332400,11
40062,Lovin' U Is Ah-ight,741,5,277840,9
40064,Lovin' U Is Ah-ight,2850,5,277840,9
40066,Lovin' U Is Ah-ight,5530,5,277840,9
40067,Lovin' U Is Ah-ight,5535,5,277840,9
40068,Lovin' U Is Ah-ight,5630,5,277840,9
40069,Lovin' U Is Ah-ight,5633,5,277840,9
40072,Lovin' U Is Ah-ight,6183,5,277840,9
40073,Lovin' U Is Ah-ight,6234,5,277840,9
40074,Lovin' U Is Ah-ight,6555,5,277840,9
40075,Lovin' U Is Ah-ight,6830,5,277840,9
40076,Lovin' U Is Ah-ight,6872,5,277840,9
40077,Lovin' U Is Ah-ight,8442,5,277840,9
40078,Lovin' U Is Ah-ight,8676,5,277840,9
40079,Lovin' U Is Ah-ight,8778,5,277840,9
40080,Lovin' U Is Ah-ight,9048,5,277840,9
40081,Lovin' U Is Ah-ight,9072,5,277840,9
40082,Lovin' U Is Ah-ight,9120,5,277840,9
40083,Lovin' U Is Ah-ight,9175,5,277840,9
40085,Lovin' U Is Ah-ight,9283,5,277840,9
40086,Lovin' U Is Ah-ight,9458,5,277840,9
40087,Lovin' U Is Ah-ight,9465,5,277840,9
40088,Lovin' U Is Ah-ight,9505,5,277840,9
40089,Lovin' U Is Ah-ight,9507,5,277840,9
40090,Lovin' U Is Ah-ight,9519,5,277840,9
40091,Lovin' U Is Ah-ight,9643,5,277840,9
40092,Lovin' U Is Ah-ight,9669,5,277840,9
40093,Lovin' U Is Ah-ight,9689,5,277840,9
40094,Lovin' U Is Ah-ight,9692,5,277840,9
40095,Lovin' U Is Ah-ight,9806,5,277840,9
40097,Lovin' U Is Ah-ight,10372,5,277840,9
40099,Lovin' U Is Ah-ight,10544,5,277840,9
40100,Lovin' U Is Ah-ight,10928,5,277840,9
40101,Lovin' U Is Ah-ight,11131,5,277840,9
40102,Lovin' U Is Ah-ight,11327,5,277840,9
40103,Lovin' U Is Ah-ight,11333,5,277840,9
40104,Lovin' U Is Ah-ight,11339,5,277840,9
40105,Lovin' U Is Ah-ight,11387,5,277840,9
40106,Lovin' U Is Ah-ight,11404,5,277840,9
40107,Lovin' U Is Ah-ight,12845,5,277840,9
40108,Lovin' U Is Ah-ight,12897,5,277840,9
40109,Lovin' U Is Ah-ight,12903,5,277840,9
40111,Lovin' U Is Ah-ight,14029,5,277840,9
40113,Lovin' U Is Ah-ight,15128,5,277840,9
40114,Lovin' U Is Ah-ight,16344,5,277840,9
40115,Lovin' U Is Ah-ight,16536,5,277840,9
40116,Lovin' U Is Ah-ight,16537,5,277840,9
40117,Lovin' U Is Ah-ight,16624,5,277840,9
40118,Lovin' U Is Ah-ight,16641,5,277840,9
40119,Lovin' U Is Ah-ight,16664,5,277840,9
40120,Lovin' U Is Ah-ight,16793,5,277840,9
40124,I Can Call You,741,5,280040,7
40126,I Can Call You,2850,5,280040,7
40128,I Can Call You,5530,5,280040,7
40129,I Can Call You,5535,5,280040,7
40130,I Can Call You,5630,5,280040,7
40131,I Can Call You,5633,5,280040,7
40134,I Can Call You,6183,5,280040,7
40135,I Can Call You,6234,5,280040,7
40136,I Can Call You,6555,5,280040,7
40137,I Can Call You,6830,5,280040,7
40138,I Can Call You,6872,5,280040,7
40139,I Can Call You,8442,5,280040,7
40140,I Can Call You,8676,5,280040,7
40141,I Can Call You,8778,5,280040,7
40142,I Can Call You,9048,5,280040,7
40143,I Can Call You,9072,5,280040,7
40144,I Can Call You,9120,5,280040,7
40145,I Can Call You,9175,5,280040,7
40147,I Can Call You,9283,5,280040,7
40148,I Can Call You,9458,5,280040,7
40149,I Can Call You,9465,5,280040,7
40150,I Can Call You,9505,5,280040,7
40151,I Can Call You,9507,5,280040,7
40152,I Can Call You,9519,5,280040,7
40153,I Can Call You,9643,5,280040,7
40154,I Can Call You,9669,5,280040,7
40155,I Can Call You,9689,5,280040,7
40156,I Can Call You,9692,5,280040,7
40157,I Can Call You,9806,5,280040,7
40159,I Can Call You,10372,5,280040,7
40161,I Can Call You,10544,5,280040,7
40162,I Can Call You,10928,5,280040,7
40163,I Can Call You,11131,5,280040,7
40164,I Can Call You,11327,5,280040,7
40165,I Can Call You,11333,5,280040,7
40166,I Can Call You,11339,5,280040,7
40167,I Can Call You,11387,5,280040,7
40168,I Can Call You,11404,5,280040,7
40169,I Can Call You,12845,5,280040,7
40170,I Can Call You,12897,5,280040,7
40171,I Can Call You,12903,5,280040,7
40173,I Can Call You,14029,5,280040,7
40175,I Can Call You,15128,5,280040,7
40176,I Can Call You,16344,5,280040,7
40177,I Can Call You,16536,5,280040,7
40178,I Can Call You,16537,5,280040,7
40179,I Can Call You,16624,5,280040,7
40180,I Can Call You,16641,5,280040,7
40181,I Can Call You,16664,5,280040,7
40182,I Can Call You,16793,5,280040,7
40238,Humpin' Around - Radio Edit,16470,5,322000,29
40250,Candy Rain,16470,5,271280,49
40275,"Optimistic - U.K. 7"" Edit",16777,5,225293,28
40278,The One For Me,16485,5,280333,17
40281,Here We Go Again!,16486,5,260400,0
40282,Don't Be Cruel,16487,5,408333,0
40307,Get Away,16493,5,310493,0
40318,Honey Dip - Radio Edit,741,5,210600,22
40320,Honey Dip - Radio Edit,2850,5,210600,22
40322,Honey Dip - Radio Edit,5530,5,210600,22
40323,Honey Dip - Radio Edit,5535,5,210600,22
40324,Honey Dip - Radio Edit,5630,5,210600,22
40325,Honey Dip - Radio Edit,5633,5,210600,22
40328,Honey Dip - Radio Edit,6183,5,210600,22
40329,Honey Dip - Radio Edit,6234,5,210600,22
40330,Honey Dip - Radio Edit,6555,5,210600,22
40331,Honey Dip - Radio Edit,6830,5,210600,22
40332,Honey Dip - Radio Edit,6872,5,210600,22
40333,Honey Dip - Radio Edit,8442,5,210600,22
40334,Honey Dip - Radio Edit,8676,5,210600,22
40335,Honey Dip - Radio Edit,8778,5,210600,22
40336,Honey Dip - Radio Edit,9048,5,210600,22
40337,Honey Dip - Radio Edit,9072,5,210600,22
40338,Honey Dip - Radio Edit,9120,5,210600,22
40339,Honey Dip - Radio Edit,9175,5,210600,22
40341,Honey Dip - Radio Edit,9283,5,210600,22
40342,Honey Dip - Radio Edit,9458,5,210600,22
40343,Honey Dip - Radio Edit,9465,5,210600,22
40344,Honey Dip - Radio Edit,9505,5,210600,22
40345,Honey Dip - Radio Edit,9507,5,210600,22
40346,Honey Dip - Radio Edit,9519,5,210600,22
40347,Honey Dip - Radio Edit,9643,5,210600,22
40348,Honey Dip - Radio Edit,9669,5,210600,22
40349,Honey Dip - Radio Edit,9689,5,210600,22
40350,Honey Dip - Radio Edit,9692,5,210600,22
40351,Honey Dip - Radio Edit,9806,5,210600,22
40353,Honey Dip - Radio Edit,10372,5,210600,22
40355,Honey Dip - Radio Edit,10544,5,210600,22
40356,Honey Dip - Radio Edit,10928,5,210600,22
40357,Honey Dip - Radio Edit,11131,5,210600,22
40358,Honey Dip - Radio Edit,11327,5,210600,22
40359,Honey Dip - Radio Edit,11333,5,210600,22
40360,Honey Dip - Radio Edit,11339,5,210600,22
40361,Honey Dip - Radio Edit,11387,5,210600,22
40362,Honey Dip - Radio Edit,11404,5,210600,22
40363,Honey Dip - Radio Edit,12845,5,210600,22
40364,Honey Dip - Radio Edit,12897,5,210600,22
40365,Honey Dip - Radio Edit,12903,5,210600,22
40367,Honey Dip - Radio Edit,14029,5,210600,22
40369,Honey Dip - Radio Edit,15128,5,210600,22
40370,Honey Dip - Radio Edit,16344,5,210600,22
40371,Honey Dip - Radio Edit,16536,5,210600,22
40372,Honey Dip - Radio Edit,16537,5,210600,22
40373,Honey Dip - Radio Edit,16624,5,210600,22
40374,Honey Dip - Radio Edit,16641,5,210600,22
40375,Honey Dip - Radio Edit,16664,5,210600,22
40376,Honey Dip - Radio Edit,16793,5,210600,22
40382,Giving You The Benefit,16470,5,335320,25
40392,Something In Common,16493,5,300440,0
40422,Emotions,16514,5,248093,63
40423,Make It Happen,16514,5,307000,46
40424,Dreamlover,16515,5,232960,57
40431,I'll Be Good To You,16487,5,265760,0
40459,Sunshine - Re-Recorded,16647,5,225319,10
40463,Baby I'm Yours - Re-Recorded,16647,5,296105,7
40477,Wifey,9107,5,243159,53
40482,"Bump, Bump, Bump",741,5,282533,65
40484,"Bump, Bump, Bump",2850,5,282533,65
40486,"Bump, Bump, Bump",5530,5,282533,65
40487,"Bump, Bump, Bump",5535,5,282533,65
40488,"Bump, Bump, Bump",5630,5,282533,65
40489,"Bump, Bump, Bump",5633,5,282533,65
40492,"Bump, Bump, Bump",6183,5,282533,65
40493,"Bump, Bump, Bump",6234,5,282533,65
40494,"Bump, Bump, Bump",6555,5,282533,65
40495,"Bump, Bump, Bump",6830,5,282533,65
40496,"Bump, Bump, Bump",6872,5,282533,65
40497,"Bump, Bump, Bump",8442,5,282533,65
40498,"Bump, Bump, Bump",8676,5,282533,65
40499,"Bump, Bump, Bump",8778,5,282533,65
40500,"Bump, Bump, Bump",9048,5,282533,65
40501,"Bump, Bump, Bump",9072,5,282533,65
40502,"Bump, Bump, Bump",9120,5,282533,65
40503,"Bump, Bump, Bump",9175,5,282533,65
40505,"Bump, Bump, Bump",9283,5,282533,65
40506,"Bump, Bump, Bump",9458,5,282533,65
40507,"Bump, Bump, Bump",9465,5,282533,65
40508,"Bump, Bump, Bump",9505,5,282533,65
40509,"Bump, Bump, Bump",9507,5,282533,65
40510,"Bump, Bump, Bump",9519,5,282533,65
40511,"Bump, Bump, Bump",9643,5,282533,65
40512,"Bump, Bump, Bump",9669,5,282533,65
40513,"Bump, Bump, Bump",9689,5,282533,65
40514,"Bump, Bump, Bump",9692,5,282533,65
40515,"Bump, Bump, Bump",9806,5,282533,65
40517,"Bump, Bump, Bump",10372,5,282533,65
40519,"Bump, Bump, Bump",10544,5,282533,65
40520,"Bump, Bump, Bump",10928,5,282533,65
40521,"Bump, Bump, Bump",11131,5,282533,65
40522,"Bump, Bump, Bump",11327,5,282533,65
40523,"Bump, Bump, Bump",11333,5,282533,65
40524,"Bump, Bump, Bump",11339,5,282533,65
40525,"Bump, Bump, Bump",11387,5,282533,65
40526,"Bump, Bump, Bump",11404,5,282533,65
40527,"Bump, Bump, Bump",12845,5,282533,65
40528,"Bump, Bump, Bump",12897,5,282533,65
40529,"Bump, Bump, Bump",12903,5,282533,65
40531,"Bump, Bump, Bump",14029,5,282533,65
40533,"Bump, Bump, Bump",15128,5,282533,65
40534,"Bump, Bump, Bump",16344,5,282533,65
40535,"Bump, Bump, Bump",16536,5,282533,65
40536,"Bump, Bump, Bump",16537,5,282533,65
40537,"Bump, Bump, Bump",16624,5,282533,65
40538,"Bump, Bump, Bump",16641,5,282533,65
40539,"Bump, Bump, Bump",16664,5,282533,65
40540,"Bump, Bump, Bump",16793,5,282533,65
40544,Don't Wanna Be a Player,741,5,304360,38
40546,Don't Wanna Be a Player,2850,5,304360,38
40548,Don't Wanna Be a Player,5530,5,304360,38
40549,Don't Wanna Be a Player,5535,5,304360,38
40550,Don't Wanna Be a Player,5630,5,304360,38
40551,Don't Wanna Be a Player,5633,5,304360,38
40554,Don't Wanna Be a Player,6183,5,304360,38
40555,Don't Wanna Be a Player,6234,5,304360,38
40556,Don't Wanna Be a Player,6555,5,304360,38
40557,Don't Wanna Be a Player,6830,5,304360,38
40558,Don't Wanna Be a Player,6872,5,304360,38
40559,Don't Wanna Be a Player,8442,5,304360,38
40560,Don't Wanna Be a Player,8676,5,304360,38
40561,Don't Wanna Be a Player,8778,5,304360,38
40562,Don't Wanna Be a Player,9048,5,304360,38
40563,Don't Wanna Be a Player,9072,5,304360,38
40564,Don't Wanna Be a Player,9120,5,304360,38
40565,Don't Wanna Be a Player,9175,5,304360,38
40567,Don't Wanna Be a Player,9283,5,304360,38
40568,Don't Wanna Be a Player,9458,5,304360,38
40569,Don't Wanna Be a Player,9465,5,304360,38
40570,Don't Wanna Be a Player,9505,5,304360,38
40571,Don't Wanna Be a Player,9507,5,304360,38
40572,Don't Wanna Be a Player,9519,5,304360,38
40573,Don't Wanna Be a Player,9643,5,304360,38
40574,Don't Wanna Be a Player,9669,5,304360,38
40575,Don't Wanna Be a Player,9689,5,304360,38
40576,Don't Wanna Be a Player,9692,5,304360,38
40577,Don't Wanna Be a Player,9806,5,304360,38
40579,Don't Wanna Be a Player,10372,5,304360,38
40581,Don't Wanna Be a Player,10544,5,304360,38
40582,Don't Wanna Be a Player,10928,5,304360,38
40583,Don't Wanna Be a Player,11131,5,304360,38
40584,Don't Wanna Be a Player,11327,5,304360,38
40585,Don't Wanna Be a Player,11333,5,304360,38
40586,Don't Wanna Be a Player,11339,5,304360,38
40587,Don't Wanna Be a Player,11387,5,304360,38
40588,Don't Wanna Be a Player,11404,5,304360,38
40589,Don't Wanna Be a Player,12845,5,304360,38
40590,Don't Wanna Be a Player,12897,5,304360,38
40591,Don't Wanna Be a Player,12903,5,304360,38
40593,Don't Wanna Be a Player,14029,5,304360,38
40595,Don't Wanna Be a Player,15128,5,304360,38
40596,Don't Wanna Be a Player,16344,5,304360,38
40597,Don't Wanna Be a Player,16536,5,304360,38
40598,Don't Wanna Be a Player,16537,5,304360,38
40599,Don't Wanna Be a Player,16624,5,304360,38
40600,Don't Wanna Be a Player,16641,5,304360,38
40601,Don't Wanna Be a Player,16664,5,304360,38
40602,Don't Wanna Be a Player,16793,5,304360,38
40606,All The Things (Your Man Won't Do),741,5,380360,38
40608,All The Things (Your Man Won't Do),2850,5,380360,38
40610,All The Things (Your Man Won't Do),5530,5,380360,38
40611,All The Things (Your Man Won't Do),5535,5,380360,38
40612,All The Things (Your Man Won't Do),5630,5,380360,38
40613,All The Things (Your Man Won't Do),5633,5,380360,38
40616,All The Things (Your Man Won't Do),6183,5,380360,38
40617,All The Things (Your Man Won't Do),6234,5,380360,38
40618,All The Things (Your Man Won't Do),6555,5,380360,38
40619,All The Things (Your Man Won't Do),6830,5,380360,38
40620,All The Things (Your Man Won't Do),6872,5,380360,38
40621,All The Things (Your Man Won't Do),8442,5,380360,38
40622,All The Things (Your Man Won't Do),8676,5,380360,38
40623,All The Things (Your Man Won't Do),8778,5,380360,38
40624,All The Things (Your Man Won't Do),9048,5,380360,38
40625,All The Things (Your Man Won't Do),9072,5,380360,38
40626,All The Things (Your Man Won't Do),9120,5,380360,38
40627,All The Things (Your Man Won't Do),9175,5,380360,38
40629,All The Things (Your Man Won't Do),9283,5,380360,38
40630,All The Things (Your Man Won't Do),9458,5,380360,38
40631,All The Things (Your Man Won't Do),9465,5,380360,38
40632,All The Things (Your Man Won't Do),9505,5,380360,38
40633,All The Things (Your Man Won't Do),9507,5,380360,38
40634,All The Things (Your Man Won't Do),9519,5,380360,38
40635,All The Things (Your Man Won't Do),9643,5,380360,38
40636,All The Things (Your Man Won't Do),9669,5,380360,38
40637,All The Things (Your Man Won't Do),9689,5,380360,38
40638,All The Things (Your Man Won't Do),9692,5,380360,38
40639,All The Things (Your Man Won't Do),9806,5,380360,38
40641,All The Things (Your Man Won't Do),10372,5,380360,38
40643,All The Things (Your Man Won't Do),10544,5,380360,38
40644,All The Things (Your Man Won't Do),10928,5,380360,38
40645,All The Things (Your Man Won't Do),11131,5,380360,38
40646,All The Things (Your Man Won't Do),11327,5,380360,38
40647,All The Things (Your Man Won't Do),11333,5,380360,38
40648,All The Things (Your Man Won't Do),11339,5,380360,38
40649,All The Things (Your Man Won't Do),11387,5,380360,38
40650,All The Things (Your Man Won't Do),11404,5,380360,38
40651,All The Things (Your Man Won't Do),12845,5,380360,38
40652,All The Things (Your Man Won't Do),12897,5,380360,38
40653,All The Things (Your Man Won't Do),12903,5,380360,38
40655,All The Things (Your Man Won't Do),14029,5,380360,38
40657,All The Things (Your Man Won't Do),15128,5,380360,38
40658,All The Things (Your Man Won't Do),16344,5,380360,38
40659,All The Things (Your Man Won't Do),16536,5,380360,38
40660,All The Things (Your Man Won't Do),16537,5,380360,38
40661,All The Things (Your Man Won't Do),16624,5,380360,38
40662,All The Things (Your Man Won't Do),16641,5,380360,38
40663,All The Things (Your Man Won't Do),16664,5,380360,38
40664,All The Things (Your Man Won't Do),16793,5,380360,38
40668,I Wanna Know,741,5,296800,58
40670,I Wanna Know,2850,5,296800,58
40672,I Wanna Know,5530,5,296800,58
40673,I Wanna Know,5535,5,296800,58
40674,I Wanna Know,5630,5,296800,58
40675,I Wanna Know,5633,5,296800,58
40678,I Wanna Know,6183,5,296800,58
40679,I Wanna Know,6234,5,296800,58
40680,I Wanna Know,6555,5,296800,58
40681,I Wanna Know,6830,5,296800,58
40682,I Wanna Know,6872,5,296800,58
40683,I Wanna Know,8442,5,296800,58
40684,I Wanna Know,8676,5,296800,58
40685,I Wanna Know,8778,5,296800,58
40686,I Wanna Know,9048,5,296800,58
40687,I Wanna Know,9072,5,296800,58
40688,I Wanna Know,9120,5,296800,58
40689,I Wanna Know,9175,5,296800,58
40691,I Wanna Know,9283,5,296800,58
40692,I Wanna Know,9458,5,296800,58
40693,I Wanna Know,9465,5,296800,58
40694,I Wanna Know,9505,5,296800,58
40695,I Wanna Know,9507,5,296800,58
40696,I Wanna Know,9519,5,296800,58
40697,I Wanna Know,9643,5,296800,58
40698,I Wanna Know,9669,5,296800,58
40699,I Wanna Know,9689,5,296800,58
40700,I Wanna Know,9692,5,296800,58
40701,I Wanna Know,9806,5,296800,58
40703,I Wanna Know,10372,5,296800,58
40705,I Wanna Know,10544,5,296800,58
40706,I Wanna Know,10928,5,296800,58
40707,I Wanna Know,11131,5,296800,58
40708,I Wanna Know,11327,5,296800,58
40709,I Wanna Know,11333,5,296800,58
40710,I Wanna Know,11339,5,296800,58
40711,I Wanna Know,11387,5,296800,58
40712,I Wanna Know,11404,5,296800,58
40713,I Wanna Know,12845,5,296800,58
40714,I Wanna Know,12897,5,296800,58
40715,I Wanna Know,12903,5,296800,58
40717,I Wanna Know,14029,5,296800,58
40719,I Wanna Know,15128,5,296800,58
40720,I Wanna Know,16344,5,296800,58
40721,I Wanna Know,16536,5,296800,58
40722,I Wanna Know,16537,5,296800,58
40723,I Wanna Know,16624,5,296800,58
40724,I Wanna Know,16641,5,296800,58
40725,I Wanna Know,16664,5,296800,58
40726,I Wanna Know,16793,5,296800,58
40730,Good Girls,741,5,295440,29
40732,Good Girls,2850,5,295440,29
40734,Good Girls,5530,5,295440,29
40735,Good Girls,5535,5,295440,29
40736,Good Girls,5630,5,295440,29
40737,Good Girls,5633,5,295440,29
40740,Good Girls,6183,5,295440,29
40741,Good Girls,6234,5,295440,29
40742,Good Girls,6555,5,295440,29
40743,Good Girls,6830,5,295440,29
40744,Good Girls,6872,5,295440,29
40745,Good Girls,8442,5,295440,29
40746,Good Girls,8676,5,295440,29
40747,Good Girls,8778,5,295440,29
40748,Good Girls,9048,5,295440,29
40749,Good Girls,9072,5,295440,29
40750,Good Girls,9120,5,295440,29
40751,Good Girls,9175,5,295440,29
40753,Good Girls,9283,5,295440,29
40754,Good Girls,9458,5,295440,29
40755,Good Girls,9465,5,295440,29
40756,Good Girls,9505,5,295440,29
40757,Good Girls,9507,5,295440,29
40758,Good Girls,9519,5,295440,29
40759,Good Girls,9643,5,295440,29
40760,Good Girls,9669,5,295440,29
40761,Good Girls,9689,5,295440,29
40762,Good Girls,9692,5,295440,29
40763,Good Girls,9806,5,295440,29
40765,Good Girls,10372,5,295440,29
40767,Good Girls,10544,5,295440,29
40768,Good Girls,10928,5,295440,29
40769,Good Girls,11131,5,295440,29
40770,Good Girls,11327,5,295440,29
40771,Good Girls,11333,5,295440,29
40772,Good Girls,11339,5,295440,29
40773,Good Girls,11387,5,295440,29
40774,Good Girls,11404,5,295440,29
40775,Good Girls,12845,5,295440,29
40776,Good Girls,12897,5,295440,29
40777,Good Girls,12903,5,295440,29
40779,Good Girls,14029,5,295440,29
40781,Good Girls,15128,5,295440,29
40782,Good Girls,16344,5,295440,29
40783,Good Girls,16536,5,295440,29
40784,Good Girls,16537,5,295440,29
40785,Good Girls,16624,5,295440,29
40786,Good Girls,16641,5,295440,29
40787,Good Girls,16664,5,295440,29
40788,Good Girls,16793,5,295440,29
40792,Stutter - Double Take Remix,741,5,213133,41
40794,Stutter - Double Take Remix,2850,5,213133,41
40796,Stutter - Double Take Remix,5530,5,213133,41
40797,Stutter - Double Take Remix,5535,5,213133,41
40798,Stutter - Double Take Remix,5630,5,213133,41
40799,Stutter - Double Take Remix,5633,5,213133,41
40802,Stutter - Double Take Remix,6183,5,213133,41
40803,Stutter - Double Take Remix,6234,5,213133,41
40804,Stutter - Double Take Remix,6555,5,213133,41
40805,Stutter - Double Take Remix,6830,5,213133,41
40806,Stutter - Double Take Remix,6872,5,213133,41
40807,Stutter - Double Take Remix,8442,5,213133,41
40808,Stutter - Double Take Remix,8676,5,213133,41
40809,Stutter - Double Take Remix,8778,5,213133,41
40810,Stutter - Double Take Remix,9048,5,213133,41
40811,Stutter - Double Take Remix,9072,5,213133,41
40812,Stutter - Double Take Remix,9120,5,213133,41
40813,Stutter - Double Take Remix,9175,5,213133,41
40815,Stutter - Double Take Remix,9283,5,213133,41
40816,Stutter - Double Take Remix,9458,5,213133,41
40817,Stutter - Double Take Remix,9465,5,213133,41
40818,Stutter - Double Take Remix,9505,5,213133,41
40819,Stutter - Double Take Remix,9507,5,213133,41
40820,Stutter - Double Take Remix,9519,5,213133,41
40821,Stutter - Double Take Remix,9643,5,213133,41
40822,Stutter - Double Take Remix,9669,5,213133,41
40823,Stutter - Double Take Remix,9689,5,213133,41
40824,Stutter - Double Take Remix,9692,5,213133,41
40825,Stutter - Double Take Remix,9806,5,213133,41
40827,Stutter - Double Take Remix,10372,5,213133,41
40829,Stutter - Double Take Remix,10544,5,213133,41
40830,Stutter - Double Take Remix,10928,5,213133,41
40831,Stutter - Double Take Remix,11131,5,213133,41
40832,Stutter - Double Take Remix,11327,5,213133,41
40833,Stutter - Double Take Remix,11333,5,213133,41
40834,Stutter - Double Take Remix,11339,5,213133,41
40835,Stutter - Double Take Remix,11387,5,213133,41
40836,Stutter - Double Take Remix,11404,5,213133,41
40837,Stutter - Double Take Remix,12845,5,213133,41
40838,Stutter - Double Take Remix,12897,5,213133,41
40839,Stutter - Double Take Remix,12903,5,213133,41
40841,Stutter - Double Take Remix,14029,5,213133,41
40843,Stutter - Double Take Remix,15128,5,213133,41
40844,Stutter - Double Take Remix,16344,5,213133,41
40845,Stutter - Double Take Remix,16536,5,213133,41
40846,Stutter - Double Take Remix,16537,5,213133,41
40847,Stutter - Double Take Remix,16624,5,213133,41
40848,Stutter - Double Take Remix,16641,5,213133,41
40849,Stutter - Double Take Remix,16664,5,213133,41
40850,Stutter - Double Take Remix,16793,5,213133,41
40860,Good Enough,16493,5,301707,0
40866,Humpin' Around - Video Edit,16420,5,263440,0
40882,Papa Was A Rolling Stone,16777,5,404733,31
40883,U Can't Touch This,16546,5,256453,0
40893,Satisfy You,498,5,286441,52
40895,Satisfy You,6257,5,286441,52
40899,Satisfy You,16604,5,286441,52
40919,Same Ol' G,16560,5,259667,47
40939,I Like the Way (The Kissing Game),16566,5,343547,32
40949,That's The Way Love Is,16421,5,291467,0
40958,Poison,18660,5,261853,66
40966,Do Me!,18660,5,272440,48
40974,B.B.D. (I Thought It Was Me)?,18660,5,275107,41
40994,Get Away,16421,5,310497,0
40996,Humpin' Around,16579,5,487373,11
40997,That's The Way Love Is,16579,5,440627,8
40998,Two Can Play That Game,16421,5,299863,0
41000,Every Little Step - Remix,16580,5,281533,32
41001,Every Little Step - Uptown Mix,16487,5,454000,0
41006,"Ronnie, Bobby, Ricky, MIke, Ralph And Johnny (Word To The Mutha)!",18660,5,269267,19
41019,Honey Dip,16486,5,242893,23
41020,Down Wit Dat?,16486,5,283600,8
41021,Here We Go Again! - Extended,16486,5,321027,13
41034,Don't Be Afraid,16706,5,315453,19
41063,Poison,16406,5,262467,1
41066,Poison,16448,5,262467,1
41082,When Will I See You Smile Again?,16406,5,306200,0
41085,When Will I See You Smile Again?,16448,5,306200,0
41099,Humpin' Around,16421,5,378493,0
41102,Feelin' Inside,498,5,249307,22
41104,Feelin' Inside,6257,5,249307,22
41108,Feelin' Inside,16604,5,249307,22
41188,Killing Me Softly With His Song,741,5,290293,55
41190,Killing Me Softly With His Song,2850,5,290293,55
41192,Killing Me Softly With His Song,5530,5,290293,55
41193,Killing Me Softly With His Song,5535,5,290293,55
41194,Killing Me Softly With His Song,5630,5,290293,55
41195,Killing Me Softly With His Song,5633,5,290293,55
41198,Killing Me Softly With His Song,6183,5,290293,55
41199,Killing Me Softly With His Song,6234,5,290293,55
41200,Killing Me Softly With His Song,6555,5,290293,55
41201,Killing Me Softly With His Song,6830,5,290293,55
41202,Killing Me Softly With His Song,6872,5,290293,55
41203,Killing Me Softly With His Song,8442,5,290293,55
41204,Killing Me Softly With His Song,8676,5,290293,55
41205,Killing Me Softly With His Song,8778,5,290293,55
41206,Killing Me Softly With His Song,9048,5,290293,55
41207,Killing Me Softly With His Song,9072,5,290293,55
41208,Killing Me Softly With His Song,9120,5,290293,55
41209,Killing Me Softly With His Song,9175,5,290293,55
41211,Killing Me Softly With His Song,9283,5,290293,55
41212,Killing Me Softly With His Song,9458,5,290293,55
41213,Killing Me Softly With His Song,9465,5,290293,55
41214,Killing Me Softly With His Song,9505,5,290293,55
41215,Killing Me Softly With His Song,9507,5,290293,55
41216,Killing Me Softly With His Song,9519,5,290293,55
41217,Killing Me Softly With His Song,9643,5,290293,55
41218,Killing Me Softly With His Song,9669,5,290293,55
41219,Killing Me Softly With His Song,9689,5,290293,55
41220,Killing Me Softly With His Song,9692,5,290293,55
41221,Killing Me Softly With His Song,9806,5,290293,55
41223,Killing Me Softly With His Song,10372,5,290293,55
41225,Killing Me Softly With His Song,10544,5,290293,55
41226,Killing Me Softly With His Song,10928,5,290293,55
41227,Killing Me Softly With His Song,11131,5,290293,55
41228,Killing Me Softly With His Song,11327,5,290293,55
41229,Killing Me Softly With His Song,11333,5,290293,55
41230,Killing Me Softly With His Song,11339,5,290293,55
41231,Killing Me Softly With His Song,11387,5,290293,55
41232,Killing Me Softly With His Song,11404,5,290293,55
41233,Killing Me Softly With His Song,12845,5,290293,55
41234,Killing Me Softly With His Song,12897,5,290293,55
41235,Killing Me Softly With His Song,12903,5,290293,55
41237,Killing Me Softly With His Song,14029,5,290293,55
41239,Killing Me Softly With His Song,15128,5,290293,55
41240,Killing Me Softly With His Song,16344,5,290293,55
41241,Killing Me Softly With His Song,16536,5,290293,55
41242,Killing Me Softly With His Song,16537,5,290293,55
41243,Killing Me Softly With His Song,16624,5,290293,55
41244,Killing Me Softly With His Song,16641,5,290293,55
41245,Killing Me Softly With His Song,16664,5,290293,55
41246,Killing Me Softly With His Song,16793,5,290293,55
41249,What's So Different?,16560,5,235400,38
41250,So Anxious,16560,5,276067,58
41251,None Of Ur Friends Business,16560,5,365800,44
41252,No. 1 Fan,16560,5,259307,27
41253,Pony,16625,5,324800,61
41254,Tell Me Do U Wanna,16625,5,334267,40
41255,I'll Do Anything/I'm Sorry,16625,5,254773,37
41256,When Doves Cry,16625,5,308907,40
41261,On Our Own,16630,5,294413,46
41263,Crush On You,4959,5,272493,43
41286,Someday,741,5,246707,30
41288,Someday,2850,5,246707,30
41290,Someday,5530,5,246707,30
41291,Someday,5535,5,246707,30
41292,Someday,5630,5,246707,30
41293,Someday,5633,5,246707,30
41296,Someday,6183,5,246707,30
41297,Someday,6234,5,246707,30
41298,Someday,6555,5,246707,30
41299,Someday,6830,5,246707,30
41300,Someday,6872,5,246707,30
41301,Someday,8442,5,246707,30
41302,Someday,8676,5,246707,30
41303,Someday,8778,5,246707,30
41304,Someday,9048,5,246707,30
41305,Someday,9072,5,246707,30
41306,Someday,9120,5,246707,30
41307,Someday,9175,5,246707,30
41309,Someday,9283,5,246707,30
41310,Someday,9458,5,246707,30
41311,Someday,9465,5,246707,30
41312,Someday,9505,5,246707,30
41313,Someday,9507,5,246707,30
41314,Someday,9519,5,246707,30
41315,Someday,9643,5,246707,30
41316,Someday,9669,5,246707,30
41317,Someday,9689,5,246707,30
41318,Someday,9692,5,246707,30
41319,Someday,9806,5,246707,30
41321,Someday,10372,5,246707,30
41323,Someday,10544,5,246707,30
41324,Someday,10928,5,246707,30
41325,Someday,11131,5,246707,30
41326,Someday,11327,5,246707,30
41327,Someday,11333,5,246707,30
41328,Someday,11339,5,246707,30
41329,Someday,11387,5,246707,30
41330,Someday,11404,5,246707,30
41331,Someday,12845,5,246707,30
41332,Someday,12897,5,246707,30
41333,Someday,12903,5,246707,30
41335,Someday,14029,5,246707,30
41337,Someday,15128,5,246707,30
41338,Someday,16344,5,246707,30
41339,Someday,16536,5,246707,30
41340,Someday,16537,5,246707,30
41341,Someday,16624,5,246707,30
41342,Someday,16641,5,246707,30
41343,Someday,16664,5,246707,30
41344,Someday,16793,5,246707,30
41347,She's Playing Hard To Get,16381,5,275160,42
41348,She's Playing Hard To Get,16642,5,275160,42
41351,Don't Be Cruel,6180,5,408307,49
41352,Don't Be Cruel,16341,5,408307,49
41361,You're So Cold,16514,5,304507,35
41366,Lean on Me - Re-Recorded,16647,5,288864,9
41395,How Do You Want It,4864,5,287547,66
41396,2 Of Amerikaz Most Wanted,4864,5,246533,62
41397,I Ain't Mad At Cha,4864,5,293667,58
41398,So Many Tears,16657,5,239227,0
41399,Dear Mama,16657,5,280000,6
41400,Keep Ya Head Up,7093,5,262507,1
41401,I Get Around,7093,5,259000,8
41402,Hail Mary,16658,5,320333,42
41403,Toss It Up,16658,5,289373,26
41404,California Love - Original Version,6878,5,284907,2
41405,California Love - Original Version,6894,5,284907,2
41469,The Best Man I Can Be,741,5,389880,35
41471,The Best Man I Can Be,2850,5,389880,35
41473,The Best Man I Can Be,5530,5,389880,35
41474,The Best Man I Can Be,5535,5,389880,35
41475,The Best Man I Can Be,5630,5,389880,35
41476,The Best Man I Can Be,5633,5,389880,35
41479,The Best Man I Can Be,6183,5,389880,35
41480,The Best Man I Can Be,6234,5,389880,35
41481,The Best Man I Can Be,6555,5,389880,35
41482,The Best Man I Can Be,6830,5,389880,35
41483,The Best Man I Can Be,6872,5,389880,35
41484,The Best Man I Can Be,8442,5,389880,35
41485,The Best Man I Can Be,8676,5,389880,35
41486,The Best Man I Can Be,8778,5,389880,35
41487,The Best Man I Can Be,9048,5,389880,35
41488,The Best Man I Can Be,9072,5,389880,35
41489,The Best Man I Can Be,9120,5,389880,35
41490,The Best Man I Can Be,9175,5,389880,35
41492,The Best Man I Can Be,9283,5,389880,35
41493,The Best Man I Can Be,9458,5,389880,35
41494,The Best Man I Can Be,9465,5,389880,35
41495,The Best Man I Can Be,9505,5,389880,35
41496,The Best Man I Can Be,9507,5,389880,35
41497,The Best Man I Can Be,9519,5,389880,35
41498,The Best Man I Can Be,9643,5,389880,35
41499,The Best Man I Can Be,9669,5,389880,35
41500,The Best Man I Can Be,9689,5,389880,35
41501,The Best Man I Can Be,9692,5,389880,35
41502,The Best Man I Can Be,9806,5,389880,35
41504,The Best Man I Can Be,10372,5,389880,35
41506,The Best Man I Can Be,10544,5,389880,35
41507,The Best Man I Can Be,10928,5,389880,35
41508,The Best Man I Can Be,11131,5,389880,35
41509,The Best Man I Can Be,11327,5,389880,35
41510,The Best Man I Can Be,11333,5,389880,35
41511,The Best Man I Can Be,11339,5,389880,35
41512,The Best Man I Can Be,11387,5,389880,35
41513,The Best Man I Can Be,11404,5,389880,35
41514,The Best Man I Can Be,12845,5,389880,35
41515,The Best Man I Can Be,12897,5,389880,35
41516,The Best Man I Can Be,12903,5,389880,35
41518,The Best Man I Can Be,14029,5,389880,35
41520,The Best Man I Can Be,15128,5,389880,35
41521,The Best Man I Can Be,16344,5,389880,35
41522,The Best Man I Can Be,16536,5,389880,35
41523,The Best Man I Can Be,16537,5,389880,35
41524,The Best Man I Can Be,16624,5,389880,35
41525,The Best Man I Can Be,16641,5,389880,35
41526,The Best Man I Can Be,16664,5,389880,35
41527,The Best Man I Can Be,16793,5,389880,35
41577,Mo Money Mo Problems (feat. Puff Daddy & Mase) - 2005 Remaster,7139,5,253133,49
41592,Poison,16406,5,262467,0
41595,Poison,16448,5,262467,0
41606,I'll Be Missing You (feat. 112),7139,5,301520,71
41637,Humpin' Around,16692,5,228733,19
41654,Two Can Play That Game - Radio Edit,16692,5,211800,56
41656,All That I Am,15198,5,252120,17
41685,Hypnotize - 2005 Remaster,7139,5,230053,41
41698,Humpin' Around - Radio Edit,16706,5,321773,21
41700,Pumps and a Bump,16707,5,305067,38
41701,Every Little Step,16708,5,239163,39
41723,Money Can't Buy You Love - Mo' Money/Soundtrack Version,16406,5,361173,0
41726,Money Can't Buy You Love - Mo' Money/Soundtrack Version,16448,5,361173,0
41751,"On Our Own - Remix / From ""Ghostbusters II"" Soundtrack",16406,5,270333,0
41754,"On Our Own - Remix / From ""Ghostbusters II"" Soundtrack",16448,5,270333,0
41771,Here We Go Again!,16486,5,260400,34
41779,How Ya Like Me Now - Longer Version,9312,5,337027,19
41791,Don't Be Afraid,16470,5,315653,15
41804,Right Here - Human Nature Radio Mix,9107,5,224733,17
41818,Lean on Me (Re-Recorded),16738,5,288864,30
41826,Rumors - Re-Recorded,16647,5,298302,19
41830,I'll Do 4 U,16647,5,223890,23
41919,One Woman Man,16420,5,272053,47
41951,Lovergirl,15051,5,259560,46
41955,Pony,15051,5,251733,72
41958,I Wanna Know,15078,5,296693,64
41959,I Wanna Know,16847,5,296693,64
41967,Rumors,16777,5,296533,45
41969,The Show,9312,5,396408,0
41974,Don't Be Cruel,16487,5,408333,0
41980,On Our Own - With Rap,16781,5,271507,36
41986,My Prerogative,16487,5,291560,0
41999,You're Not My Kind Of Girl,16406,5,242200,0
42002,You're Not My Kind Of Girl,16448,5,242200,0
42068,I Can't Wait Another Minute,741,5,301640,43
42070,I Can't Wait Another Minute,2850,5,301640,43
42072,I Can't Wait Another Minute,5530,5,301640,43
42073,I Can't Wait Another Minute,5535,5,301640,43
42074,I Can't Wait Another Minute,5630,5,301640,43
42075,I Can't Wait Another Minute,5633,5,301640,43
42078,I Can't Wait Another Minute,6183,5,301640,43
42079,I Can't Wait Another Minute,6234,5,301640,43
42080,I Can't Wait Another Minute,6555,5,301640,43
42081,I Can't Wait Another Minute,6830,5,301640,43
42082,I Can't Wait Another Minute,6872,5,301640,43
42083,I Can't Wait Another Minute,8442,5,301640,43
42084,I Can't Wait Another Minute,8676,5,301640,43
42085,I Can't Wait Another Minute,8778,5,301640,43
42086,I Can't Wait Another Minute,9048,5,301640,43
42087,I Can't Wait Another Minute,9072,5,301640,43
42088,I Can't Wait Another Minute,9120,5,301640,43
42089,I Can't Wait Another Minute,9175,5,301640,43
42091,I Can't Wait Another Minute,9283,5,301640,43
42092,I Can't Wait Another Minute,9458,5,301640,43
42093,I Can't Wait Another Minute,9465,5,301640,43
42094,I Can't Wait Another Minute,9505,5,301640,43
42095,I Can't Wait Another Minute,9507,5,301640,43
42096,I Can't Wait Another Minute,9519,5,301640,43
42097,I Can't Wait Another Minute,9643,5,301640,43
42098,I Can't Wait Another Minute,9669,5,301640,43
42099,I Can't Wait Another Minute,9689,5,301640,43
42100,I Can't Wait Another Minute,9692,5,301640,43
42101,I Can't Wait Another Minute,9806,5,301640,43
42103,I Can't Wait Another Minute,10372,5,301640,43
42105,I Can't Wait Another Minute,10544,5,301640,43
42106,I Can't Wait Another Minute,10928,5,301640,43
42107,I Can't Wait Another Minute,11131,5,301640,43
42108,I Can't Wait Another Minute,11327,5,301640,43
42109,I Can't Wait Another Minute,11333,5,301640,43
42110,I Can't Wait Another Minute,11339,5,301640,43
42111,I Can't Wait Another Minute,11387,5,301640,43
42112,I Can't Wait Another Minute,11404,5,301640,43
42113,I Can't Wait Another Minute,12845,5,301640,43
42114,I Can't Wait Another Minute,12897,5,301640,43
42115,I Can't Wait Another Minute,12903,5,301640,43
42117,I Can't Wait Another Minute,14029,5,301640,43
42119,I Can't Wait Another Minute,15128,5,301640,43
42120,I Can't Wait Another Minute,16344,5,301640,43
42121,I Can't Wait Another Minute,16536,5,301640,43
42122,I Can't Wait Another Minute,16537,5,301640,43
42123,I Can't Wait Another Minute,16624,5,301640,43
42124,I Can't Wait Another Minute,16641,5,301640,43
42125,I Can't Wait Another Minute,16664,5,301640,43
42126,I Can't Wait Another Minute,16793,5,301640,43
42130,Lean On Me,741,5,294947,2
42132,Lean On Me,2850,5,294947,2
42134,Lean On Me,5530,5,294947,2
42135,Lean On Me,5535,5,294947,2
42136,Lean On Me,5630,5,294947,2
42137,Lean On Me,5633,5,294947,2
42140,Lean On Me,6183,5,294947,2
42141,Lean On Me,6234,5,294947,2
42142,Lean On Me,6555,5,294947,2
42143,Lean On Me,6830,5,294947,2
42144,Lean On Me,6872,5,294947,2
42145,Lean On Me,8442,5,294947,2
42146,Lean On Me,8676,5,294947,2
42147,Lean On Me,8778,5,294947,2
42148,Lean On Me,9048,5,294947,2
42149,Lean On Me,9072,5,294947,2
42150,Lean On Me,9120,5,294947,2
42151,Lean On Me,9175,5,294947,2
42153,Lean On Me,9283,5,294947,2
42154,Lean On Me,9458,5,294947,2
42155,Lean On Me,9465,5,294947,2
42156,Lean On Me,9505,5,294947,2
42157,Lean On Me,9507,5,294947,2
42158,Lean On Me,9519,5,294947,2
42159,Lean On Me,9643,5,294947,2
42160,Lean On Me,9669,5,294947,2
42161,Lean On Me,9689,5,294947,2
42162,Lean On Me,9692,5,294947,2
42163,Lean On Me,9806,5,294947,2
42165,Lean On Me,10372,5,294947,2
42167,Lean On Me,10544,5,294947,2
42168,Lean On Me,10928,5,294947,2
42169,Lean On Me,11131,5,294947,2
42170,Lean On Me,11327,5,294947,2
42171,Lean On Me,11333,5,294947,2
42172,Lean On Me,11339,5,294947,2
42173,Lean On Me,11387,5,294947,2
42174,Lean On Me,11404,5,294947,2
42175,Lean On Me,12845,5,294947,2
42176,Lean On Me,12897,5,294947,2
42177,Lean On Me,12903,5,294947,2
42179,Lean On Me,14029,5,294947,2
42181,Lean On Me,15128,5,294947,2
42182,Lean On Me,16344,5,294947,2
42183,Lean On Me,16536,5,294947,2
42184,Lean On Me,16537,5,294947,2
42185,Lean On Me,16624,5,294947,2
42186,Lean On Me,16641,5,294947,2
42187,Lean On Me,16664,5,294947,2
42188,Lean On Me,16793,5,294947,2
42204,Blame It on the Rain,741,5,248533,41
42206,Blame It on the Rain,2850,5,248533,41
42208,Blame It on the Rain,5530,5,248533,41
42209,Blame It on the Rain,5535,5,248533,41
42210,Blame It on the Rain,5630,5,248533,41
42211,Blame It on the Rain,5633,5,248533,41
42214,Blame It on the Rain,6183,5,248533,41
42215,Blame It on the Rain,6234,5,248533,41
42216,Blame It on the Rain,6555,5,248533,41
42217,Blame It on the Rain,6830,5,248533,41
42218,Blame It on the Rain,6872,5,248533,41
42219,Blame It on the Rain,8442,5,248533,41
42220,Blame It on the Rain,8676,5,248533,41
42221,Blame It on the Rain,8778,5,248533,41
42222,Blame It on the Rain,9048,5,248533,41
42223,Blame It on the Rain,9072,5,248533,41
42224,Blame It on the Rain,9120,5,248533,41
42225,Blame It on the Rain,9175,5,248533,41
42227,Blame It on the Rain,9283,5,248533,41
42228,Blame It on the Rain,9458,5,248533,41
42229,Blame It on the Rain,9465,5,248533,41
42230,Blame It on the Rain,9505,5,248533,41
42231,Blame It on the Rain,9507,5,248533,41
42232,Blame It on the Rain,9519,5,248533,41
42233,Blame It on the Rain,9643,5,248533,41
42234,Blame It on the Rain,9669,5,248533,41
42235,Blame It on the Rain,9689,5,248533,41
42236,Blame It on the Rain,9692,5,248533,41
42237,Blame It on the Rain,9806,5,248533,41
42239,Blame It on the Rain,10372,5,248533,41
42241,Blame It on the Rain,10544,5,248533,41
42242,Blame It on the Rain,10928,5,248533,41
42243,Blame It on the Rain,11131,5,248533,41
42244,Blame It on the Rain,11327,5,248533,41
42245,Blame It on the Rain,11333,5,248533,41
42246,Blame It on the Rain,11339,5,248533,41
42247,Blame It on the Rain,11387,5,248533,41
42248,Blame It on the Rain,11404,5,248533,41
42249,Blame It on the Rain,12845,5,248533,41
42250,Blame It on the Rain,12897,5,248533,41
42251,Blame It on the Rain,12903,5,248533,41
42253,Blame It on the Rain,14029,5,248533,41
42255,Blame It on the Rain,15128,5,248533,41
42256,Blame It on the Rain,16344,5,248533,41
42257,Blame It on the Rain,16536,5,248533,41
42258,Blame It on the Rain,16537,5,248533,41
42259,Blame It on the Rain,16624,5,248533,41
42260,Blame It on the Rain,16641,5,248533,41
42261,Blame It on the Rain,16664,5,248533,41
42262,Blame It on the Rain,16793,5,248533,41
42303,Addictive Love,8656,5,325373,44
42304,Addictive Love,9500,5,325373,44
42336,Something In Common,16421,5,299800,37
42410,Pony - Single Version,16837,5,252120,15
42425,Thank God I Found You (feat. Joe & Nas) - Make It Last Remix Edit,15078,5,251640,43
42426,Thank God I Found You (feat. Joe & Nas) - Make It Last Remix Edit,16847,5,251640,43
42427,Stutter (feat. Mystikal) - Double Take Remix,15078,5,213027,52
42428,Stutter (feat. Mystikal) - Double Take Remix,16847,5,213027,52
42445,Why You Treat Me So Bad,16856,5,327640,1
42496,"I Need a Girl, Pt. 2 (feat. Loon, Ginuwine & Mario Winans)",7139,5,285587,67
42507,Hey Mr. D.J. - Original Mix - Edit,16566,5,256640,29
42518,Right Here - Human Nature Radio Mix,16566,5,225827,29
42524,Tell Me,16566,5,237120,27
42530,Every Little Step - With Rap,16487,5,252000,0
42533,U Can't Touch This,16883,5,257360,71
42539,Weak - Radio Edit,16566,5,262747,27
42546,Just Kickin' It,16566,5,204627,24
42552,Fantasy,16378,5,243493,71
42559,Never Should've Let You Go,16886,5,281467,38
42569,It Never Rains (In Southern California),16470,5,302360,24
42586,Money Can't Buy You Love - Mo' Money/Soundtrack Version,16406,5,361173,0
42589,Money Can't Buy You Love - Mo' Money/Soundtrack Version,16448,5,361173,0
42597,Always Be My Baby,16378,5,258133,73
42797,Let's Stay Home Tonight,16997,5,206667,34
43431,All I Want for Christmas Is You,17322,5,241107,90
43528,It Never Rains (In Southern California),16706,5,302160,11
43673,Roses,152,5,181144,49
43730,The Addict,16406,5,224973,1
43733,The Addict,16448,5,224973,1
44177,Better Days,16997,5,177600,30
44378,Summers Over Interlude,1865,5,106333,57
44379,Summers Over Interlude,2386,5,106333,57
44590,Killing Me Softly With His Song,17743,5,298773,74
44623,Flow - Remastered,8656,5,273493,37
44624,Flow - Remastered,9500,5,273493,37
44948,Ocean (feat. Khalid) - David Guetta Remix,17907,6,195833,64
44980,Don't Let Me Down - Illenium Remix,501,6,218933,64
44981,Don't Let Me Down - Illenium Remix,19749,6,218933,64
45001,Hold On (feat. Michel Zitron),17939,6,244453,75
45062,Used To Love (with Dean Lewis) - SWACQ Remix,17972,6,220800,58
45074,No Sleep (feat. Bonn) - DubVision Remix,17981,6,239062,69
45091,Home (feat. Bonn),127,6,239067,72
45340,Paris,565,6,246852,47
45464,Don't Let Me Down (feat. SevenEver),1187,6,175610,27
45609,Used To Love (with Dean Lewis),198,6,236765,83
45758,No Strings Attached,20447,6,246973,33
45854,Glitch,337,6,185161,56
45857,No Strings Attached,20447,6,181935,50
45858,Latency,18506,6,204375,49
46029,These Are The Times (feat. JRM),233,6,188656,71
46035,Summer Days (feat. Macklemore & Patrick Stump of Fall Out Boy) - Tiësto Remix,18585,6,255238,10
46057,Mistaken (feat. Alex Aris),549,6,282481,68
46067,Dreamer - Nicky Romero Remix,18596,6,224762,52
46070,Burn Out (feat. Dewain Whitmore),330,6,200322,68
46076,High On Life (feat. Bonn),326,6,230762,77
46103,Forever,498,6,218437,62
46105,Forever,6257,6,218437,62
46109,Forever,16604,6,218437,62
46119,Pizza,18620,6,255103,59
46122,There For You - Madison Mars Remix,18621,6,175000,47
46125,Honest - Gil Glaze Remix,18623,6,212053,34
46147,Just Some Loops - Original Mix,18637,6,303760,0
46154,Wizard - Radio Edit,6363,6,202413,1
46155,Wizard - Radio Edit,19340,6,202413,1
46158,Virus (How About Now),18642,6,198077,3
46159,Virus (How About Now),19551,6,198077,3
46166,Helicopter - Original Edit,6362,6,202507,2
46167,Helicopter - Original Edit,18646,6,202507,2
46168,Proxy - Original Mix,18647,6,279385,1
46180,Dragon - Radio Edit,18653,6,196671,2
46181,Animals - Jay Ronko Remix,18654,6,253093,10
46182,Forbidden Voices,2587,6,230635,5
46196,Poison,18660,6,248447,2
46204,Bouncybob (feat. Justin Mylo & Mesto),18664,6,251260,2
46208,Now That I've Found You (feat. John & Michel),18668,6,192632,4
46218,Lions in the Wild,513,6,211890,2
46220,Oops,18675,6,232510,2
46223,In the Name of Love,362,6,195707,80
46240,WIEE,18688,6,203452,49
46241,Sun Is Never Going Down,18689,6,204418,54
46242,Spotless,18690,6,195005,51
46245,Together,18691,6,221274,49
46264,Animals - Radio Edit,18699,6,176120,8
46265,Animals - Radio Edit,19380,6,176120,8
46266,Animals - Radio Edit,19936,6,176120,8
46267,Animals - Radio Edit,21852,6,176120,8
46269,Welcome,18700,6,185095,38
46270,Error 404 - Original Mix,18701,6,333760,0
46273,Scared To Be Lonely - Brooks Remix,18704,6,200625,51
46278,Scared To Be Lonely - LOOPERS Remix,18707,6,251274,31
46280,Byte,18708,6,285089,60
46300,There For You - Dzeko Remix,18621,6,159048,42
46308,Don't Let Me Down - W&W Remix,501,6,195093,58
46309,Don't Let Me Down - W&W Remix,19749,6,195093,58
46323,Roses - Zaxx Remix,18734,6,190267,52
46330,In the Name of Love - DallasK Remix,18737,6,200597,59
46333,Waiting For Tomorrow (feat. Mike Shinoda),18506,6,247505,59
46337,Something Just Like This - Alesso Remix,492,6,252933,56
46355,So Far Away - Nicky Romero Remix,18751,6,342857,40
46357,Yottabyte,18506,6,210005,56
46361,Sun Is Never Going Down (feat. Dawn Golden),2327,6,204418,52
46370,Game Over,18757,6,155645,57
46380,Setting Fires - Blasterjaxx Remix,18764,6,212347,41
46488,Paris,565,6,201290,59
46631,Animals - Original Mix,18699,6,304240,5
46632,Animals - Original Mix,19380,6,304240,5
46633,Animals - Original Mix,19936,6,304240,5
46634,Animals - Original Mix,21852,6,304240,5
46657,Helicopter - Video Edit,6362,6,206450,2
46658,Helicopter - Video Edit,18646,6,206450,2
46854,Overdose,14076,6,151181,19
47104,One Dance,2235,6,188594,33
47177,Forever,498,6,204489,37
47179,Forever,6257,6,204489,37
47183,Forever,16604,6,204489,37
47296,Game Over,18757,6,155625,17
47385,Together,18691,6,151680,22
47411,Tremor - Sensation 2014 Anthem,19338,6,294467,58
47445,Don't Look Down,19335,6,223140,66
47446,Forbidden Voices,2587,6,230635,5
47447,Lions in the Wild,513,6,211890,2
47448,The Only Way Is Up - Radio Edit,19336,6,189390,50
47449,Dragon - Radio Edit,18653,6,196671,2
47450,Break Through The Silence - Radio Edit,18653,6,204772,4
47451,Virus (How About Now),18642,6,198077,3
47452,Virus (How About Now),19551,6,198077,3
47456,Proxy,19338,6,277547,42
47460,Animals,19338,6,303773,36
47463,Error 404 - Original Mix,18701,6,333760,0
47465,Wizard,6363,6,281773,0
47466,Wizard,19340,6,281773,0
47498,Don't Let Me Down - W&W Remix,501,6,195093,58
47499,Don't Let Me Down - W&W Remix,19749,6,195093,58
47502,Gold Skies,19338,6,328213,49
47539,Helicopter - Video Edit,6362,6,206450,2
47540,Helicopter - Video Edit,18646,6,206450,2
47553,Animals - Oliver Heldens Remix,18699,6,262813,30
47554,Animals - Oliver Heldens Remix,19380,6,262813,30
47555,Animals - Oliver Heldens Remix,19936,6,262813,30
47556,Animals - Oliver Heldens Remix,21852,6,262813,30
47581,Mistaken (feat. Alex Aris),549,6,282481,68
47590,Dreamer - Nicky Romero Remix,18596,6,224762,52
47614,Lose Control,18691,6,145310,1
47670,No Sleep (feat. Bonn) - DubVision Remix,17981,6,239062,69
47705,High On Life (feat. Bonn),326,6,230762,77
47932,Virus (How About Now),18642,6,198387,43
47933,Virus (How About Now),19551,6,198387,43
47935,Wizard,6363,6,281260,38
47936,Wizard,19340,6,281260,38
47937,Helicopter - Video Edit,19553,6,206450,53
47944,Family,72,6,194827,85
47945,Family,521,6,194827,85
47958,Used To Love (with Dean Lewis),198,6,236765,83
47992,Gold,16406,6,171123,36
47995,Gold,16448,6,171123,36
48003,Push My Luck,523,6,181844,66
48026,Pizza,18620,6,133909,46
48163,Together,18691,6,198120,18
48209,Everything,16485,6,143564,38
48230,Forever,498,6,357920,2
48232,Forever,6257,6,357920,2
48236,Forever,16604,6,357920,2
48338,Access,21720,6,164310,18
48358,Don't Let Me Down - W&W Remix,501,6,195453,3
48359,Don't Let Me Down - W&W Remix,19749,6,195453,3
48399,Virus (How About Now) - Original Mix,18642,6,273765,0
48400,Virus (How About Now) - Original Mix,19551,6,273765,0
48728,Animals - Radio Edit,18699,6,176118,0
48729,Animals - Radio Edit,19380,6,176118,0
48730,Animals - Radio Edit,19936,6,176118,0
48731,Animals - Radio Edit,21852,6,176118,0
48745,Magic,10955,6,149414,55
48749,No Sleep (feat. Bonn),110,6,207095,76
48804,In the Name of Love,362,6,195707,80
48811,Magic,10955,6,290704,53
49131,Until You Were Gone,20144,6,215625,57
49135,Don't Let Me Down,1187,6,208373,81
49217,No Sleep (feat. Bonn) - DubVision Remix,17981,6,239062,69
49221,Family,72,6,194827,85
49222,Family,521,6,194827,85
49235,Hold On (feat. Michel Zitron),17939,6,244453,75
49254,Used To Love (with Dean Lewis),198,6,236765,83
49310,Takeaway - Andrew Rayel Remix,20224,6,180000,62
49321,Summer Days (feat. Macklemore & Patrick Stump of Fall Out Boy) - Tiësto Remix,18585,6,255238,10
49335,This Feeling - Tim Gunter Remix,20232,6,224013,38
49358,Sick Boy - Owen Norton Remix,20248,6,194267,38
49361,Everybody Hates Me - Khrebto Remix,20250,6,195493,41
49378,Roses - Zaxx Remix,18734,6,190267,52
49395,Closer - R3hab Remix,8200,6,161120,49
49440,These Are The Times (feat. JRM),233,6,188656,71
49452,Call You Mine,81,6,217653,62
49455,Acordeão,18691,6,131204,54
49679,Takeaway (feat. Lennon Stella),81,6,209893,67
49841,Overdose,14076,6,125997,47
49882,One Dance,1865,6,173987,68
49883,One Dance,2386,6,173987,68
49888,Bye Bye Bye,20447,6,200400,71
49928,Until You Were Gone - Reez Remix,20466,6,216267,38
49933,Don't Let Me Down - Hardwell & Sephyx Remix,20468,6,162440,59
49972,Inside Out - DubVision Remix,20490,6,299547,35
49989,Closer - R3hab Remix,8200,6,161120,51
49996,All We Know - Oliver Heldens Remix,12133,6,184253,43
49999,Paris - VINAI Remix,20507,6,218787,40
50002,In The Name Of Love - The Him Remix,18737,6,209280,50
50010,Scared To Be Lonely - DubVision Remix,18704,6,190866,44
50020,Something Just Like This - R3hab Remix,492,6,162880,42
50173,Poison,18660,6,151778,47
50343,God's Plan,2359,6,198973,86
50404,One Dance,1865,6,173987,83
50405,One Dance,2386,6,173987,83
50497,Who Do You Love - R3HAB Remix,20662,6,152120,61
50529,Everybody Hates Me - Steerner Remix,20250,6,176667,29
50543,You Owe Me - Subfer Remix,20689,6,236493,30
50575,Honest - Tritonal Remix,18623,6,259960,40
50583,There for You,2325,6,221904,74
50609,Scared To Be Lonely - Conro Remix,18707,6,202839,50
50648,Closer (feat. Halsey),135,6,244960,85
50666,Something Just Like This - Alesso Remix,492,6,252933,56
50721,In the Name of Love,362,6,195707,80
50744,Hotline Bling,1865,6,267067,77
50745,Hotline Bling,2386,6,267067,77
50793,Heroes (we could be),498,6,210013,73
50795,Heroes (we could be),6257,6,210013,73
50799,Heroes (we could be),16604,6,210013,73
50804,Don't Let Me Down - Illenium Remix,501,6,218933,64
50805,Don't Let Me Down - Illenium Remix,19749,6,218933,64
50874,Roses,152,6,226739,73
50925,Call You Mine,72,6,217653,39
50926,Call You Mine,521,6,217653,39
50994,Something Just Like This,1170,6,247627,76
51077,Scared to Be Lonely,139,6,220883,81
51114,Inside Out,20891,6,233773,59
51149,Gold,16406,6,225882,61
51152,Gold,16448,6,225882,61
51210,All We Know,2293,6,194080,70
51227,Setting Fires,20913,6,247427,53
51257,Paris,565,6,221520,75
51271,Wizard - Radio Edit,6363,6,202413,1
51272,Wizard - Radio Edit,19340,6,202413,1
51278,Animals - Original Mix,18699,6,304240,5
51279,Animals - Original Mix,19380,6,304240,5
51280,Animals - Original Mix,19936,6,304240,5
51281,Animals - Original Mix,21852,6,304240,5
51304,Helicopter - Video Edit,6362,6,206450,2
51305,Helicopter - Video Edit,18646,6,206450,2
51819,Sweet Escape,498,6,232533,56
51821,Sweet Escape,6257,6,232533,56
51825,Sweet Escape,16604,6,232533,56
51848,Everything - CAZZETTE Remix,16485,6,332529,25
51963,Takeaway - Andrew Rayel Remix,20224,6,180000,62
51964,Hold On (feat. Michel Zitron),17939,6,244453,75
51975,Mistaken (feat. Alex Aris),549,6,282481,68
51977,Dreamer - Nicky Romero Remix,18596,6,224762,52
51978,High On Life (feat. Bonn),326,6,230762,77
51983,So Far Away - Nicky Romero Remix,18751,6,342857,40
52007,You Owe Me - Magnace Remix,20689,6,207320,34
52009,Forever,498,6,218437,62
52011,Forever,6257,6,218437,62
52015,Forever,16604,6,218437,62
52021,Pizza,18620,6,255103,59
52029,Something Just Like This - Dimitri Vegas & Like Mike Remix,492,6,230573,50
52033,There For You - Madison Mars Remix,18621,6,175000,47
52034,Don't Let Me Down - W&W Remix,501,6,195453,0
52035,Don't Let Me Down - W&W Remix,19749,6,195453,0
52037,Byte,18708,6,285089,60
52038,Scared To Be Lonely - Brooks Remix,18704,6,200625,51
52041,Setting Fires - Blasterjaxx Remix,18764,6,212347,41
52044,In the Name of Love - DallasK Remix,18737,6,200597,59
52050,Together,18691,6,221274,49
52069,Sun Is Never Going Down (feat. Dawn Golden),2327,6,204418,52
52096,Spotless,2327,6,195005,53
52106,Inside Out - DubVision Remix,20490,6,299547,35
52224,I'm Only Shooting Love,741,6,293107,35
52226,I'm Only Shooting Love,2850,6,293107,35
52228,I'm Only Shooting Love,5530,6,293107,35
52229,I'm Only Shooting Love,5535,6,293107,35
52230,I'm Only Shooting Love,5630,6,293107,35
52231,I'm Only Shooting Love,5633,6,293107,35
52234,I'm Only Shooting Love,6183,6,293107,35
52235,I'm Only Shooting Love,6234,6,293107,35
52236,I'm Only Shooting Love,6555,6,293107,35
52237,I'm Only Shooting Love,6830,6,293107,35
52238,I'm Only Shooting Love,6872,6,293107,35
52239,I'm Only Shooting Love,8442,6,293107,35
52240,I'm Only Shooting Love,8676,6,293107,35
52241,I'm Only Shooting Love,8778,6,293107,35
52242,I'm Only Shooting Love,9048,6,293107,35
52243,I'm Only Shooting Love,9072,6,293107,35
52244,I'm Only Shooting Love,9120,6,293107,35
52245,I'm Only Shooting Love,9175,6,293107,35
52247,I'm Only Shooting Love,9283,6,293107,35
52248,I'm Only Shooting Love,9458,6,293107,35
52249,I'm Only Shooting Love,9465,6,293107,35
52250,I'm Only Shooting Love,9505,6,293107,35
52251,I'm Only Shooting Love,9507,6,293107,35
52252,I'm Only Shooting Love,9519,6,293107,35
52253,I'm Only Shooting Love,9643,6,293107,35
52254,I'm Only Shooting Love,9669,6,293107,35
52255,I'm Only Shooting Love,9689,6,293107,35
52256,I'm Only Shooting Love,9692,6,293107,35
52257,I'm Only Shooting Love,9806,6,293107,35
52259,I'm Only Shooting Love,10372,6,293107,35
52261,I'm Only Shooting Love,10544,6,293107,35
52262,I'm Only Shooting Love,10928,6,293107,35
52263,I'm Only Shooting Love,11131,6,293107,35
52264,I'm Only Shooting Love,11327,6,293107,35
52265,I'm Only Shooting Love,11333,6,293107,35
52266,I'm Only Shooting Love,11339,6,293107,35
52267,I'm Only Shooting Love,11387,6,293107,35
52268,I'm Only Shooting Love,11404,6,293107,35
52269,I'm Only Shooting Love,12845,6,293107,35
52270,I'm Only Shooting Love,12897,6,293107,35
52271,I'm Only Shooting Love,12903,6,293107,35
52273,I'm Only Shooting Love,14029,6,293107,35
52275,I'm Only Shooting Love,15128,6,293107,35
52276,I'm Only Shooting Love,16344,6,293107,35
52277,I'm Only Shooting Love,16536,6,293107,35
52278,I'm Only Shooting Love,16537,6,293107,35
52279,I'm Only Shooting Love,16624,6,293107,35
52280,I'm Only Shooting Love,16641,6,293107,35
52281,I'm Only Shooting Love,16664,6,293107,35
52282,I'm Only Shooting Love,16793,6,293107,35
52310,005A1,10957,6,347187,34
52355,Helicopter - Video Edit,19553,6,206450,53
52356,Animals - Victor Niglio & Martin Garrix Festival Trap Remix,21434,6,198466,41
52429,Virus (How About Now) - Original Mix,18642,6,273765,0
52430,Virus (How About Now) - Original Mix,19551,6,273765,0
52463,Cool,498,6,221400,60
52465,Cool,6257,6,221400,60
52469,Cool,16604,6,221400,60
52512,If I Lose Myself - Alesso vs OneRepublic,498,6,213480,55
52514,If I Lose Myself - Alesso vs OneRepublic,6257,6,213480,55
52518,If I Lose Myself - Alesso vs OneRepublic,16604,6,213480,55
52988,Magic,10955,6,149414,55
52999,Waiting For Tomorrow (feat. Mike Shinoda),21714,6,247505,56
53012,Access,21720,6,195454,49
53014,Latency,21721,6,204375,53
53021,Burn Out (feat. Dewain Whitmore),330,6,200322,68
53098,Forever,498,6,204489,37
53100,Forever,6257,6,204489,37
53104,Forever,16604,6,204489,37
53117,Magic,10955,6,172515,36
53151,All This Love,498,6,251399,0
53153,All This Love,6257,6,251399,0
53157,All This Love,16604,6,251399,0
53180,Cool,498,6,221399,1
53182,Cool,6257,6,221399,1
53186,Cool,16604,6,221399,1
53195,Don't Look Down,19335,6,223140,66
53205,Forbidden Voices,2587,6,230635,5
53214,Heroes (we could be),498,6,210013,6
53216,Heroes (we could be),6257,6,210013,6
53220,Heroes (we could be),16604,6,210013,6
53237,If It Wasn't For You,498,6,232479,0
53239,If It Wasn't For You,6257,6,232479,0
53243,If It Wasn't For You,16604,6,232479,0
53250,In My Blood,498,6,182999,0
53252,In My Blood,6257,6,182999,0
53256,In My Blood,16604,6,182999,0
53281,Lions in the Wild,513,6,211890,2
53290,Now That I've Found You (feat. John & Michel),18668,6,192632,4
53316,Sweet Escape,498,6,232533,1
53318,Sweet Escape,6257,6,232533,1
53322,Sweet Escape,16604,6,232533,1
53332,Together - Radio Edit,18691,6,196000,18
53389,Animals - Original Mix,18699,6,304229,5
53390,Animals - Original Mix,19380,6,304229,5
53391,Animals - Original Mix,19936,6,304229,5
53392,Animals - Original Mix,21852,6,304229,5
53447,Helicopter - Original Edit,6362,6,202507,2
53448,Helicopter - Original Edit,18646,6,202507,2
53580,Beach House - Ashworth Remix,21944,6,204453,51
53611,Glitch,337,6,185161,56
53635,Hold On (feat. Michel Zitron) - Julian Jordan Remix,17981,6,279979,54
53640,Used To Love (with Dean Lewis) - SWACQ Remix,17972,6,220800,58
53676,Mistaken (feat. Alex Aris) - Club Mix,549,6,282476,50
53677,No Sleep (feat. Bonn),110,6,207095,76
53681,Gold Skies - Tiësto Remix,19338,6,306133,34
53691,Virus (How About Now),18642,6,198387,43
53692,Virus (How About Now),19551,6,198387,43
53703,Breach (Walk Alone),18506,6,178125,52
53705,Lions in the Wild,513,6,211890,57
53724,Waiting For Tomorrow (feat. Mike Shinoda),18506,6,247505,59
53732,Party Time,18691,6,166560,55
53978,Party Time,18691,6,166560,2
53985,Heart,8535,6,140634,27
